id_municipio,nome_municipio,sigla_uf,nome_regiao,indicador_2025,meta_2026,salto_necessario_pp,nivel_previsto_2026,folga_prevista_pp,risco_2026,risco_2026_sem_efeito_ano,distorcao_ai_pct,ideb_ultimo,inse_medio,populacao,posicao
4310553,Itacurubi,RS,Sul,20.59,80.0,59.41,44.38,-35.62,1.0,1.0,6.1,6.1,5.07,2995.0,1
4301909,Barra do Ribeiro,RS,Sul,37.81,73.9,36.09,45.78,-28.12,0.99,1.0,9.5,5.4,5.31,12225.0,2
4319364,São Pedro das Missões,RS,Sul,,80.0,,52.34,-27.66,0.99,1.0,4.5,,5.04,1757.0,3
4300638,Amaral Ferrador,RS,Sul,24.62,74.91,50.29,48.18,-26.73,0.99,1.0,7.4,5.3,4.88,5310.0,4
4307401,Esmeralda,RS,Sul,35.56,80.0,44.44,53.91,-26.09,0.99,0.99,5.2,5.9,5.33,3195.0,5
4314209,Pedro Osório,RS,Sul,36.84,73.44,36.6,47.52,-25.92,0.99,0.99,14.2,5.6,5.12,7484.0,6
4305124,Cerrito,RS,Sul,53.7,77.28,23.58,51.69,-25.59,0.99,0.99,8.5,5.4,5.09,5808.0,7
4315602,Rio Grande,RS,Sul,35.73,66.59,30.86,41.18,-25.41,0.99,0.99,15.7,5.5,5.29,191900.0,8
4314100,Passo Fundo,RS,Sul,39.33,68.81,29.48,45.44,-23.37,0.99,0.99,11.8,5.7,5.47,206215.0,9
4318309,São Gabriel,RS,Sul,44.2,70.12,25.92,46.81,-23.31,0.99,0.99,14.8,5.6,5.36,58487.0,10
4318705,São Leopoldo,RS,Sul,40.39,68.04,27.65,45.04,-23.0,0.98,0.99,10.5,5.5,5.44,217409.0,11
4323804,Xangri-lá,RS,Sul,,67.95,,45.36,-22.59,0.98,0.99,7.2,5.5,5.46,16463.0,12
4301305,Arroio Grande,RS,Sul,31.14,69.55,38.41,47.03,-22.52,0.98,0.99,12.1,5.9,5.14,17558.0,13
4315552,Rio dos Índios,RS,Sul,50.93,80.0,29.07,57.83,-22.17,0.98,0.99,5.4,6.9,5.56,2835.0,14
4308409,Formigueiro,RS,Sul,42.11,80.0,37.89,58.01,-21.99,0.98,0.99,5.9,6.1,5.35,6413.0,15
4319604,São Sepé,RS,Sul,30.18,80.0,49.82,58.08,-21.92,0.98,0.99,3.1,6.4,5.28,21219.0,16
4302501,Bossoroca,RS,Sul,16.67,64.43,47.76,42.64,-21.79,0.98,0.99,4.1,6.5,5.24,5890.0,17
4304663,Capão do Leão,RS,Sul,32.59,63.74,31.15,42.01,-21.72,0.98,0.99,14.7,5.1,5.17,26487.0,18
4318408,São Jerônimo,RS,Sul,48.9,80.0,31.1,58.37,-21.63,0.98,0.99,6.5,6.2,5.29,21028.0,19
4313508,Osório,RS,Sul,46.42,73.48,27.06,51.9,-21.58,0.98,0.99,8.3,6.1,5.64,47396.0,20
4304408,Canela,RS,Sul,47.32,79.25,31.93,57.82,-21.43,0.98,0.99,6.8,6.2,5.49,48946.0,21
4309209,Gravataí,RS,Sul,45.99,71.38,25.39,49.99,-21.39,0.98,0.99,10.2,5.9,5.4,265074.0,22
4301636,Balneário Pinhal,RS,Sul,,68.73,,47.45,-21.28,0.98,0.98,17.4,5.4,5.32,14955.0,23
4319125,São Martinho da Serra,RS,Sul,50.0,78.03,28.03,56.9,-21.13,0.98,0.98,7.0,6.1,5.05,2860.0,24
4307104,Herval,RS,Sul,,65.9,,44.94,-20.96,0.98,0.98,12.5,5.6,5.06,6191.0,25
4314902,Porto Alegre,RS,Sul,26.74,58.99,32.25,38.1,-20.89,0.98,0.98,12.3,5.4,5.21,1332845.0,26
4303103,Cachoeirinha,RS,Sul,46.41,68.56,22.15,47.9,-20.66,0.97,0.98,11.4,5.9,5.42,136258.0,27
4304606,Canoas,RS,Sul,41.9,66.07,24.17,45.85,-20.23,0.97,0.98,12.6,5.5,5.36,347657.0,28
4317707,Santo Antônio das Missões,RS,Sul,39.53,76.43,36.9,56.24,-20.18,0.97,0.98,6.6,6.1,5.14,10300.0,29
4311718,Maçambará,RS,Sul,45.97,73.07,27.1,53.02,-20.05,0.97,0.98,5.0,5.8,5.32,4425.0,30
4311775,Maquiné,RS,Sul,11.11,70.81,59.7,50.79,-20.02,0.97,0.98,5.1,6.2,5.37,7418.0,31
2412005,São Gonçalo do Amarante,RN,Nordeste,37.44,65.65,28.21,45.75,-19.9,0.97,0.98,12.7,4.7,4.59,115838.0,32
4315800,Roca Sales,RS,Sul,51.47,77.57,26.1,57.81,-19.76,0.97,0.98,11.2,5.6,5.34,10418.0,33
4323002,Viamão,RS,Sul,41.05,68.97,27.92,49.48,-19.5,0.97,0.98,9.8,5.7,5.23,224112.0,34
4317103,Sant'Ana do Livramento,RS,Sul,46.58,64.3,17.72,44.97,-19.33,0.97,0.98,11.1,5.8,5.18,84421.0,35
4301602,Bagé,RS,Sul,51.19,70.56,19.37,51.3,-19.26,0.97,0.98,8.6,5.7,5.22,117938.0,36
4310330,Imbé,RS,Sul,45.46,72.62,27.16,53.53,-19.09,0.97,0.98,9.5,6.2,5.46,26824.0,37
4305355,Charqueadas,RS,Sul,43.8,71.44,27.64,52.58,-18.86,0.96,0.98,10.4,6.2,5.56,35012.0,38
4321600,Tramandaí,RS,Sul,42.55,66.7,24.15,47.87,-18.83,0.96,0.98,10.7,5.9,5.3,54387.0,39
4316907,Santa Maria,RS,Sul,47.89,72.23,24.34,53.47,-18.76,0.96,0.98,8.8,5.9,5.41,271735.0,40
2400307,Afonso Bezerra,RN,Nordeste,18.91,58.66,39.75,39.92,-18.74,0.96,0.98,6.1,4.5,4.3,10839.0,41
4317301,Santa Vitória do Palmar,RS,Sul,35.87,67.53,31.66,48.84,-18.68,0.96,0.98,9.9,6.0,5.2,30983.0,42
2409332,Santa Maria,RN,Nordeste,20.91,63.34,42.43,44.84,-18.5,0.96,0.97,17.5,4.7,4.31,4847.0,43
4312138,Mato Castelhano,RS,Sul,,78.04,,59.6,-18.44,0.96,0.97,5.8,,5.7,2553.0,44
2411502,Santo Antônio,RN,Nordeste,45.75,72.83,27.08,54.67,-18.15,0.96,0.97,10.7,5.3,4.41,22177.0,45
4318804,São Lourenço do Sul,RS,Sul,59.21,79.48,20.27,61.43,-18.05,0.96,0.97,10.4,5.9,5.43,41989.0,46
4313060,Nova Hartz,RS,Sul,46.88,75.7,28.82,57.68,-18.02,0.96,0.97,5.2,6.6,5.32,20088.0,47
4300604,Alvorada,RS,Sul,40.52,62.61,22.09,44.61,-18.0,0.96,0.97,11.1,5.6,5.24,187315.0,48
4305108,Caxias do Sul,RS,Sul,52.9,74.18,21.28,56.19,-17.99,0.96,0.97,6.4,6.1,5.53,463501.0,49
4304507,Canguçu,RS,Sul,59.13,79.83,20.7,62.08,-17.75,0.95,0.97,8.5,6.5,5.34,49680.0,50
4306379,Dilermando de Aguiar,RS,Sul,46.46,73.23,26.77,55.7,-17.53,0.95,0.97,15.4,,5.12,2806.0,51
4311502,Lavras do Sul,RS,Sul,31.81,68.48,36.67,50.99,-17.5,0.95,0.97,10.9,5.9,5.31,7157.0,52
3505401,Barra do Turvo,SP,Sudeste,46.49,80.0,33.51,62.56,-17.44,0.95,0.97,3.1,5.5,4.89,6876.0,53
4319737,São Valério do Sul,RS,Sul,40.0,75.36,35.36,57.94,-17.42,0.95,0.97,11.1,,5.53,2543.0,54
4306924,Engenho Velho,RS,Sul,46.15,78.28,32.13,60.93,-17.35,0.95,0.97,4.1,5.7,4.96,1296.0,55
4302808,Caçapava do Sul,RS,Sul,41.46,66.9,25.44,49.57,-17.32,0.95,0.97,11.3,5.9,5.39,32515.0,56
4304655,Capão do Cipó,RS,Sul,71.43,80.0,8.57,62.75,-17.25,0.95,0.97,1.0,5.4,5.55,3119.0,57
4321477,Tiradentes do Sul,RS,Sul,,80.0,,63.0,-17.0,0.95,0.97,5.4,6.9,5.33,5129.0,58
3129103,Gurinhatã,MG,Sudeste,19.05,78.28,59.23,61.36,-16.93,0.95,0.97,1.2,6.6,5.13,5192.0,59
4311155,Jóia,RS,Sul,,69.99,,53.23,-16.75,0.95,0.96,5.0,6.2,5.22,7184.0,60
4306601,Dom Pedrito,RS,Sul,47.54,68.26,20.72,51.6,-16.66,0.94,0.96,12.5,5.9,5.26,36981.0,61
3167103,Serro,MG,Sudeste,,80.0,,63.36,-16.64,0.94,0.96,0.8,6.1,4.54,21952.0,62
4301057,Arroio do Sal,RS,Sul,45.16,73.32,28.16,56.68,-16.63,0.94,0.96,8.4,6.4,5.46,11057.0,63
4318507,São José do Norte,RS,Sul,35.45,66.45,31.0,49.86,-16.59,0.94,0.96,14.2,5.8,5.09,25443.0,64
4313409,Novo Hamburgo,RS,Sul,46.83,70.74,23.91,54.15,-16.59,0.94,0.96,3.7,6.2,5.45,227646.0,65
4311007,Jaguarão,RS,Sul,43.39,63.49,20.1,46.96,-16.53,0.94,0.96,14.0,5.7,5.34,26603.0,66
4318101,São Francisco de Assis,RS,Sul,43.9,68.64,24.74,52.16,-16.48,0.94,0.96,3.8,6.2,5.17,17618.0,67
3510153,Canitar,SP,Sudeste,54.44,80.0,25.56,63.67,-16.33,0.94,0.96,2.0,6.2,5.04,6283.0,68
2100436,Alto Alegre do Maranhão,MA,Nordeste,50.59,74.74,24.15,58.43,-16.3,0.94,0.96,6.8,4.7,4.25,24048.0,69
4309654,Hulha Negra,RS,Sul,53.13,74.72,21.59,58.7,-16.01,0.94,0.96,3.9,5.6,5.18,5976.0,70
4305454,Cidreira,RS,Sul,29.89,60.56,30.67,44.65,-15.91,0.94,0.95,17.3,5.6,5.3,17071.0,71
4312401,Montenegro,RS,Sul,48.56,72.54,23.98,56.75,-15.79,0.94,0.95,6.4,6.1,5.49,64322.0,72
4307708,Esteio,RS,Sul,53.21,71.25,18.04,55.47,-15.78,0.94,0.95,4.6,6.2,5.39,76137.0,73
4314407,Pelotas,RS,Sul,29.25,54.0,24.75,38.38,-15.62,0.93,0.95,12.0,5.3,5.28,325685.0,74
3525102,Jardinópolis,SP,Sudeste,44.64,68.69,24.05,53.17,-15.52,0.93,0.95,6.1,5.8,5.29,45282.0,75
4309308,Guaíba,RS,Sul,41.23,64.28,23.05,48.79,-15.49,0.93,0.95,8.7,6.0,5.42,92924.0,76
4310603,Itaqui,RS,Sul,50.99,70.14,19.15,54.7,-15.44,0.93,0.95,7.6,6.0,5.25,35768.0,77
3518701,Guarujá,SP,Sudeste,38.71,63.5,24.79,48.07,-15.43,0.93,0.95,4.2,5.8,5.03,287634.0,78
2410256,Porto do Mangue,RN,Nordeste,36.22,68.71,32.49,53.45,-15.27,0.93,0.95,8.8,5.0,4.64,5228.0,79
4311809,Marau,RS,Sul,47.06,72.88,25.82,57.76,-15.12,0.93,0.95,4.8,6.2,5.54,45124.0,80
4302709,Butiá,RS,Sul,34.1,65.08,30.98,50.19,-14.9,0.93,0.94,9.0,5.8,5.31,19084.0,81
2107456,Olinda Nova do Maranhão,MA,Nordeste,43.98,80.0,36.02,65.13,-14.87,0.92,0.94,4.5,4.5,4.17,13577.0,82
4300455,Alegria,RS,Sul,,80.0,,65.16,-14.84,0.92,0.94,2.0,6.9,5.37,3651.0,83
4305306,Chapada,RS,Sul,58.0,77.41,19.41,62.63,-14.78,0.92,0.94,4.4,6.3,5.62,9540.0,84
4318002,São Borja,RS,Sul,45.53,72.27,26.74,57.62,-14.66,0.92,0.94,4.3,6.4,5.29,59676.0,85
4315404,Redentora,RS,Sul,70.31,80.0,9.69,65.38,-14.62,0.92,0.94,8.3,5.8,4.89,9738.0,86
4321436,Terra de Areia,RS,Sul,54.67,73.03,18.36,58.43,-14.6,0.92,0.94,12.4,5.9,5.45,10334.0,87
4317954,Santo Expedito do Sul,RS,Sul,,80.0,,65.56,-14.44,0.92,0.94,1.5,7.7,5.38,2349.0,88
4303004,Cachoeira do Sul,RS,Sul,45.72,68.27,22.55,53.87,-14.4,0.92,0.94,9.1,6.2,5.29,80070.0,89
4208302,Itapema,SC,Sul,56.01,73.03,17.02,58.71,-14.32,0.92,0.93,6.9,6.4,5.52,75940.0,90
4304358,Candiota,RS,Sul,39.95,63.84,23.89,49.68,-14.16,0.91,0.93,6.6,6.1,5.35,10710.0,91
1302553,Manaquiri,AM,Norte,21.87,62.84,40.97,48.71,-14.13,0.91,0.93,8.8,4.8,4.31,17107.0,92
3531100,Mongaguá,SP,Sudeste,46.68,64.0,17.32,49.95,-14.05,0.91,0.93,5.1,5.7,5.19,61951.0,93
4307500,Espumoso,RS,Sul,50.11,80.0,29.89,65.97,-14.03,0.91,0.93,3.4,6.7,5.65,15173.0,94
4313656,Palmares do Sul,RS,Sul,40.77,66.24,25.47,52.31,-13.93,0.91,0.93,12.6,5.9,5.32,12844.0,95
4304952,Caseiros,RS,Sul,41.3,80.0,38.7,66.1,-13.9,0.91,0.93,7.1,6.3,5.46,3000.0,96
4306429,Dois Irmãos das Missões,RS,Sul,50.0,79.19,29.19,65.54,-13.65,0.91,0.93,1.8,,4.95,2090.0,97
4305900,Coronel Bicaco,RS,Sul,49.77,79.55,29.78,65.9,-13.64,0.91,0.93,10.3,6.8,5.33,6144.0,98
2413102,Senador Elói de Souza,RN,Nordeste,27.42,69.47,42.05,55.83,-13.64,0.91,0.93,10.6,5.0,4.45,5965.0,99
4320552,Sertão Santana,RS,Sul,48.55,77.12,28.57,63.54,-13.57,0.91,0.92,7.3,6.5,5.34,5863.0,100
4319000,São Marcos,RS,Sul,61.78,80.0,18.22,66.5,-13.5,0.9,0.92,7.7,6.6,5.7,21084.0,101
4317251,Santa Tereza,RS,Sul,,80.0,,66.5,-13.5,0.9,0.92,4.8,,5.88,1505.0,102
3305554,Seropédica,RJ,Sudeste,44.68,62.57,17.89,49.11,-13.47,0.9,0.92,14.3,5.2,4.93,80596.0,103
4318903,São Luiz Gonzaga,RS,Sul,63.18,80.0,16.82,66.56,-13.44,0.9,0.92,6.1,6.3,5.39,34752.0,104
3519006,Herculândia,SP,Sudeste,50.17,80.0,29.83,66.59,-13.41,0.9,0.92,0.8,6.1,5.3,9125.0,105
4311403,Lajeado,RS,Sul,58.46,77.06,18.6,63.67,-13.39,0.9,0.92,3.4,6.5,5.57,93646.0,106
4320008,Sapucaia do Sul,RS,Sul,54.41,69.11,14.7,55.85,-13.27,0.9,0.92,8.9,6.1,5.41,132107.0,107
4304705,Carazinho,RS,Sul,50.67,71.5,20.83,58.53,-12.97,0.9,0.92,4.5,6.4,5.5,61804.0,108
4313375,Nova Santa Rita,RS,Sul,49.0,68.17,19.17,55.26,-12.91,0.9,0.92,7.9,6.2,5.4,29024.0,109
3518859,Guatapará,SP,Sudeste,27.87,71.84,43.97,58.94,-12.9,0.9,0.92,4.6,6.4,5.2,7320.0,110
4310876,Jacuizinho,RS,Sul,11.11,65.16,54.05,52.25,-12.9,0.9,0.92,5.5,,5.06,2040.0,111
4319901,Sapiranga,RS,Sul,57.76,76.06,18.3,63.2,-12.85,0.89,0.91,7.2,6.6,5.39,75648.0,112
4314027,Paraíso do Sul,RS,Sul,81.34,80.0,-1.34,67.22,-12.78,0.89,0.91,7.3,6.1,5.53,6519.0,113
4305173,Cerro Grande do Sul,RS,Sul,29.15,68.27,39.12,55.54,-12.74,0.89,0.91,8.7,5.8,5.1,9178.0,114
2807006,São Miguel do Aleixo,SE,Nordeste,15.74,58.17,42.43,45.48,-12.69,0.89,0.91,11.6,4.3,4.31,3434.0,115
4321956,Trindade do Sul,RS,Sul,53.82,80.0,26.18,67.34,-12.66,0.89,0.91,2.3,6.6,5.26,7556.0,116
4317509,Santo Ângelo,RS,Sul,52.21,71.75,19.54,59.09,-12.66,0.89,0.91,7.6,6.2,5.36,76917.0,117
4314506,Pinheiro Machado,RS,Sul,52.31,73.13,20.82,60.51,-12.63,0.89,0.91,9.0,5.8,5.29,11214.0,118
2412609,São Paulo do Potengi,RN,Nordeste,35.59,66.63,31.04,54.13,-12.5,0.89,0.91,11.6,4.7,4.52,16786.0,119
4313953,Pantano Grande,RS,Sul,54.92,75.93,21.01,63.47,-12.46,0.89,0.91,5.1,6.1,5.33,10212.0,120
4302006,Barros Cassal,RS,Sul,15.38,64.98,49.6,52.61,-12.37,0.89,0.91,6.5,6.0,5.07,9296.0,121
4304200,Candelária,RS,Sul,67.34,77.43,10.09,65.14,-12.29,0.88,0.91,8.0,6.3,5.23,28906.0,122
4303905,Campo Bom,RS,Sul,63.2,78.51,15.31,66.43,-12.08,0.88,0.9,1.4,7.0,5.5,62886.0,123
4314498,Pinheirinho do Vale,RS,Sul,51.28,80.0,28.72,67.92,-12.08,0.88,0.9,8.7,,5.11,4540.0,124
4314175,Pedras Altas,RS,Sul,,71.92,,59.89,-12.03,0.88,0.9,5.7,,5.55,2061.0,125
4312377,Monte Alegre dos Campos,RS,Sul,50.0,71.19,21.19,59.17,-12.02,0.88,0.9,8.4,6.0,5.1,3180.0,126
4302303,Bom Jesus,RS,Sul,53.59,75.96,22.37,63.98,-11.99,0.88,0.9,6.5,6.2,5.33,11202.0,127
4321303,Taquari,RS,Sul,39.33,64.22,24.89,52.28,-11.94,0.88,0.9,5.8,6.1,5.54,25198.0,128
4309100,Gramado,RS,Sul,71.92,79.48,7.56,67.54,-11.94,0.88,0.9,5.2,6.7,5.59,40134.0,129
4308508,Frederico Westphalen,RS,Sul,41.36,71.17,29.81,59.26,-11.91,0.88,0.9,4.1,7.0,5.52,32627.0,130
3300456,Belford Roxo,RJ,Sudeste,35.63,55.81,20.18,43.99,-11.83,0.87,0.9,20.5,4.8,4.77,483087.0,131
3518107,Guarantã,SP,Sudeste,55.09,73.04,17.95,61.27,-11.77,0.87,0.9,1.1,5.5,5.17,6427.0,132
2502706,Borborema,PB,Nordeste,51.8,80.0,28.2,68.27,-11.73,0.87,0.9,11.5,4.1,4.22,4214.0,133
4311429,Lajeado do Bugre,RS,Sul,,67.53,,55.81,-11.72,0.87,0.9,10.6,6.6,5.03,2601.0,134
4305871,Coronel Barros,RS,Sul,,80.0,,68.29,-11.71,0.87,0.9,3.2,6.2,5.55,2822.0,135
4306908,Encruzilhada do Sul,RS,Sul,48.96,71.5,22.54,59.84,-11.66,0.87,0.9,12.1,6.4,5.27,23819.0,136
4322509,Vacaria,RS,Sul,54.67,72.55,17.88,60.91,-11.65,0.87,0.9,5.9,6.3,5.5,64197.0,137
4307807,Estrela,RS,Sul,59.34,73.39,14.05,61.75,-11.63,0.87,0.89,4.7,6.6,5.54,32183.0,138
4303608,Cambará do Sul,RS,Sul,40.0,69.55,29.55,57.93,-11.62,0.87,0.89,4.9,5.9,5.47,6361.0,139
3546801,Santa Isabel,SP,Sudeste,59.45,75.78,16.33,64.18,-11.6,0.87,0.89,2.8,6.6,5.24,53174.0,140
3542404,Regente Feijó,SP,Sudeste,57.84,78.72,20.88,67.27,-11.45,0.87,0.89,1.5,6.8,5.38,20145.0,141
4302105,Bento Gonçalves,RS,Sul,69.72,78.53,8.81,67.1,-11.43,0.87,0.89,7.2,6.5,5.56,123151.0,142
3554953,Tuiuti,SP,Sudeste,55.97,72.43,16.46,61.0,-11.43,0.87,0.89,1.2,5.7,5.31,6778.0,143
4316451,Salto do Jacuí,RS,Sul,62.32,80.0,17.68,68.6,-11.4,0.87,0.89,7.1,6.8,5.47,10203.0,144
4302154,Boa Vista das Missões,RS,Sul,45.45,78.43,32.98,67.04,-11.39,0.87,0.89,4.8,6.1,5.25,1933.0,145
4305371,Charrua,RS,Sul,11.76,67.86,56.1,56.48,-11.38,0.87,0.89,3.4,7.4,5.56,2768.0,146
4322806,Veranópolis,RS,Sul,59.68,78.4,18.72,67.06,-11.34,0.86,0.89,3.7,6.3,5.6,24021.0,147
3516002,Flórida Paulista,SP,Sudeste,61.85,80.0,18.15,68.7,-11.3,0.86,0.89,2.2,6.2,5.21,12958.0,148
3301702,Duque de Caxias,RJ,Sudeste,46.89,62.92,16.03,51.65,-11.27,0.86,0.89,25.3,4.9,4.83,808161.0,149
4301859,Barra do Guarita,RS,Sul,37.06,72.61,35.55,61.37,-11.24,0.86,0.88,5.5,5.8,5.33,3161.0,150
3547601,Santa Rosa de Viterbo,SP,Sudeste,63.39,76.9,13.51,65.71,-11.19,0.86,0.88,4.7,6.2,5.29,23411.0,151
4303301,Caibaté,RS,Sul,62.61,80.0,17.39,68.82,-11.18,0.86,0.88,2.0,6.8,5.14,4704.0,152
3304904,São Gonçalo,RJ,Sudeste,46.71,62.13,15.42,50.98,-11.15,0.86,0.88,30.7,4.9,4.89,896744.0,153
4303202,Cacique Doble,RS,Sul,50.0,80.0,30.0,68.95,-11.05,0.86,0.88,3.6,6.7,5.36,4603.0,154
4301800,Barracão,RS,Sul,56.84,76.36,19.52,65.36,-11.0,0.86,0.88,1.4,6.7,5.43,4831.0,155
4315131,Pouso Novo,RS,Sul,68.18,80.0,11.82,69.04,-10.96,0.86,0.88,2.9,,5.52,1739.0,156
4320354,Sentinela do Sul,RS,Sul,49.74,76.61,26.87,65.69,-10.92,0.86,0.88,5.4,,5.17,5306.0,157
4321501,Torres,RS,Sul,54.92,70.99,16.07,60.08,-10.9,0.86,0.88,4.8,6.7,5.53,41751.0,158
4315701,Rio Pardo,RS,Sul,60.27,76.37,16.1,65.48,-10.89,0.85,0.88,3.6,6.6,5.28,34654.0,159
2403608,Extremoz,RN,Nordeste,38.83,63.38,24.55,52.52,-10.85,0.85,0.88,17.8,5.0,4.62,61635.0,160
4202008,Balneário Camboriú,SC,Sul,53.66,69.85,16.19,59.06,-10.79,0.85,0.88,10.2,6.0,5.44,139155.0,161
4200309,Agronômica,SC,Sul,40.6,77.71,37.11,66.94,-10.77,0.85,0.88,3.0,,5.55,6055.0,162
3539806,Poá,SP,Sudeste,55.52,66.74,11.22,56.0,-10.74,0.85,0.88,1.8,6.3,5.36,103765.0,163
4316808,Santa Cruz do Sul,RS,Sul,54.44,71.99,17.55,61.27,-10.72,0.85,0.88,7.3,6.6,5.5,133230.0,164
4319208,São Nicolau,RS,Sul,23.53,68.48,44.95,57.77,-10.72,0.85,0.88,2.6,6.3,5.12,5118.0,165
4322400,Uruguaiana,RS,Sul,60.03,70.2,10.17,59.53,-10.68,0.85,0.87,5.2,5.9,5.26,117210.0,166
4314050,Parobé,RS,Sul,46.4,68.45,22.05,57.81,-10.64,0.85,0.87,5.8,6.0,5.37,52058.0,167
3509403,Cajuru,SP,Sudeste,65.61,75.54,9.93,64.93,-10.61,0.85,0.87,1.7,5.7,5.2,23830.0,168
2606200,Goiana,PE,Nordeste,46.2,66.06,19.86,55.46,-10.6,0.85,0.87,15.5,4.8,4.47,81055.0,169
3507100,Bom Jesus dos Perdões,SP,Sudeste,59.05,74.55,15.5,64.01,-10.54,0.85,0.87,1.6,6.8,5.31,22006.0,170
4313391,Novo Cabrais,RS,Sul,77.87,80.0,2.13,69.47,-10.53,0.85,0.87,1.0,,5.37,3568.0,171
3542909,Ribeirão Bonito,SP,Sudeste,65.85,79.57,13.72,69.1,-10.46,0.84,0.87,2.8,5.9,5.1,10989.0,172
4311627,Lindolfo Collor,RS,Sul,55.75,73.36,17.61,62.91,-10.45,0.84,0.87,3.2,6.5,5.36,6248.0,173
4320859,Tabaí,RS,Sul,28.34,69.39,41.05,58.95,-10.44,0.84,0.87,5.8,6.0,5.62,4461.0,174
4302055,Benjamin Constant do Sul,RS,Sul,66.67,80.0,13.33,69.56,-10.44,0.84,0.87,8.8,,5.3,2082.0,175
3551801,Sete Barras,SP,Sudeste,56.01,72.98,16.97,62.57,-10.4,0.84,0.87,0.9,6.2,4.93,12730.0,176
3121704,Diogo de Vasconcelos,MG,Sudeste,,79.11,,68.72,-10.38,0.84,0.87,3.2,6.1,4.69,3549.0,177
3548500,Santos,SP,Sudeste,52.05,67.49,15.44,57.15,-10.34,0.84,0.87,5.1,6.1,5.16,418608.0,178
4302402,Bom Retiro do Sul,RS,Sul,57.09,78.98,21.89,68.75,-10.23,0.84,0.87,8.6,6.8,5.58,12294.0,179
4312252,Minas do Leão,RS,Sul,73.92,76.32,2.4,66.09,-10.22,0.84,0.87,13.7,5.8,5.29,7505.0,180
4319505,São Sebastião do Caí,RS,Sul,51.66,68.39,16.73,58.17,-10.21,0.84,0.87,12.4,6.4,5.57,24428.0,181
2414001,Tangará,RN,Nordeste,37.37,60.62,23.25,50.42,-10.2,0.84,0.87,8.9,4.4,4.44,13281.0,182
4311122,Jaquirana,RS,Sul,65.35,73.85,8.5,63.66,-10.19,0.84,0.87,3.9,5.7,5.29,3690.0,183
3540200,Pontal,SP,Sudeste,53.9,69.57,15.67,59.4,-10.17,0.84,0.86,1.9,6.2,5.03,37607.0,184
4322608,Venâncio Aires,RS,Sul,70.15,78.95,8.8,68.8,-10.16,0.84,0.86,6.9,6.8,5.45,68763.0,185
3521309,Ipuã,SP,Sudeste,55.47,78.37,22.9,68.27,-10.1,0.84,0.86,2.0,6.3,5.03,14454.0,186
3529708,Miguelópolis,SP,Sudeste,48.65,71.72,23.07,61.7,-10.02,0.83,0.86,6.5,5.9,5.14,19441.0,187
1713601,Monte do Carmo,TO,Norte,46.84,74.6,27.76,64.6,-10.0,0.83,0.86,6.2,4.2,4.59,5694.0,188
2100808,Anapurus,MA,Nordeste,41.26,80.0,38.74,70.0,-10.0,0.83,0.86,11.9,5.1,4.22,13793.0,189
4306700,Dona Francisca,RS,Sul,69.23,80.0,10.77,70.03,-9.97,0.83,0.86,2.5,5.6,5.35,3079.0,190
2403251,Parnamirim,RN,Nordeste,44.36,61.38,17.02,51.48,-9.9,0.83,0.86,12.1,5.1,4.85,252716.0,191
4319406,São Pedro do Sul,RS,Sul,47.13,78.4,31.27,68.52,-9.88,0.83,0.86,4.4,7.0,5.27,15577.0,192
2106805,Mirinzal,MA,Nordeste,57.0,80.0,23.0,70.13,-9.87,0.83,0.86,6.5,5.1,4.24,13978.0,193
4312807,Nova Araçá,RS,Sul,70.79,80.0,9.21,70.15,-9.85,0.83,0.86,1.9,6.2,5.34,4954.0,194
4314068,Passa Sete,RS,Sul,74.85,80.0,5.15,70.2,-9.8,0.83,0.86,4.2,,5.01,3983.0,195
4316600,Sananduva,RS,Sul,50.14,76.93,26.79,67.18,-9.75,0.83,0.86,2.1,6.8,5.66,16399.0,196
3510609,Carapicuíba,SP,Sudeste,45.09,61.88,16.79,52.18,-9.7,0.83,0.86,2.9,6.2,5.19,386984.0,197
4303509,Camaquã,RS,Sul,57.06,68.85,11.79,59.16,-9.69,0.83,0.86,4.4,6.4,5.31,62200.0,198
4213708,Pouso Redondo,SC,Sul,30.75,72.83,42.08,63.17,-9.66,0.82,0.85,6.9,6.4,5.53,17123.0,199
3541059,Pratânia,SP,Sudeste,40.87,67.55,26.68,57.9,-9.65,0.82,0.85,1.9,5.7,5.05,5126.0,200
4213609,Porto União,SC,Sul,47.54,74.88,27.34,65.29,-9.6,0.82,0.85,6.3,6.4,5.45,32970.0,201
5003751,Eldorado,MS,Centro-Oeste,56.15,77.45,21.3,67.88,-9.58,0.82,0.85,14.9,5.2,5.02,11386.0,202
4321667,Três Cachoeiras,RS,Sul,66.7,80.0,13.3,70.48,-9.52,0.82,0.85,3.4,7.0,5.53,10962.0,203
4306106,Cruz Alta,RS,Sul,54.37,68.24,13.87,58.72,-9.52,0.82,0.85,9.8,6.3,5.41,58913.0,204
4314779,Pontão,RS,Sul,58.62,78.61,19.99,69.1,-9.52,0.82,0.85,4.5,,5.46,3296.0,205
3516309,Francisco Morato,SP,Sudeste,52.07,64.77,12.7,55.28,-9.49,0.82,0.85,1.6,6.2,5.06,165139.0,206
4316402,Rosário do Sul,RS,Sul,31.19,56.1,24.91,46.62,-9.48,0.82,0.85,5.7,5.9,5.25,36630.0,207
4322004,Triunfo,RS,Sul,48.6,72.99,24.39,63.6,-9.39,0.82,0.85,6.7,6.2,5.47,27498.0,208
4307302,Erval Seco,RS,Sul,49.39,73.29,23.9,63.91,-9.38,0.82,0.85,0.8,,5.18,6787.0,209
4308052,Faxinalzinho,RS,Sul,59.13,78.97,19.84,69.7,-9.27,0.81,0.85,8.2,7.1,5.46,2520.0,210
4109500,Guaraqueçaba,PR,Sul,58.84,74.68,15.84,65.42,-9.27,0.81,0.85,12.6,5.2,4.88,7430.0,211
4208203,Itajaí,SC,Sul,50.88,67.83,16.95,58.62,-9.21,0.81,0.84,6.6,6.0,5.42,264054.0,212
4314472,Pinhal Grande,RS,Sul,,71.38,,62.21,-9.17,0.81,0.84,4.2,8.1,5.36,3805.0,213
4309001,Giruá,RS,Sul,63.08,77.94,14.86,68.79,-9.15,0.81,0.84,1.3,6.8,5.24,16013.0,214
4309704,Humaitá,RS,Sul,77.06,80.0,2.94,70.9,-9.1,0.81,0.84,7.1,6.1,5.7,4681.0,215
4322327,Turuçu,RS,Sul,52.45,80.0,27.55,70.91,-9.09,0.81,0.84,10.2,6.1,5.57,3419.0,216
3301801,Engenheiro Paulo de Frontin,RJ,Sudeste,47.87,71.06,23.19,61.98,-9.08,0.81,0.84,9.7,5.5,5.07,12242.0,217
3547700,Santo Anastácio,SP,Sudeste,70.14,79.99,9.85,70.94,-9.06,0.81,0.84,1.8,6.6,5.11,17963.0,218
4308706,Gaurama,RS,Sul,64.61,79.33,14.72,70.3,-9.03,0.81,0.84,11.0,6.0,5.67,5665.0,219
3516507,Gabriel Monteiro,SP,Sudeste,60.0,80.0,20.0,70.97,-9.03,0.81,0.84,0.0,5.6,5.34,2763.0,220
3551009,São Vicente,SP,Sudeste,43.4,60.72,17.32,51.7,-9.02,0.81,0.84,5.1,5.9,5.04,329911.0,221
2401909,Caiçara do Rio do Vento,RN,Nordeste,27.21,57.82,30.61,48.8,-9.02,0.81,0.84,7.8,4.8,4.47,3268.0,222
4306551,Dom Pedro de Alcântara,RS,Sul,62.91,80.0,17.09,70.98,-9.02,0.81,0.84,1.9,,5.65,2562.0,223
3503208,Araraquara,SP,Sudeste,52.2,67.47,15.27,58.46,-9.01,0.81,0.84,1.9,6.6,5.4,242228.0,224
3531506,Monte Azul Paulista,SP,Sudeste,59.39,76.13,16.74,67.19,-8.94,0.81,0.84,2.4,7.0,5.42,18151.0,225
4311601,Liberato Salzano,RS,Sul,61.82,76.33,14.51,67.4,-8.93,0.8,0.84,2.7,6.9,5.32,4781.0,226
4216305,São João Batista,SC,Sul,64.54,77.21,12.67,68.29,-8.92,0.8,0.84,7.7,6.0,5.5,32687.0,227
3512407,Cordeirópolis,SP,Sudeste,65.74,76.94,11.2,68.02,-8.91,0.8,0.84,0.8,6.9,5.37,24514.0,228
4303673,Campestre da Serra,RS,Sul,76.15,80.0,3.85,71.13,-8.87,0.8,0.84,5.4,6.7,5.58,3242.0,229
4318622,São José dos Ausentes,RS,Sul,51.97,70.35,18.38,61.48,-8.87,0.8,0.84,6.8,5.9,5.46,4172.0,230
4307609,Estância Velha,RS,Sul,55.99,73.21,17.22,64.35,-8.86,0.8,0.84,3.4,6.6,5.54,47924.0,231
4300877,Araricá,RS,Sul,61.71,77.61,15.9,68.76,-8.86,0.8,0.84,10.3,6.4,5.34,8525.0,232
4322301,Tuparendi,RS,Sul,59.08,80.0,20.92,71.25,-8.75,0.8,0.84,1.3,6.4,5.56,8363.0,233
2104552,Governador Edison Lobão,MA,Nordeste,67.49,80.0,12.51,71.26,-8.74,0.8,0.83,12.5,4.8,4.56,18411.0,234
3520202,Igaratá,SP,Sudeste,54.03,70.28,16.25,61.54,-8.74,0.8,0.83,5.5,5.9,5.3,10605.0,235
2406304,Lagoa de Pedras,RN,Nordeste,31.64,63.23,31.59,54.54,-8.68,0.8,0.83,9.4,4.9,4.26,7338.0,236
4321451,Teutônia,RS,Sul,65.59,80.0,14.41,71.39,-8.61,0.8,0.83,4.7,6.6,5.61,32797.0,237
3101508,Além Paraíba,MG,Sudeste,56.23,74.07,17.84,65.47,-8.6,0.8,0.83,3.1,5.7,4.91,30717.0,238
3525003,Jandira,SP,Sudeste,51.14,61.69,10.55,53.12,-8.57,0.79,0.83,1.9,5.8,5.19,118045.0,239
3543501,Riversul,SP,Sudeste,58.51,80.0,21.49,71.45,-8.55,0.79,0.83,0.8,5.9,5.1,5599.0,240
4312203,Maximiliano de Almeida,RS,Sul,52.31,80.0,27.69,71.49,-8.51,0.79,0.83,0.0,6.4,5.06,4191.0,241
2404606,Ielmo Marinho,RN,Nordeste,48.61,59.69,11.08,51.21,-8.48,0.79,0.83,9.4,4.1,4.25,11615.0,242
4320404,Serafina Corrêa,RS,Sul,69.75,80.0,10.25,71.52,-8.48,0.79,0.83,2.5,6.6,5.63,16961.0,243
4321808,Três de Maio,RS,Sul,64.07,79.45,15.38,70.99,-8.46,0.79,0.83,2.7,6.7,5.5,24916.0,244
4202453,Bombinhas,SC,Sul,56.29,69.96,13.67,61.54,-8.42,0.79,0.83,4.8,6.1,5.56,25058.0,245
3551504,Serrana,SP,Sudeste,49.46,62.28,12.82,53.86,-8.42,0.79,0.83,3.5,6.0,5.24,43909.0,246
4300406,Alegrete,RS,Sul,,66.47,,58.06,-8.41,0.79,0.82,7.1,6.2,5.31,72409.0,247
4210001,Luiz Alves,SC,Sul,60.45,80.0,19.55,71.72,-8.28,0.79,0.82,8.0,6.4,5.66,11684.0,248
3513504,Cubatão,SP,Sudeste,50.09,63.64,13.55,55.37,-8.26,0.79,0.82,7.4,5.9,5.09,112476.0,249
3516606,Gália,SP,Sudeste,63.24,79.38,16.14,71.16,-8.23,0.78,0.82,1.5,6.5,5.22,6380.0,250
4305702,Condor,RS,Sul,74.25,80.0,5.75,71.78,-8.22,0.78,0.82,3.2,7.0,5.56,6406.0,251
4201307,Araquari,SC,Sul,46.58,65.39,18.81,57.22,-8.17,0.78,0.82,4.7,5.4,5.37,45283.0,252
4317400,Santiago,RS,Sul,65.61,76.09,10.48,67.93,-8.16,0.78,0.82,5.1,6.8,5.48,48938.0,253
2409209,Passagem,RN,Nordeste,47.25,63.07,15.82,54.95,-8.11,0.78,0.82,25.5,4.7,4.55,3115.0,254
4321493,Toropi,RS,Sul,91.3,80.0,-11.3,71.9,-8.1,0.78,0.82,0.9,,5.23,2554.0,255
3302270,Japeri,RJ,Sudeste,40.86,58.44,17.58,50.34,-8.1,0.78,0.82,19.9,4.7,4.71,96289.0,256
4301073,Arroio do Padre,RS,Sul,57.84,80.0,22.16,71.94,-8.06,0.78,0.82,5.8,6.6,5.52,2599.0,257
3506003,Bauru,SP,Sudeste,45.99,61.08,15.09,53.03,-8.05,0.78,0.82,4.1,6.1,5.42,379146.0,258
4312302,Miraguaí,RS,Sul,66.67,79.42,12.75,71.41,-8.01,0.78,0.82,1.2,6.9,4.97,4427.0,259
2407807,Monte Alegre,RN,Nordeste,57.68,69.13,11.45,61.17,-7.96,0.78,0.81,10.9,5.0,4.32,23031.0,260
2402600,Ceará-Mirim,RN,Nordeste,32.25,49.0,16.75,41.07,-7.93,0.78,0.81,17.1,4.5,4.47,79115.0,261
4311106,Jaguari,RS,Sul,54.96,72.02,17.06,64.09,-7.93,0.78,0.81,7.6,6.5,5.48,10579.0,262
4322202,Tupanciretã,RS,Sul,70.38,75.61,5.23,67.7,-7.92,0.78,0.81,5.6,6.5,5.24,20005.0,263
3116001,Chalé,MG,Sudeste,36.3,80.0,43.7,72.09,-7.91,0.78,0.81,4.6,6.4,4.81,6075.0,264
4306130,Cruzaltense,RS,Sul,66.67,78.75,12.08,70.86,-7.9,0.77,0.81,1.2,,5.54,1635.0,265
3505609,Barrinha,SP,Sudeste,51.58,67.24,15.66,59.36,-7.88,0.77,0.81,1.5,6.0,5.23,32092.0,266
2403756,Fernando Pedroza,RN,Nordeste,34.92,54.62,19.7,46.75,-7.87,0.77,0.81,23.9,3.9,4.52,2938.0,267
4305009,Catuípe,RS,Sul,55.89,80.0,24.11,72.14,-7.86,0.77,0.81,3.3,7.0,5.43,8674.0,268
3519501,Ibirarema,SP,Sudeste,68.58,80.0,11.42,72.16,-7.84,0.77,0.81,1.0,6.6,5.31,6385.0,269
3511300,Cedral,SP,Sudeste,63.33,76.14,12.81,68.31,-7.82,0.77,0.81,1.0,6.9,5.61,12618.0,270
3553708,Taquaritinga,SP,Sudeste,58.67,70.62,11.95,62.81,-7.81,0.77,0.81,0.7,6.3,5.29,52260.0,271
3504503,Avaré,SP,Sudeste,55.99,68.28,12.29,60.47,-7.81,0.77,0.81,1.0,6.5,5.32,92805.0,272
3521002,Iperó,SP,Sudeste,44.98,59.48,14.5,51.68,-7.8,0.77,0.81,2.8,5.8,5.25,36459.0,273
4306403,Dois Irmãos,RS,Sul,66.94,79.12,12.18,71.34,-7.79,0.77,0.81,3.7,7.1,5.64,30709.0,274
2305407,Icó,CE,Nordeste,56.95,80.0,23.05,72.22,-7.78,0.77,0.81,2.8,6.6,4.22,62642.0,275
3513009,Cotia,SP,Sudeste,54.12,64.78,10.66,57.03,-7.75,0.77,0.81,4.4,6.2,5.3,274413.0,276
4314159,Paverama,RS,Sul,54.31,71.35,17.04,63.62,-7.73,0.77,0.81,7.8,6.5,5.49,7978.0,277
4211892,Painel,SC,Sul,75.0,80.0,5.0,72.28,-7.72,0.77,0.81,10.4,4.8,5.24,2215.0,278
2202109,Campinas do Piauí,PI,Nordeste,55.27,80.0,24.73,72.29,-7.71,0.77,0.81,4.9,4.6,4.33,4938.0,279
3514304,Dourado,SP,Sudeste,59.92,75.39,15.47,67.7,-7.69,0.77,0.81,0.2,6.6,5.34,8096.0,280
3508603,Cachoeira Paulista,SP,Sudeste,48.07,64.48,16.41,56.81,-7.67,0.77,0.81,2.4,5.9,5.18,31564.0,281
4216602,São José,SC,Sul,58.46,72.27,13.81,64.6,-7.67,0.77,0.81,7.6,6.5,5.42,270299.0,282
4304713,Caraá,RS,Sul,83.66,80.0,-3.66,72.34,-7.66,0.77,0.81,8.0,6.6,5.26,7394.0,283
3556008,Urupês,SP,Sudeste,60.77,80.0,19.23,72.37,-7.63,0.77,0.8,0.8,6.6,5.4,13744.0,284
4303558,Camargo,RS,Sul,76.94,80.0,3.06,72.4,-7.6,0.77,0.8,1.9,,5.68,2981.0,285
4302907,Cacequi,RS,Sul,53.36,64.83,11.47,57.23,-7.6,0.77,0.8,11.0,6.2,5.1,11157.0,286
4214805,Rio do Sul,SC,Sul,52.87,68.49,15.62,60.89,-7.6,0.77,0.8,6.4,5.9,5.63,72587.0,287
3510500,Caraguatatuba,SP,Sudeste,55.9,66.68,10.78,59.08,-7.6,0.77,0.8,1.4,6.4,5.27,134873.0,288
3151909,Pocrane,MG,Sudeste,,80.0,,72.41,-7.59,0.77,0.8,2.8,6.7,4.88,8350.0,289
4306205,Cruzeiro do Sul,RS,Sul,59.02,73.7,14.68,66.11,-7.59,0.77,0.8,5.5,6.1,5.53,11600.0,290
3502754,Araçariguama,SP,Sudeste,47.38,65.0,17.62,57.42,-7.58,0.77,0.8,6.9,5.9,5.16,21522.0,291
4313904,Panambi,RS,Sul,65.01,77.39,12.38,69.82,-7.57,0.76,0.8,7.4,6.8,5.67,43515.0,292
4212908,Pinhalzinho,SC,Sul,65.41,79.01,13.6,71.46,-7.56,0.76,0.8,5.3,6.7,5.61,21972.0,293
3540606,Porto Feliz,SP,Sudeste,73.26,76.51,3.25,68.97,-7.54,0.76,0.8,1.1,6.4,5.39,56497.0,294
3534401,Osasco,SP,Sudeste,50.03,62.28,12.25,54.75,-7.53,0.76,0.8,2.0,6.3,5.24,728615.0,295
3305109,São João de Meriti,RJ,Sudeste,38.15,57.56,19.41,50.04,-7.52,0.76,0.8,21.1,5.3,4.8,440962.0,296
3508504,Caçapava,SP,Sudeste,54.45,66.01,11.56,58.66,-7.36,0.76,0.79,6.7,6.1,5.33,96202.0,297
1506005,Prainha,PA,Norte,43.06,68.2,25.14,60.85,-7.35,0.76,0.79,12.7,4.5,3.89,35577.0,298
4322541,Vale Real,RS,Sul,59.68,77.94,18.26,70.6,-7.34,0.76,0.79,8.0,6.7,5.74,6058.0,299
2601409,Barreiros,PE,Nordeste,54.1,70.44,16.34,63.15,-7.29,0.76,0.79,5.5,5.1,4.38,40121.0,300
3556909,Vista Alegre do Alto,SP,Sudeste,68.02,80.0,11.98,72.71,-7.29,0.76,0.79,2.2,6.8,5.04,8109.0,301
4303400,Caiçara,RS,Sul,40.0,79.19,39.19,71.9,-7.29,0.76,0.79,0.5,6.3,5.25,4836.0,302
3525508,Joanópolis,SP,Sudeste,62.95,75.59,12.64,68.3,-7.28,0.76,0.79,3.3,6.8,5.32,12815.0,303
3541000,Praia Grande,SP,Sudeste,52.06,64.81,12.75,57.56,-7.25,0.75,0.79,6.4,6.1,5.23,349935.0,304
3550605,São Roque,SP,Sudeste,54.68,65.64,10.96,58.39,-7.24,0.75,0.79,3.4,6.2,5.32,79484.0,305
4319802,São Vicente do Sul,RS,Sul,76.56,78.5,1.94,71.27,-7.23,0.75,0.79,6.8,6.5,5.37,8097.0,306
3552403,Sumaré,SP,Sudeste,57.88,65.94,8.06,58.74,-7.2,0.75,0.79,3.4,6.1,5.39,279545.0,307
2100402,Altamira do Maranhão,MA,Nordeste,62.15,80.0,17.85,72.82,-7.18,0.75,0.79,10.0,5.3,4.28,6447.0,308
4321352,Tavares,RS,Sul,58.54,72.42,13.88,65.25,-7.17,0.75,0.79,6.7,6.3,5.13,5212.0,309
2414803,Vera Cruz,RN,Nordeste,56.58,68.91,12.33,61.74,-7.17,0.75,0.79,7.6,5.1,4.46,10735.0,310
2302701,Campos Sales,CE,Nordeste,57.68,80.0,22.32,72.84,-7.16,0.75,0.79,1.6,5.7,4.29,25135.0,311
3522505,Itapevi,SP,Sudeste,54.75,64.57,9.82,57.41,-7.15,0.75,0.79,1.5,6.3,5.16,232297.0,312
4315008,Porto Lucena,RS,Sul,61.11,79.19,18.08,72.06,-7.13,0.75,0.79,4.9,6.5,5.39,4360.0,313
4305132,Cerro Branco,RS,Sul,72.22,75.59,3.37,68.48,-7.11,0.75,0.79,5.3,,5.12,3802.0,314
4304630,Capão da Canoa,RS,Sul,40.68,51.0,10.32,43.9,-7.1,0.75,0.79,14.4,5.8,5.35,63594.0,315
3504800,Bálsamo,SP,Sudeste,58.98,80.0,21.02,72.92,-7.08,0.75,0.78,1.6,7.6,5.49,9596.0,316
4306973,Erebango,RS,Sul,66.67,76.35,9.68,69.3,-7.05,0.75,0.78,9.3,6.1,5.39,3054.0,317
2408102,Natal,RN,Nordeste,40.28,55.67,15.39,48.62,-7.05,0.75,0.78,11.8,5.0,4.66,751300.0,318
4319109,São Martinho,RS,Sul,56.8,80.0,23.2,72.96,-7.04,0.75,0.78,5.1,6.4,5.72,5481.0,319
1303304,Novo Aripuanã,AM,Norte,64.57,80.0,15.43,72.98,-7.02,0.75,0.78,6.6,4.8,4.02,23818.0,320
4309050,Glorinha,RS,Sul,55.85,72.11,16.26,65.19,-6.92,0.74,0.78,7.9,6.8,5.55,7658.0,321
4300661,André da Rocha,RS,Sul,,73.98,,67.07,-6.91,0.74,0.78,7.5,6.8,5.51,1135.0,322
4312906,Nova Bassano,RS,Sul,66.05,78.82,12.77,71.93,-6.89,0.74,0.78,4.4,6.8,5.65,9649.0,323
3526407,Laranjal Paulista,SP,Sudeste,49.97,66.61,16.64,59.74,-6.88,0.74,0.78,2.7,6.5,5.26,26261.0,324
4205100,Dona Emma,SC,Sul,66.91,80.0,13.09,73.13,-6.87,0.74,0.78,3.1,6.6,5.56,4221.0,325
4218707,Tubarão,SC,Sul,65.65,74.78,9.13,67.94,-6.84,0.74,0.78,10.0,6.2,5.61,110088.0,326
4317608,Santo Antônio da Patrulha,RS,Sul,64.74,79.0,14.26,72.21,-6.79,0.74,0.77,4.2,7.2,5.4,42947.0,327
3543402,Ribeirão Preto,SP,Sudeste,44.55,58.45,13.9,51.68,-6.77,0.74,0.77,5.4,6.1,5.31,698642.0,328
4314605,Piratini,RS,Sul,48.11,69.57,21.46,62.82,-6.75,0.74,0.77,7.6,6.7,5.28,17504.0,329
3544202,Riolândia,SP,Sudeste,79.77,80.0,0.23,73.26,-6.74,0.74,0.77,1.6,6.3,4.87,10309.0,330
3507902,Brotas,SP,Sudeste,54.65,70.51,15.86,63.79,-6.72,0.74,0.77,0.9,6.3,5.31,23898.0,331
2802007,Divina Pastora,SE,Nordeste,25.06,58.58,33.52,51.87,-6.71,0.74,0.77,13.8,4.8,4.52,4340.0,332
3516408,Franco da Rocha,SP,Sudeste,54.36,64.9,10.54,58.2,-6.69,0.74,0.77,1.2,6.1,5.21,144849.0,333
3111408,Campo Florido,MG,Sudeste,56.14,77.76,21.62,71.1,-6.65,0.74,0.77,6.3,5.7,5.1,8466.0,334
2107902,Passagem Franca,MA,Nordeste,51.09,78.19,27.1,71.56,-6.63,0.73,0.77,6.9,5.1,4.13,17220.0,335
4311304,Lagoa Vermelha,RS,Sul,47.24,70.06,22.82,63.44,-6.62,0.73,0.77,3.2,6.5,5.47,27659.0,336
4308201,Flores da Cunha,RS,Sul,68.48,79.44,10.96,72.82,-6.62,0.73,0.77,2.5,7.0,5.74,30892.0,337
4320677,Sinimbu,RS,Sul,72.25,74.43,2.18,67.82,-6.61,0.73,0.77,7.4,6.3,5.05,8578.0,338
2303709,Caucaia,CE,Nordeste,57.7,73.1,15.4,66.51,-6.59,0.73,0.77,4.3,5.7,4.52,355679.0,339
3556305,Valparaíso,SP,Sudeste,56.41,71.78,15.37,65.2,-6.57,0.73,0.77,1.7,6.8,5.18,24241.0,340
2607208,Ipojuca,PE,Nordeste,59.66,73.78,14.12,67.22,-6.56,0.73,0.77,3.9,5.3,4.54,98932.0,341
4306502,Dom Feliciano,RS,Sul,63.07,69.37,6.3,62.81,-6.56,0.73,0.77,11.4,6.1,4.98,13051.0,342
3507506,Botucatu,SP,Sudeste,58.96,69.09,10.13,62.55,-6.54,0.73,0.77,1.2,6.7,5.42,145155.0,343
3540853,Pracinha,SP,Sudeste,52.38,80.0,27.62,73.46,-6.54,0.73,0.77,0.0,6.2,5.02,2578.0,344
4304689,Capela de Santana,RS,Sul,60.36,73.42,13.06,66.88,-6.53,0.73,0.77,15.0,6.3,5.29,11159.0,345
3302254,Itatiaia,RJ,Sudeste,62.39,72.07,9.68,65.56,-6.51,0.73,0.77,19.3,5.2,5.12,30908.0,346
3305307,São Sebastião do Alto,RJ,Sudeste,54.19,71.41,17.22,64.9,-6.51,0.73,0.77,27.1,5.8,5.17,7750.0,347
2401107,Areia Branca,RN,Nordeste,54.43,65.59,11.16,59.09,-6.51,0.73,0.77,8.2,5.1,4.67,24093.0,348
3501707,Américo Brasiliense,SP,Sudeste,62.55,72.79,10.24,66.3,-6.49,0.73,0.76,1.6,6.8,5.24,33019.0,349
2400208,Açu,RN,Nordeste,50.2,60.2,10.0,53.73,-6.46,0.73,0.76,10.5,4.8,4.52,56496.0,350
3500709,Agudos,SP,Sudeste,52.31,68.15,15.84,61.73,-6.42,0.73,0.76,4.2,6.5,5.35,37680.0,351
3552809,Taboão da Serra,SP,Sudeste,51.94,62.08,10.14,55.67,-6.41,0.73,0.76,1.5,6.2,5.28,273542.0,352
4203006,Caçador,SC,Sul,63.55,74.55,11.0,68.15,-6.4,0.73,0.76,5.2,6.2,5.37,73720.0,353
4317004,Santana da Boa Vista,RS,Sul,53.33,63.81,10.48,57.43,-6.38,0.73,0.76,10.2,6.1,5.06,7024.0,354
2103752,Davinópolis,MA,Nordeste,65.01,72.96,7.95,66.58,-6.38,0.73,0.76,12.8,4.6,4.58,14404.0,355
3302858,Mesquita,RJ,Sudeste,40.82,57.69,16.87,51.32,-6.37,0.73,0.76,19.6,5.5,4.86,167127.0,356
4305207,Cerro Largo,RS,Sul,53.84,77.28,23.44,70.91,-6.37,0.73,0.76,4.1,6.9,5.35,13705.0,357
4310207,Ijuí,RS,Sul,69.92,78.03,8.11,71.72,-6.32,0.72,0.76,3.8,6.8,5.54,84780.0,358
4301875,Barra do Quaraí,RS,Sul,50.37,70.06,19.69,63.75,-6.31,0.72,0.76,8.5,6.0,5.22,4241.0,359
1300300,Autazes,AM,Norte,37.11,61.54,24.43,55.28,-6.26,0.72,0.76,18.3,5.2,4.28,41564.0,360
4322533,Vale do Sol,RS,Sul,71.43,80.0,8.57,73.74,-6.26,0.72,0.75,9.3,6.9,5.38,9897.0,361
4310538,Itaara,RS,Sul,63.54,69.01,5.47,62.76,-6.25,0.72,0.75,7.6,6.0,5.41,5572.0,362
3539103,Pirapora do Bom Jesus,SP,Sudeste,47.65,60.93,13.28,54.7,-6.23,0.72,0.75,1.8,5.5,5.06,18370.0,363
4306957,Entre Rios do Sul,RS,Sul,71.79,79.7,7.91,73.56,-6.15,0.72,0.75,1.2,6.9,5.23,2685.0,364
4317756,Santo Antônio do Planalto,RS,Sul,64.29,78.4,14.11,72.29,-6.11,0.72,0.75,4.6,6.9,5.67,2089.0,365
4310702,Itatiba do Sul,RS,Sul,47.37,80.0,32.63,73.9,-6.1,0.72,0.75,2.5,7.9,5.24,3208.0,366
2107704,Paraibano,MA,Nordeste,65.05,79.35,14.3,73.28,-6.07,0.72,0.75,13.6,5.4,4.43,18274.0,367
4312500,Mostardas,RS,Sul,57.24,65.15,7.91,59.1,-6.06,0.72,0.75,9.3,6.1,5.27,12090.0,368
4315305,Quaraí,RS,Sul,47.45,66.9,19.45,60.87,-6.02,0.71,0.75,6.3,6.4,5.28,23500.0,369
3531902,Morro Agudo,SP,Sudeste,56.39,67.11,10.72,61.1,-6.01,0.71,0.75,7.4,6.1,5.23,27933.0,370
3301900,Itaboraí,RJ,Sudeste,55.75,65.11,9.36,59.1,-6.01,0.71,0.75,21.6,5.2,4.91,224267.0,371
4313300,Nova Prata,RS,Sul,70.93,79.31,8.38,73.31,-6.0,0.71,0.75,4.5,6.6,5.73,25692.0,372
3536109,Pardinho,SP,Sudeste,55.74,68.41,12.67,62.4,-6.0,0.71,0.75,4.0,6.1,5.43,7153.0,373
2107001,Montes Altos,MA,Nordeste,56.23,75.29,19.06,69.3,-5.99,0.71,0.75,18.6,4.6,4.42,9106.0,374
4321105,Tapes,RS,Sul,59.22,68.84,9.62,62.86,-5.97,0.71,0.75,12.3,6.1,5.31,14695.0,375
4321204,Taquara,RS,Sul,65.19,71.53,6.34,65.55,-5.97,0.71,0.75,4.7,6.4,5.37,53242.0,376
4305504,Ciríaco,RS,Sul,83.33,80.0,-3.33,74.06,-5.94,0.71,0.74,10.1,6.7,5.38,4149.0,377
1303809,São Gabriel da Cachoeira,AM,Norte,33.15,56.89,23.74,50.97,-5.92,0.71,0.74,15.7,4.7,4.18,51795.0,378
4318465,São José do Herval,RS,Sul,61.54,80.0,18.46,74.08,-5.92,0.71,0.74,0.0,,5.15,1902.0,379
3552502,Suzano,SP,Sudeste,49.76,60.14,10.38,54.28,-5.86,0.71,0.74,1.7,6.3,5.28,307429.0,380
4312427,Mormaço,RS,Sul,90.91,80.0,-10.91,74.15,-5.85,0.71,0.74,2.4,6.1,5.37,2756.0,381
3528403,Mairinque,SP,Sudeste,55.14,61.0,5.86,55.16,-5.84,0.71,0.74,5.3,5.9,5.36,50027.0,382
3538907,Pirajuí,SP,Sudeste,40.14,66.24,26.1,60.42,-5.82,0.71,0.74,1.0,6.1,5.33,22431.0,383
3514502,Duartina,SP,Sudeste,64.65,80.0,15.35,74.25,-5.75,0.7,0.74,1.1,7.2,5.38,12328.0,384
2601102,Araripina,PE,Nordeste,52.69,67.97,15.28,62.23,-5.75,0.7,0.74,5.4,4.9,4.28,85088.0,385
4310652,Itati,RS,Sul,35.71,63.04,27.33,57.3,-5.74,0.7,0.74,2.6,,5.27,2638.0,386
3541604,Promissão,SP,Sudeste,63.58,73.27,9.69,67.54,-5.73,0.7,0.74,1.3,7.0,5.3,35131.0,387
3142809,Monte Alegre de Minas,MG,Sudeste,66.47,77.12,10.65,71.42,-5.7,0.7,0.74,11.3,5.5,5.12,20170.0,388
4300034,Aceguá,RS,Sul,82.33,74.59,-7.74,68.89,-5.7,0.7,0.73,4.3,5.8,5.24,4170.0,389
4302584,Bozano,RS,Sul,55.56,80.0,24.44,74.31,-5.69,0.7,0.73,1.8,6.9,5.65,2151.0,390
3530508,Mococa,SP,Sudeste,45.49,62.53,17.04,56.85,-5.67,0.7,0.73,4.8,6.0,5.35,67681.0,391
3514809,Eldorado,SP,Sudeste,58.3,70.72,12.42,65.06,-5.67,0.7,0.73,5.6,6.1,4.94,13069.0,392
3514106,Dois Córregos,SP,Sudeste,58.92,70.27,11.35,64.61,-5.67,0.7,0.73,1.0,6.4,5.22,24510.0,393
2410900,Riachuelo,RN,Nordeste,39.9,59.56,19.66,53.93,-5.63,0.7,0.73,8.8,4.7,4.46,7389.0,394
3509601,Campo Limpo Paulista,SP,Sudeste,55.97,64.35,8.38,58.76,-5.6,0.7,0.73,2.6,6.2,5.41,77632.0,395
2914802,Itabuna,BA,Nordeste,35.81,53.81,18.0,48.22,-5.6,0.7,0.73,21.1,4.8,4.49,186708.0,396
4209300,Lages,SC,Sul,48.35,64.0,15.65,58.41,-5.59,0.7,0.73,6.5,5.8,5.49,164981.0,397
2207751,Passagem Franca do Piauí,PI,Nordeste,67.15,80.0,12.85,74.42,-5.58,0.7,0.73,8.3,4.3,4.2,4135.0,398
5004502,Itaporã,MS,Centro-Oeste,53.55,74.12,20.57,68.56,-5.56,0.7,0.73,17.0,5.7,5.16,24137.0,399
4300802,Antônio Prado,RS,Sul,59.53,72.54,13.01,66.98,-5.56,0.7,0.73,4.8,6.8,5.7,13045.0,400
3555406,Ubatuba,SP,Sudeste,44.04,59.71,15.67,54.15,-5.56,0.7,0.73,2.2,6.1,5.09,92981.0,401
2411601,São Bento do Norte,RN,Nordeste,53.06,68.42,15.36,62.87,-5.54,0.7,0.73,17.2,4.7,4.4,3304.0,402
4305850,Coqueiros do Sul,RS,Sul,88.24,80.0,-8.24,74.5,-5.5,0.7,0.73,2.5,3.7,5.57,2211.0,403
3539202,Pirapozinho,SP,Sudeste,69.46,77.28,7.82,71.81,-5.48,0.7,0.73,1.5,6.8,5.35,25348.0,404
3103306,Aracitaba,MG,Sudeste,76.22,80.0,3.78,74.55,-5.45,0.69,0.72,7.1,4.9,4.74,2049.0,405
3166600,Serra da Saudade,MG,Sudeste,,80.0,,74.56,-5.44,0.69,0.72,0.0,,5.4,833.0,406
4214607,Rio do Oeste,SC,Sul,65.33,80.0,14.67,74.56,-5.44,0.69,0.72,5.2,6.3,5.66,7747.0,407
3506201,Bento de Abreu,SP,Sudeste,58.89,80.0,21.11,74.57,-5.43,0.69,0.72,2.6,6.8,5.27,2606.0,408
3505708,Barueri,SP,Sudeste,66.37,70.96,4.59,65.53,-5.43,0.69,0.72,3.0,6.3,5.4,316473.0,409
4218608,Trombudo Central,SC,Sul,45.48,73.66,28.18,68.25,-5.4,0.69,0.72,6.4,6.6,5.63,7274.0,410
4320206,Seberi,RS,Sul,65.72,80.0,14.28,74.6,-5.4,0.69,0.72,1.5,7.3,5.37,11950.0,411
2802106,Estância,SE,Nordeste,45.2,55.33,10.13,49.94,-5.4,0.69,0.72,13.5,4.8,4.45,65078.0,412
3525607,João Ramalho,SP,Sudeste,65.73,80.0,14.27,74.61,-5.39,0.69,0.72,1.6,6.7,5.2,4371.0,413
4308607,Garibaldi,RS,Sul,66.72,77.0,10.28,71.61,-5.39,0.69,0.72,3.7,6.9,5.63,34335.0,414
3543907,Rio Claro,SP,Sudeste,56.64,64.57,7.93,59.19,-5.38,0.69,0.72,3.5,6.3,5.35,201418.0,415
4200606,Águas Mornas,SC,Sul,59.57,80.0,20.43,74.62,-5.38,0.69,0.72,3.1,6.6,5.69,6743.0,416
4320230,Sede Nova,RS,Sul,70.18,80.0,9.82,74.62,-5.38,0.69,0.72,6.1,6.5,5.27,2704.0,417
3137908,Lamim,MG,Sudeste,,80.0,,74.66,-5.34,0.69,0.72,2.4,7.2,4.81,3184.0,418
3546009,Santa Branca,SP,Sudeste,44.76,59.41,14.65,54.07,-5.34,0.69,0.72,5.1,5.8,5.2,13975.0,419
3531308,Monte Alto,SP,Sudeste,60.69,73.12,12.43,67.8,-5.32,0.69,0.72,0.7,6.6,5.38,47574.0,420
4318200,São Francisco de Paula,RS,Sul,58.94,67.93,8.99,62.62,-5.31,0.69,0.72,3.6,6.2,5.37,21893.0,421
3115607,Cedro do Abaeté,MG,Sudeste,,78.03,,72.72,-5.31,0.69,0.72,7.1,6.5,5.02,1081.0,422
3537602,Peruíbe,SP,Sudeste,46.63,58.75,12.12,53.44,-5.31,0.69,0.72,3.0,6.0,5.16,68352.0,423
2513703,Santa Rita,PB,Nordeste,44.78,59.44,14.66,54.14,-5.3,0.69,0.72,23.2,4.7,4.55,149910.0,424
3520426,Ilha Comprida,SP,Sudeste,50.91,65.48,14.57,60.2,-5.28,0.69,0.72,2.3,6.4,5.22,13419.0,425
3552205,Sorocaba,SP,Sudeste,53.62,63.32,9.7,58.04,-5.28,0.69,0.72,2.6,6.6,5.46,723682.0,426
2509057,Marcação,PB,Nordeste,58.61,74.07,15.46,68.79,-5.28,0.69,0.72,21.1,4.1,4.31,8999.0,427
4320107,Sarandi,RS,Sul,72.52,75.38,2.86,70.1,-5.28,0.69,0.72,10.9,6.6,5.43,22851.0,428
2108256,Pedro do Rosário,MA,Nordeste,55.34,72.48,17.14,67.21,-5.27,0.69,0.72,6.3,4.8,4.09,24320.0,429
3302007,Itaguaí,RJ,Sudeste,47.46,60.13,12.67,54.86,-5.27,0.69,0.72,15.2,5.1,4.93,116841.0,430
3527009,Lindóia,SP,Sudeste,81.14,78.38,-2.76,73.12,-5.26,0.69,0.72,6.2,6.2,5.33,7014.0,431
3142304,Moeda,MG,Sudeste,64.13,78.81,14.68,73.56,-5.25,0.69,0.72,12.2,6.6,5.12,5125.0,432
3556354,Vargem,SP,Sudeste,72.78,76.95,4.17,71.7,-5.24,0.69,0.72,3.2,6.2,5.3,10512.0,433
3506300,Bernardino de Campos,SP,Sudeste,61.21,73.76,12.55,68.53,-5.23,0.69,0.72,0.5,6.5,5.29,11607.0,434
4320651,Silveira Martins,RS,Sul,44.44,72.91,28.47,67.69,-5.23,0.69,0.72,3.0,,5.65,2028.0,435
3540705,Porto Ferreira,SP,Sudeste,46.51,63.85,17.34,58.63,-5.22,0.69,0.72,7.5,6.8,5.35,52649.0,436
4321709,Três Coroas,RS,Sul,55.16,67.26,12.1,62.07,-5.19,0.69,0.71,5.4,6.3,5.41,24425.0,437
2607901,Jaboatão dos Guararapes,PE,Nordeste,54.96,68.16,13.2,62.99,-5.17,0.68,0.71,10.4,5.5,4.56,644037.0,438
2404507,Guamaré,RN,Nordeste,35.56,57.0,21.44,51.86,-5.14,0.68,0.71,11.1,5.5,4.64,15295.0,439
2307304,Juazeiro do Norte,CE,Nordeste,54.9,69.83,14.93,64.71,-5.12,0.68,0.71,4.1,5.6,4.56,286120.0,440
1303106,Nova Olinda do Norte,AM,Norte,48.06,65.16,17.1,60.06,-5.1,0.68,0.71,9.5,5.3,4.03,27062.0,441
2512903,Rio Tinto,PB,Nordeste,60.34,78.79,18.45,73.69,-5.09,0.68,0.71,12.0,5.5,4.32,24581.0,442
4211504,Nova Trento,SC,Sul,47.33,70.31,22.98,65.22,-5.09,0.68,0.71,7.6,6.4,5.63,13727.0,443
3526803,Lençóis Paulista,SP,Sudeste,62.15,70.21,8.06,65.14,-5.07,0.68,0.71,2.6,6.6,5.53,66505.0,444
4302204,Boa Vista do Buricá,RS,Sul,76.12,80.0,3.88,74.93,-5.07,0.68,0.71,4.6,6.8,5.64,6966.0,445
2805406,Poço Redondo,SE,Nordeste,25.75,42.17,16.42,37.1,-5.07,0.68,0.71,13.1,4.2,4.29,33439.0,446
4313607,Paim Filho,RS,Sul,69.13,79.41,10.28,74.37,-5.04,0.68,0.71,0.0,7.8,5.54,3629.0,447
3533601,Nuporanga,SP,Sudeste,63.78,74.33,10.55,69.33,-5.01,0.68,0.71,5.7,6.7,5.46,7391.0,448
1504307,Maracanã,PA,Norte,54.94,73.63,18.69,68.64,-4.99,0.68,0.71,11.8,5.0,4.03,25971.0,449
1301852,Iranduba,AM,Norte,41.23,61.89,20.66,56.9,-4.99,0.68,0.71,10.5,5.2,4.67,61163.0,450
2201919,Bom Princípio do Piauí,PI,Nordeste,53.97,80.0,26.03,75.02,-4.98,0.68,0.71,5.7,4.7,3.99,5636.0,451
4300059,Água Santa,RS,Sul,44.5,71.87,27.37,66.89,-4.98,0.68,0.71,7.3,6.1,5.68,3912.0,452
3554755,Trabiju,SP,Sudeste,68.18,80.0,11.82,75.02,-4.98,0.68,0.71,5.4,6.5,5.33,1682.0,453
3543709,Rincão,SP,Sudeste,56.98,69.01,12.03,64.04,-4.96,0.68,0.7,1.0,6.0,5.3,9098.0,454
3304144,Queimados,RJ,Sudeste,43.12,57.84,14.72,52.89,-4.95,0.68,0.7,15.0,5.1,4.79,140523.0,455
4308300,Fontoura Xavier,RS,Sul,53.09,70.58,17.49,65.63,-4.95,0.68,0.7,1.9,6.7,5.26,9550.0,456
4200507,Águas de Chapecó,SC,Sul,58.5,75.8,17.3,70.85,-4.94,0.68,0.7,6.3,5.6,5.04,6036.0,457
3517703,Guará,SP,Sudeste,67.53,73.28,5.75,68.34,-4.94,0.68,0.7,1.2,6.0,5.2,18606.0,458
4213500,Porto Belo,SC,Sul,56.11,67.78,11.67,62.85,-4.93,0.68,0.7,7.8,6.0,5.55,27688.0,459
4212502,Penha,SC,Sul,62.07,72.86,10.79,67.94,-4.91,0.68,0.7,4.6,6.3,5.55,33663.0,460
2413607,Severiano Melo,RN,Nordeste,71.54,75.46,3.92,70.56,-4.9,0.67,0.7,8.4,4.8,4.52,5487.0,461
3305703,Sumidouro,RJ,Sudeste,58.73,77.0,18.27,72.13,-4.87,0.67,0.7,17.1,6.1,4.97,15206.0,462
2515906,Serraria,PB,Nordeste,53.87,80.0,26.13,75.16,-4.84,0.67,0.7,9.2,5.5,4.12,4885.0,463
3519303,Ibaté,SP,Sudeste,56.35,65.89,9.54,61.05,-4.84,0.67,0.7,1.9,6.4,5.32,32178.0,464
4309951,Ibirapuitã,RS,Sul,65.44,74.0,8.56,69.19,-4.81,0.67,0.7,5.7,6.6,5.42,3723.0,465
4312617,Muitos Capões,RS,Sul,57.89,73.98,16.09,69.17,-4.81,0.67,0.7,4.4,6.6,5.41,2879.0,466
3549805,São José do Rio Preto,SP,Sudeste,56.94,65.5,8.56,60.73,-4.77,0.67,0.7,3.4,6.6,5.42,480393.0,467
2902401,Aurelino Leal,BA,Nordeste,45.11,60.47,15.36,55.7,-4.76,0.67,0.7,17.3,4.3,4.39,11179.0,468
4301008,Arroio do Meio,RS,Sul,74.84,80.0,5.16,75.24,-4.76,0.67,0.7,5.0,6.7,5.64,21958.0,469
4311254,Lagoão,RS,Sul,51.61,80.0,28.39,75.25,-4.75,0.67,0.7,7.1,7.8,4.95,5341.0,470
4314753,Poço das Antas,RS,Sul,47.78,80.0,32.22,75.25,-4.75,0.67,0.7,3.1,6.6,5.57,2171.0,471
3517505,Guapiaçu,SP,Sudeste,59.81,67.68,7.87,62.94,-4.74,0.67,0.7,6.6,5.7,5.39,21711.0,472
1600501,Oiapoque,AP,Norte,30.98,49.98,19.0,45.25,-4.73,0.67,0.7,28.6,4.2,4.43,27482.0,473
4316006,Rolante,RS,Sul,74.24,80.0,5.76,75.27,-4.73,0.67,0.7,2.3,6.8,5.31,21253.0,474
3547650,Santa Salete,SP,Sudeste,,80.0,,75.29,-4.71,0.67,0.7,1.5,8.1,5.69,1645.0,475
4322525,Vale Verde,RS,Sul,76.25,80.0,3.75,75.3,-4.7,0.67,0.69,2.1,6.9,5.23,3150.0,476
3525854,Jumirim,SP,Sudeste,68.3,77.99,9.69,73.3,-4.69,0.67,0.69,4.5,6.6,5.33,3056.0,477
3544004,Rio das Pedras,SP,Sudeste,66.43,72.09,5.66,67.4,-4.69,0.67,0.69,7.2,6.5,5.44,31328.0,478
4313441,Novo Tiradentes,RS,Sul,52.63,75.36,22.73,70.67,-4.69,0.67,0.69,3.1,6.9,5.09,2146.0,479
3520103,Igarapava,SP,Sudeste,53.96,62.9,8.94,58.23,-4.67,0.67,0.69,4.0,5.8,5.12,26212.0,480
4314704,Planalto,RS,Sul,50.75,75.9,25.15,71.23,-4.67,0.67,0.69,4.9,7.4,5.33,10406.0,481
4215059,Rio Rufino,SC,Sul,51.79,72.44,20.65,67.79,-4.65,0.67,0.69,5.8,,5.25,2397.0,482
3527108,Lins,SP,Sudeste,79.91,76.84,-3.07,72.19,-4.64,0.67,0.69,2.8,6.6,5.45,74779.0,483
4306759,Doutor Ricardo,RS,Sul,57.89,80.0,22.11,75.36,-4.64,0.66,0.69,0.0,6.5,5.57,1888.0,484
4320453,Sério,RS,Sul,72.98,80.0,7.02,75.38,-4.62,0.66,0.69,0.0,,5.25,1941.0,485
2919207,Lauro de Freitas,BA,Nordeste,38.9,52.49,13.59,47.87,-4.62,0.66,0.69,18.3,4.8,4.57,203331.0,486
3529401,Mauá,SP,Sudeste,,62.16,,57.55,-4.61,0.66,0.69,1.9,6.6,5.25,418261.0,487
2402204,Canguaretama,RN,Nordeste,46.7,57.62,10.92,53.03,-4.59,0.66,0.69,10.4,4.9,4.46,29668.0,488
4301404,Arvorezinha,RS,Sul,36.84,69.0,32.16,64.43,-4.57,0.66,0.69,1.4,6.8,5.47,10322.0,489
4312443,Morrinhos do Sul,RS,Sul,56.0,80.0,24.0,75.43,-4.57,0.66,0.69,1.6,,5.48,3071.0,490
2611606,Recife,PE,Nordeste,57.32,70.75,13.43,66.19,-4.56,0.66,0.69,11.6,5.8,4.67,1488920.0,491
3508306,Cabrália Paulista,SP,Sudeste,69.83,79.66,9.83,75.1,-4.56,0.66,0.69,0.7,6.5,5.25,4299.0,492
1721000,Palmas,TO,Norte,57.78,68.87,11.09,64.34,-4.53,0.66,0.69,3.0,6.2,5.09,302692.0,493
4319158,São Miguel das Missões,RS,Sul,72.39,77.94,5.55,73.42,-4.52,0.66,0.69,7.5,6.6,5.24,7056.0,494
4205704,Garopaba,SC,Sul,70.66,74.92,4.26,70.4,-4.52,0.66,0.69,5.0,6.8,5.56,29959.0,495
3504107,Atibaia,SP,Sudeste,64.52,74.9,10.38,70.4,-4.5,0.66,0.69,0.6,7.4,5.43,158647.0,496
2913705,Inhambupe,BA,Nordeste,36.75,52.4,15.65,47.92,-4.48,0.66,0.68,17.1,4.3,4.26,33790.0,497
3517604,Guapiara,SP,Sudeste,67.93,73.05,5.12,68.58,-4.47,0.66,0.68,0.3,6.3,4.87,17071.0,498
4322152,Tunas,RS,Sul,50.11,73.7,23.59,69.23,-4.47,0.66,0.68,1.2,6.3,5.28,3681.0,499
3518602,Guariba,SP,Sudeste,71.63,74.47,2.84,70.02,-4.45,0.66,0.68,1.3,6.7,5.23,37498.0,500
4310108,Igrejinha,RS,Sul,76.18,80.0,3.82,75.55,-4.45,0.66,0.68,2.5,7.0,5.38,32808.0,501
3524006,Itupeva,SP,Sudeste,49.71,61.7,11.99,57.25,-4.45,0.66,0.68,0.8,6.4,5.38,70616.0,502
3140902,Matipó,MG,Sudeste,64.99,80.0,15.01,75.56,-4.44,0.66,0.68,1.3,6.3,4.67,18552.0,503
4320701,Sobradinho,RS,Sul,73.97,80.0,6.03,75.56,-4.44,0.66,0.68,2.1,6.5,5.44,14226.0,504
3540754,Potim,SP,Sudeste,51.05,59.45,8.4,55.03,-4.42,0.66,0.68,3.6,5.8,4.98,20392.0,505
2805604,Porto da Folha,SE,Nordeste,32.22,48.02,15.8,43.6,-4.42,0.66,0.68,10.8,4.5,4.23,26576.0,506
2801207,Canindé de São Francisco,SE,Nordeste,32.15,47.34,15.19,42.94,-4.41,0.66,0.68,16.4,4.5,4.4,26834.0,507
2409803,Pedro Velho,RN,Nordeste,23.16,42.22,19.06,37.82,-4.4,0.66,0.68,17.0,4.3,4.42,13824.0,508
3553658,Taquaral,SP,Sudeste,65.38,77.24,11.86,72.85,-4.39,0.66,0.68,0.9,,5.17,2619.0,509
3553906,Tarabai,SP,Sudeste,60.51,79.13,18.62,74.75,-4.38,0.66,0.68,2.1,7.3,5.17,6536.0,510
3519808,Icém,SP,Sudeste,71.28,76.36,5.08,71.98,-4.38,0.66,0.68,1.7,6.4,5.32,7819.0,511
2206720,Nazária,PI,Nordeste,59.78,78.68,18.9,74.32,-4.36,0.66,0.68,10.2,5.0,4.28,10262.0,512
4201703,Ascurra,SC,Sul,68.97,80.0,11.03,75.64,-4.36,0.66,0.68,6.9,6.5,5.55,8319.0,513
4314076,Passo do Sobrado,RS,Sul,57.2,80.0,22.8,75.68,-4.32,0.65,0.68,2.3,7.1,5.34,6025.0,514
4317905,Santo Cristo,RS,Sul,73.77,77.79,4.02,73.47,-4.32,0.65,0.68,7.4,6.7,5.62,15320.0,515
3514205,Dolcinópolis,SP,Sudeste,36.0,78.12,42.12,73.81,-4.3,0.65,0.68,4.6,6.8,5.12,2207.0,516
3519071,Hortolândia,SP,Sudeste,61.23,68.54,7.31,64.24,-4.3,0.65,0.68,2.3,6.6,5.38,236641.0,517
3523107,Itaquaquecetuba,SP,Sudeste,46.95,60.65,13.7,56.37,-4.28,0.65,0.68,2.0,6.2,5.14,369275.0,518
3554003,Tatuí,SP,Sudeste,58.2,65.01,6.81,60.73,-4.28,0.65,0.67,1.8,6.3,5.31,123942.0,519
3107802,Bom Jesus do Galho,MG,Sudeste,55.48,80.0,24.52,75.72,-4.28,0.65,0.67,1.8,7.0,4.89,14536.0,520
3303906,Petrópolis,RJ,Sudeste,67.81,70.82,3.01,66.56,-4.26,0.65,0.67,10.4,5.6,5.11,278881.0,521
3556503,Várzea Paulista,SP,Sudeste,55.24,63.76,8.52,59.51,-4.25,0.65,0.67,1.1,6.5,5.32,115771.0,522
3536208,Pariquera-Açu,SP,Sudeste,65.66,71.79,6.13,67.54,-4.25,0.65,0.67,1.9,6.1,5.08,19233.0,523
4203709,Canelinha,SC,Sul,48.99,69.18,20.19,64.94,-4.24,0.65,0.67,4.6,6.6,5.43,12821.0,524
3525201,Jarinu,SP,Sudeste,54.26,63.79,9.53,59.55,-4.24,0.65,0.67,1.5,6.1,5.38,37535.0,525
4217709,Sombrio,SC,Sul,50.0,72.03,22.03,67.8,-4.24,0.65,0.67,7.7,6.4,5.44,29991.0,526
4318614,São José do Sul,RS,Sul,70.0,80.0,10.0,75.8,-4.2,0.65,0.67,2.7,6.9,5.62,2380.0,527
4313706,Palmeira das Missões,RS,Sul,52.89,63.76,10.87,59.56,-4.2,0.65,0.67,8.1,6.6,5.46,33216.0,528
3502903,Araçoiaba da Serra,SP,Sudeste,55.53,64.11,8.58,59.97,-4.14,0.65,0.67,1.5,6.6,5.41,32443.0,529
2403509,Espírito Santo,RN,Nordeste,48.11,60.0,11.89,55.91,-4.09,0.64,0.66,20.1,4.3,4.32,10620.0,530
3554904,Três Fronteiras,SP,Sudeste,72.32,80.0,7.68,75.93,-4.07,0.64,0.66,3.7,7.0,5.42,6804.0,531
4305975,Coxilha,RS,Sul,55.17,71.27,16.1,67.21,-4.06,0.64,0.66,2.9,6.6,5.53,2667.0,532
4321907,Três Passos,RS,Sul,74.99,80.0,5.01,75.94,-4.06,0.64,0.66,4.2,6.7,5.61,25436.0,533
3525300,Jaú,SP,Sudeste,61.84,69.43,7.59,65.4,-4.04,0.64,0.66,2.6,6.6,5.4,133497.0,534
3507001,Boituva,SP,Sudeste,67.25,70.36,3.11,66.33,-4.03,0.64,0.66,2.0,6.6,5.34,61081.0,535
2109452,Raposa,MA,Nordeste,49.94,73.62,23.68,69.63,-3.99,0.64,0.66,5.8,5.7,4.39,30839.0,536
3140308,Marliéria,MG,Sudeste,40.23,70.43,30.2,66.45,-3.98,0.64,0.66,0.4,5.5,5.16,4592.0,537
2310605,Penaforte,CE,Nordeste,71.17,78.71,7.54,74.72,-3.98,0.64,0.66,2.0,5.7,4.38,8972.0,538
4202057,Balneário Barra do Sul,SC,Sul,51.88,69.68,17.8,65.73,-3.96,0.64,0.66,5.5,6.0,5.53,14912.0,539
4202107,Barra Velha,SC,Sul,50.93,63.09,12.16,59.15,-3.94,0.64,0.66,4.9,5.9,5.44,45369.0,540
2509305,Mataraca,PB,Nordeste,61.74,80.0,18.26,76.07,-3.93,0.64,0.66,5.6,5.4,4.39,8244.0,541
3556602,Vera Cruz,SP,Sudeste,57.95,70.92,12.97,66.99,-3.93,0.64,0.66,1.0,6.3,5.37,10176.0,542
3530102,Mirandópolis,SP,Sudeste,55.71,66.2,10.49,62.31,-3.9,0.64,0.66,0.9,6.6,5.22,27983.0,543
2305357,Icapuí,CE,Nordeste,67.76,80.0,12.24,76.12,-3.88,0.64,0.66,1.7,6.4,4.53,21433.0,544
2104677,Governador Nunes Freire,MA,Nordeste,64.53,77.9,13.37,74.02,-3.88,0.64,0.66,7.6,5.3,4.26,23128.0,545
3523909,Itu,SP,Sudeste,70.47,72.19,1.72,68.33,-3.86,0.64,0.65,2.2,6.5,5.38,168240.0,546
3522109,Itanhaém,SP,Sudeste,60.38,66.67,6.29,62.82,-3.85,0.64,0.65,3.8,6.3,5.16,112476.0,547
3142908,Monte Azul,MG,Sudeste,66.67,80.0,13.33,76.16,-3.84,0.64,0.65,0.7,6.4,4.72,20328.0,548
3554102,Taubaté,SP,Sudeste,53.82,61.42,7.6,57.6,-3.82,0.63,0.65,1.8,6.4,5.43,310739.0,549
3556453,Vargem Grande Paulista,SP,Sudeste,60.01,67.55,7.54,63.73,-3.82,0.63,0.65,1.5,6.4,5.39,50415.0,550
2607604,Ilha de Itamaracá,PE,Nordeste,51.64,66.08,14.44,62.27,-3.8,0.63,0.65,10.4,5.0,4.51,24540.0,551
4300851,Arambaré,RS,Sul,42.63,68.3,25.67,64.52,-3.78,0.63,0.65,7.7,7.2,5.19,4112.0,552
3556404,Vargem Grande do Sul,SP,Sudeste,62.93,74.35,11.42,70.58,-3.77,0.63,0.65,1.2,7.3,5.25,40133.0,553
2402709,Cerro Corá,RN,Nordeste,54.5,69.76,15.26,65.99,-3.77,0.63,0.65,6.0,5.2,4.63,11000.0,554
4310413,Inhacorá,RS,Sul,45.0,70.88,25.88,67.12,-3.76,0.63,0.65,7.0,5.9,5.34,2014.0,555
2309458,Ocara,CE,Nordeste,73.05,80.0,6.95,76.24,-3.76,0.63,0.65,0.8,5.9,4.37,24493.0,556
4323101,Vicente Dutra,RS,Sul,88.77,75.8,-12.97,72.04,-3.76,0.63,0.65,2.9,6.1,5.01,4665.0,557
3530607,Mogi das Cruzes,SP,Sudeste,53.64,62.61,8.97,58.86,-3.75,0.63,0.65,1.0,6.4,5.3,451505.0,558
2109056,Porto Rico do Maranhão,MA,Nordeste,61.79,76.62,14.83,72.87,-3.75,0.63,0.65,2.1,4.6,4.23,5954.0,559
3523701,Itirapuã,SP,Sudeste,68.21,76.66,8.45,72.93,-3.73,0.63,0.65,1.6,6.4,5.19,5779.0,560
2412203,São José de Mipibu,RN,Nordeste,45.13,55.76,10.63,52.03,-3.73,0.63,0.65,11.9,5.2,4.55,47286.0,561
4314803,Portão,RS,Sul,64.98,67.54,2.56,63.82,-3.73,0.63,0.65,7.8,6.4,5.54,34071.0,562
4317202,Santa Rosa,RS,Sul,74.2,75.87,1.67,72.15,-3.73,0.63,0.65,5.1,6.9,5.53,76963.0,563
4203253,Capão Alto,SC,Sul,49.57,80.0,30.43,76.29,-3.71,0.63,0.65,12.4,6.3,5.26,2625.0,564
2304400,Fortaleza,CE,Nordeste,73.31,76.72,3.41,73.02,-3.71,0.63,0.65,4.2,6.1,4.57,2428708.0,565
3543303,Ribeirão Pires,SP,Sudeste,70.3,71.74,1.44,68.05,-3.69,0.63,0.65,1.5,6.8,5.49,115559.0,566
5003454,Deodápolis,MS,Centro-Oeste,57.42,80.0,22.58,76.33,-3.67,0.63,0.65,8.4,6.2,5.22,13663.0,567
3103603,Arantina,MG,Sudeste,46.88,77.24,30.36,73.6,-3.64,0.63,0.64,6.1,5.9,5.05,2915.0,568
4211306,Navegantes,SC,Sul,58.84,66.84,8.0,63.21,-3.63,0.63,0.64,8.4,5.8,5.31,86401.0,569
3528106,Macaubal,SP,Sudeste,85.83,80.0,-5.83,76.39,-3.61,0.63,0.64,0.9,6.6,5.24,7481.0,570
2108801,Pirapemas,MA,Nordeste,73.2,80.0,6.8,76.39,-3.61,0.63,0.64,6.7,4.9,4.21,17714.0,571
3520608,Indiana,SP,Sudeste,84.55,80.0,-4.55,76.44,-3.56,0.62,0.64,1.5,6.0,5.4,5090.0,572
3524709,Jaguariúna,SP,Sudeste,64.66,70.97,6.31,67.44,-3.53,0.62,0.64,1.4,6.9,5.5,59347.0,573
4205159,Doutor Pedrinho,SC,Sul,67.73,79.0,11.27,75.48,-3.52,0.62,0.64,3.9,6.1,5.68,3637.0,574
3304805,São Fidélis,RJ,Sudeste,48.5,58.84,10.34,55.33,-3.51,0.62,0.64,20.3,5.2,4.97,38961.0,575
4320602,Severiano de Almeida,RS,Sul,,76.35,,72.84,-3.51,0.62,0.64,0.0,7.8,5.53,3406.0,576
2206605,Monte Alegre do Piauí,PI,Nordeste,60.9,73.16,12.26,69.66,-3.5,0.62,0.64,9.0,4.5,4.25,10660.0,577
3547809,Santo André,SP,Sudeste,59.73,65.91,6.18,62.41,-3.49,0.62,0.64,2.0,6.6,5.4,748919.0,578
3529302,Matão,SP,Sudeste,70.09,71.76,1.67,68.28,-3.48,0.62,0.64,1.9,6.7,5.52,79033.0,579
2407500,Maxaranguape,RN,Nordeste,37.49,51.0,13.51,47.52,-3.48,0.62,0.64,12.9,4.5,4.38,10255.0,580
4217501,Seara,SC,Sul,71.99,80.0,8.01,76.53,-3.47,0.62,0.64,4.1,6.6,5.54,18620.0,581
3304300,Rio Bonito,RJ,Sudeste,61.67,67.45,5.78,63.99,-3.47,0.62,0.64,18.4,5.3,4.94,56276.0,582
3524105,Ituverava,SP,Sudeste,51.18,63.58,12.4,60.14,-3.43,0.62,0.64,4.9,6.1,5.21,37571.0,583
2602902,Cabo de Santo Agostinho,PE,Nordeste,52.07,67.07,15.0,63.66,-3.41,0.62,0.63,6.7,5.2,4.58,203440.0,584
3110004,Caeté,MG,Sudeste,67.04,76.43,9.39,73.02,-3.41,0.62,0.63,3.2,6.5,5.34,38776.0,585
3523503,Itatinga,SP,Sudeste,55.75,70.4,14.65,67.0,-3.4,0.62,0.63,3.7,6.5,5.27,19070.0,586
3531803,Monte Mor,SP,Sudeste,52.73,64.21,11.48,60.81,-3.4,0.62,0.63,8.9,6.4,5.34,64662.0,587
3162906,São João Nepomuceno,MG,Sudeste,61.24,73.87,12.63,70.49,-3.39,0.62,0.63,5.5,6.4,5.02,25565.0,588
2413904,Taipu,RN,Nordeste,26.53,56.92,30.39,53.55,-3.37,0.62,0.63,9.3,4.7,4.2,11422.0,589
3522208,Itapecerica da Serra,SP,Sudeste,60.89,66.17,5.28,62.8,-3.37,0.62,0.63,3.6,6.3,5.23,158522.0,590
3515103,Embu-Guaçu,SP,Sudeste,54.18,62.57,8.39,59.21,-3.36,0.62,0.63,1.5,6.6,5.24,66970.0,591
4302253,Boa Vista do Sul,RS,Sul,68.18,76.35,8.17,72.99,-3.36,0.62,0.63,5.1,6.5,5.72,2779.0,592
4312153,Mato Leitão,RS,Sul,78.79,80.0,1.21,76.65,-3.35,0.62,0.63,2.0,7.3,5.45,4859.0,593
3500501,Águas de Lindóia,SP,Sudeste,63.94,70.24,6.3,66.89,-3.35,0.62,0.63,10.8,6.9,5.58,17930.0,594
3512902,Cosmorama,SP,Sudeste,77.3,80.0,2.7,76.66,-3.34,0.62,0.63,1.4,6.8,5.16,8719.0,595
2508208,Lagoa de Dentro,PB,Nordeste,55.07,73.39,18.32,70.05,-3.34,0.62,0.63,16.4,5.1,4.27,7819.0,596
3524303,Jaboticabal,SP,Sudeste,57.63,65.99,8.36,62.66,-3.33,0.62,0.63,2.5,6.6,5.29,71821.0,597
3545001,Salesópolis,SP,Sudeste,63.97,71.89,7.92,68.55,-3.33,0.62,0.63,2.2,6.2,5.24,15202.0,598
2106508,Matinha,MA,Nordeste,59.1,71.55,12.45,68.24,-3.31,0.62,0.63,4.4,4.7,4.23,22034.0,599
4210803,Meleiro,SC,Sul,53.59,66.92,13.33,63.62,-3.3,0.61,0.63,4.8,5.6,5.62,7006.0,600
3111101,Campina Verde,MG,Sudeste,65.9,78.47,12.57,75.17,-3.29,0.61,0.63,2.5,6.0,5.11,18011.0,601
3531704,Monteiro Lobato,SP,Sudeste,44.48,72.88,28.4,69.59,-3.28,0.61,0.63,7.3,6.2,5.21,4138.0,602
3509502,Campinas,SP,Sudeste,49.25,59.93,10.68,56.65,-3.27,0.61,0.63,3.5,6.4,5.36,1139047.0,603
4309753,Ibarama,RS,Sul,73.32,75.14,1.82,71.88,-3.26,0.61,0.63,2.4,8.0,5.31,3732.0,604
3170008,Ubaí,MG,Sudeste,62.96,74.75,11.79,71.5,-3.25,0.61,0.63,2.1,5.3,4.29,11708.0,605
2930501,Serrinha,BA,Nordeste,33.15,49.31,16.16,46.08,-3.23,0.61,0.63,21.4,4.6,4.34,80435.0,606
4308003,Faxinal do Soturno,RS,Sul,63.08,79.51,16.43,76.28,-3.23,0.61,0.63,2.0,7.1,5.6,6702.0,607
3506359,Bertioga,SP,Sudeste,58.95,66.84,7.89,63.65,-3.2,0.61,0.63,2.7,6.6,5.07,64188.0,608
2308401,Missão Velha,CE,Nordeste,65.62,77.11,11.49,73.92,-3.19,0.61,0.62,1.6,5.4,4.35,36822.0,609
3540507,Porangaba,SP,Sudeste,68.58,74.57,5.99,71.39,-3.18,0.61,0.62,1.6,6.6,5.2,10451.0,610
4313102,Nova Palma,RS,Sul,66.17,80.0,13.83,76.82,-3.18,0.61,0.62,1.8,6.5,5.49,5586.0,611
3524402,Jacareí,SP,Sudeste,56.01,62.07,6.06,58.89,-3.17,0.61,0.62,4.2,6.5,5.36,240275.0,612
4310405,Independência,RS,Sul,64.8,72.87,8.07,69.72,-3.16,0.61,0.62,6.6,6.1,5.38,6427.0,613
3154606,Ribeirão das Neves,MG,Sudeste,57.77,67.01,9.24,63.85,-3.16,0.61,0.62,2.5,5.8,5.11,329794.0,614
2511905,Pitimbu,PB,Nordeste,59.46,77.76,18.3,74.6,-3.15,0.61,0.62,7.0,5.6,4.38,16751.0,615
2409506,Pedra Grande,RN,Nordeste,41.79,62.02,20.23,58.88,-3.14,0.61,0.62,9.5,5.0,4.47,3618.0,616
4306809,Encantado,RS,Sul,78.1,80.0,1.9,76.86,-3.14,0.61,0.62,4.1,7.0,5.55,22962.0,617
2111201,São José de Ribamar,MA,Nordeste,64.01,70.69,6.68,67.57,-3.12,0.61,0.62,6.8,5.8,4.52,244579.0,618
2613404,São José da Coroa Grande,PE,Nordeste,49.31,59.97,10.66,56.87,-3.1,0.61,0.62,12.3,4.5,4.46,18825.0,619
4207106,Ilhota,SC,Sul,55.94,66.63,10.69,63.53,-3.1,0.61,0.62,3.6,5.9,5.41,17046.0,620
3540903,Pradópolis,SP,Sudeste,76.18,76.83,0.65,73.74,-3.1,0.61,0.62,3.6,6.5,5.38,17078.0,621
3306206,Vassouras,RJ,Sudeste,62.92,72.28,9.36,69.2,-3.08,0.61,0.62,12.0,5.8,4.97,33976.0,622
3144359,Naque,MG,Sudeste,69.01,79.74,10.73,76.66,-3.08,0.61,0.62,0.7,6.0,5.01,6303.0,623
3300209,Araruama,RJ,Sudeste,56.97,64.88,7.91,61.81,-3.07,0.61,0.62,18.6,5.8,4.89,129671.0,624
1302900,Maués,AM,Norte,50.38,66.08,15.7,63.02,-3.05,0.61,0.62,13.9,5.4,4.07,61204.0,625
4310801,Ivoti,RS,Sul,70.13,78.54,8.41,75.51,-3.04,0.6,0.62,4.0,7.0,5.81,22983.0,626
3518503,Guareí,SP,Sudeste,58.82,70.69,11.87,67.67,-3.02,0.6,0.62,6.4,6.7,5.17,15013.0,627
2408805,Parazinho,RN,Nordeste,48.52,62.84,14.32,59.84,-3.0,0.6,0.62,7.8,4.9,4.34,4801.0,628
3119203,Coroaci,MG,Sudeste,,67.63,,64.65,-2.99,0.6,0.62,0.9,5.8,4.88,10884.0,629
3557006,Votorantim,SP,Sudeste,58.8,63.84,5.04,60.85,-2.99,0.6,0.62,1.0,6.5,5.37,127923.0,630
3535705,Paraíso,SP,Sudeste,67.33,78.24,10.91,75.25,-2.98,0.6,0.62,0.3,7.2,5.48,6099.0,631
2410504,Rafael Fernandes,RN,Nordeste,48.07,67.32,19.25,64.35,-2.97,0.6,0.61,15.4,5.5,4.45,5432.0,632
3510302,Capela do Alto,SP,Sudeste,51.28,63.12,11.84,60.16,-2.96,0.6,0.61,1.4,6.6,5.25,22866.0,633
4320800,Soledade,RS,Sul,65.85,72.7,6.85,69.75,-2.96,0.6,0.61,3.7,6.5,5.42,29991.0,634
4216404,São João do Sul,SC,Sul,69.02,78.0,8.98,75.07,-2.93,0.6,0.61,8.5,6.4,5.45,8668.0,635
3520004,Igaraçu do Tietê,SP,Sudeste,73.43,73.88,0.45,70.95,-2.93,0.6,0.61,0.6,6.6,5.13,23106.0,636
3163409,São José do Goiabal,MG,Sudeste,67.0,80.0,13.0,77.08,-2.92,0.6,0.61,0.8,6.1,5.08,5396.0,637
2512804,Riacho dos Cavalos,PB,Nordeste,34.69,74.2,39.51,71.31,-2.89,0.6,0.61,10.0,6.5,4.27,8493.0,638
4310009,Ibirubá,RS,Sul,34.29,69.53,35.24,66.64,-2.89,0.6,0.61,5.0,7.0,5.8,21583.0,639
2601607,Belém do São Francisco,PE,Nordeste,50.7,65.24,14.54,62.38,-2.86,0.6,0.61,6.8,5.1,4.35,18301.0,640
3515707,Ferraz de Vasconcelos,SP,Sudeste,60.99,65.84,4.85,63.0,-2.84,0.6,0.61,2.1,6.5,5.2,179198.0,641
3542305,Redenção da Serra,SP,Sudeste,83.72,80.0,-3.72,77.18,-2.82,0.6,0.61,0.8,6.2,5.07,4494.0,642
4308250,Floriano Peixoto,RS,Sul,70.59,80.0,9.41,77.19,-2.81,0.6,0.61,2.2,,5.49,1668.0,643
4310363,Imigrante,RS,Sul,73.33,79.0,5.67,76.2,-2.8,0.6,0.61,5.1,6.8,5.63,3080.0,644
4202909,Brusque,SC,Sul,70.01,74.0,3.99,71.2,-2.8,0.6,0.61,4.3,6.6,5.55,141385.0,645
3302502,Magé,RJ,Sudeste,52.96,62.45,9.49,59.66,-2.78,0.59,0.61,20.1,5.0,4.86,228127.0,646
3503604,Areiópolis,SP,Sudeste,72.13,75.82,3.69,73.04,-2.78,0.59,0.61,2.8,6.8,5.19,10130.0,647
4217303,Saudades,SC,Sul,74.24,80.0,5.76,77.22,-2.78,0.59,0.61,10.2,6.8,5.59,10265.0,648
2516904,Uiraúna,PB,Nordeste,50.17,80.0,29.83,77.23,-2.77,0.59,0.61,9.1,5.7,4.47,14930.0,649
2612109,Salgadinho,PE,Nordeste,61.94,80.0,18.06,77.24,-2.76,0.59,0.61,6.6,6.1,4.29,5727.0,650
3548708,São Bernardo do Campo,SP,Sudeste,64.54,67.3,2.76,64.57,-2.73,0.59,0.6,4.3,6.8,5.4,810729.0,651
3300308,Barra do Piraí,RJ,Sudeste,54.25,61.91,7.66,59.2,-2.71,0.59,0.6,19.3,5.5,5.0,92883.0,652
3509254,Cajati,SP,Sudeste,58.75,69.01,10.26,66.3,-2.71,0.59,0.6,0.5,6.5,5.1,28515.0,653
4215455,Sangão,SC,Sul,65.95,74.24,8.29,71.53,-2.71,0.59,0.6,6.0,6.2,5.45,12882.0,654
4201950,Balneário Arroio do Silva,SC,Sul,36.24,61.06,24.82,58.37,-2.69,0.59,0.6,10.3,6.1,5.33,15820.0,655
4313334,Nova Ramada,RS,Sul,75.76,80.0,4.24,77.33,-2.67,0.59,0.6,6.3,6.7,5.62,2163.0,656
3134707,Jacinto,MG,Sudeste,25.78,61.96,36.18,59.29,-2.67,0.59,0.6,8.0,5.7,4.46,11042.0,657
3538204,Pinhalzinho,SP,Sudeste,76.7,78.94,2.24,76.26,-2.67,0.59,0.6,1.4,6.7,5.42,15224.0,658
1718204,Porto Nacional,TO,Norte,58.64,67.93,9.29,65.27,-2.66,0.59,0.6,6.1,5.4,4.87,64418.0,659
3554300,Teodoro Sampaio,SP,Sudeste,67.83,72.99,5.16,70.33,-2.66,0.59,0.6,0.7,6.7,5.23,22173.0,660
3300704,Cabo Frio,RJ,Sudeste,64.26,66.8,2.54,64.15,-2.65,0.59,0.6,27.0,5.3,4.92,222161.0,661
3108552,Brasilândia de Minas,MG,Sudeste,67.13,78.18,11.05,75.53,-2.65,0.59,0.6,1.4,6.0,4.9,15020.0,662
3128303,Guaranésia,MG,Sudeste,59.72,76.51,16.79,73.87,-2.64,0.59,0.6,8.5,6.5,5.19,19150.0,663
4322707,Vera Cruz,RS,Sul,66.11,72.81,6.7,70.17,-2.64,0.59,0.6,8.3,6.7,5.38,26710.0,664
3517901,Guaraci,SP,Sudeste,74.7,76.61,1.91,73.97,-2.64,0.59,0.6,2.6,6.2,5.15,10350.0,665
2511707,Pilõezinhos,PB,Nordeste,75.75,80.0,4.25,77.37,-2.63,0.59,0.6,7.0,4.9,4.28,5329.0,666
4320321,Senador Salgado Filho,RS,Sul,75.06,80.0,4.94,77.38,-2.62,0.59,0.6,0.6,7.5,4.94,2673.0,667
3519105,Iacanga,SP,Sudeste,73.9,80.0,6.1,77.38,-2.62,0.59,0.6,0.5,6.4,5.31,10437.0,668
2801009,Campo do Brito,SE,Nordeste,39.6,58.49,18.89,55.88,-2.61,0.59,0.6,11.4,5.0,4.52,18149.0,669
2600054,Abreu e Lima,PE,Nordeste,49.26,63.08,13.82,60.48,-2.59,0.59,0.6,11.7,5.2,4.62,98462.0,670
2301802,Baixio,CE,Nordeste,75.53,80.0,4.47,77.41,-2.59,0.59,0.6,2.5,5.6,4.21,5704.0,671
3519600,Ibitinga,SP,Sudeste,57.53,64.28,6.75,61.69,-2.59,0.59,0.6,2.7,6.4,5.34,60033.0,672
3509205,Cajamar,SP,Sudeste,62.86,64.91,2.05,62.32,-2.59,0.59,0.6,1.5,6.2,5.25,92689.0,673
2307106,Jardim,CE,Nordeste,69.26,78.81,9.55,76.22,-2.59,0.59,0.6,1.2,5.7,4.3,27411.0,674
3157203,Santa Bárbara,MG,Sudeste,68.58,74.57,5.99,72.0,-2.57,0.59,0.6,4.6,6.0,5.22,30466.0,675
2405801,João Câmara,RN,Nordeste,34.99,47.23,12.24,44.67,-2.56,0.59,0.6,6.1,4.6,4.42,33290.0,676
4307906,Farroupilha,RS,Sul,75.71,80.0,4.29,77.45,-2.55,0.59,0.6,2.0,7.4,5.69,70286.0,677
3503307,Araras,SP,Sudeste,60.85,68.59,7.74,66.05,-2.54,0.59,0.6,2.2,7.0,5.45,130866.0,678
3552908,Taciba,SP,Sudeste,65.53,79.96,14.43,77.43,-2.53,0.58,0.59,5.1,7.1,5.3,6260.0,679
3502804,Araçatuba,SP,Sudeste,70.53,72.46,1.93,69.94,-2.52,0.58,0.59,2.4,7.2,5.35,200124.0,680
1507755,Sapucaia,PA,Norte,72.49,79.93,7.44,77.41,-2.52,0.58,0.59,15.0,5.6,4.53,5847.0,681
3550100,São Manuel,SP,Sudeste,66.6,69.4,2.8,66.88,-2.52,0.58,0.59,1.7,6.3,5.38,37289.0,682
3104700,Ataléia,MG,Sudeste,61.02,73.14,12.12,70.62,-2.51,0.58,0.59,1.8,5.4,4.49,13736.0,683
3544301,Roseira,SP,Sudeste,68.08,71.34,3.26,68.84,-2.5,0.58,0.59,4.5,6.5,5.37,10832.0,684
4308078,Fazenda Vilanova,RS,Sul,75.3,80.0,4.7,77.5,-2.5,0.58,0.59,6.4,6.4,5.49,4291.0,685
3519055,Holambra,SP,Sudeste,58.31,68.71,10.4,66.22,-2.49,0.58,0.59,1.4,6.4,5.38,15094.0,686
3545308,Salto de Pirapora,SP,Sudeste,51.57,61.29,9.72,58.8,-2.48,0.58,0.59,2.8,6.5,5.29,43748.0,687
4204301,Concórdia,SC,Sul,75.74,78.0,2.26,75.52,-2.48,0.58,0.59,5.4,6.7,5.65,81646.0,688
4316758,Santa Clara do Sul,RS,Sul,79.81,80.0,0.19,77.53,-2.47,0.58,0.59,2.1,7.2,5.69,6887.0,689
2506707,Imaculada,PB,Nordeste,50.71,73.15,22.44,70.68,-2.47,0.58,0.59,5.8,5.0,4.28,10392.0,690
2804003,Maruim,SE,Nordeste,36.38,46.27,9.89,43.82,-2.45,0.58,0.59,17.9,4.5,4.49,15719.0,691
3138104,Lassance,MG,Sudeste,73.2,80.0,6.8,77.56,-2.44,0.58,0.59,1.2,5.3,4.56,7124.0,692
4320909,Tapejara,RS,Sul,65.8,74.46,8.66,72.05,-2.42,0.58,0.59,2.7,6.7,5.51,24557.0,693
3518404,Guaratinguetá,SP,Sudeste,61.81,67.94,6.13,65.54,-2.4,0.58,0.59,2.2,6.7,5.34,118044.0,694
3527207,Lorena,SP,Sudeste,54.22,60.37,6.15,57.98,-2.39,0.58,0.59,7.4,5.9,5.2,84855.0,695
2804607,Nossa Senhora das Dores,SE,Nordeste,32.89,54.53,21.64,52.17,-2.36,0.58,0.59,9.0,5.3,4.44,24996.0,696
2109270,Presidente Sarney,MA,Nordeste,57.46,70.96,13.5,68.61,-2.35,0.58,0.59,5.3,5.3,4.14,17511.0,697
2407104,Macaíba,RN,Nordeste,39.14,52.16,13.02,49.83,-2.34,0.58,0.59,11.0,5.0,4.55,82249.0,698
2402808,Coronel Ezequiel,RN,Nordeste,22.84,59.34,36.5,57.0,-2.34,0.58,0.59,7.5,5.0,4.49,5117.0,699
3542602,Registro,SP,Sudeste,57.65,65.63,7.98,63.3,-2.33,0.58,0.59,2.4,6.6,5.13,59947.0,700
4302659,Brochier,RS,Sul,66.62,71.97,5.35,69.64,-2.33,0.58,0.59,3.5,7.1,5.54,4966.0,701
1500859,Anapu,PA,Norte,40.1,63.78,23.68,61.46,-2.32,0.58,0.59,14.7,4.7,4.46,31850.0,702
4315206,Putinga,RS,Sul,71.67,80.0,8.33,77.68,-2.32,0.58,0.59,1.1,6.5,5.52,3747.0,703
3106804,Bias Fortes,MG,Sudeste,81.33,73.98,-7.35,71.66,-2.32,0.58,0.59,2.0,3.6,4.87,3361.0,704
3533403,Nova Odessa,SP,Sudeste,63.43,66.98,3.55,64.67,-2.31,0.58,0.58,3.1,6.6,5.55,62019.0,705
4211876,Paial,SC,Sul,,75.05,,72.74,-2.3,0.58,0.58,2.4,,5.34,1927.0,706
2800704,Brejo Grande,SE,Nordeste,33.34,50.84,17.5,48.54,-2.3,0.58,0.58,13.9,4.6,4.28,7841.0,707
2807204,Siriri,SE,Nordeste,47.15,62.87,15.72,60.58,-2.29,0.58,0.58,10.4,5.3,4.45,7834.0,708
2111409,São Luís Gonzaga do Maranhão,MA,Nordeste,69.14,77.14,8.0,74.85,-2.28,0.58,0.58,7.9,5.1,4.24,17818.0,709
3514601,Dumont,SP,Sudeste,79.02,78.2,-0.82,75.92,-2.28,0.57,0.58,0.4,6.4,5.13,9471.0,710
4301651,Barão,RS,Sul,64.68,80.0,15.32,77.72,-2.28,0.57,0.58,3.0,7.1,5.71,6461.0,711
4304697,Capitão,RS,Sul,82.52,80.0,-2.52,77.73,-2.27,0.57,0.58,4.0,6.7,5.57,2921.0,712
2409902,Pendências,RN,Nordeste,34.65,59.46,24.81,57.19,-2.27,0.57,0.58,6.5,5.1,4.48,12278.0,713
4311908,Marcelino Ramos,RS,Sul,78.71,76.3,-2.41,74.04,-2.25,0.57,0.58,0.5,7.1,5.56,4320.0,714
2308708,Morada Nova,CE,Nordeste,62.38,75.63,13.25,73.38,-2.25,0.57,0.58,1.3,6.0,4.36,61443.0,715
3528502,Mairiporã,SP,Sudeste,63.23,67.01,3.78,64.76,-2.25,0.57,0.58,0.9,6.7,5.25,93853.0,716
3504909,Bananal,SP,Sudeste,51.3,63.26,11.96,61.02,-2.24,0.57,0.58,6.5,5.8,5.13,9969.0,717
3535408,Panorama,SP,Sudeste,83.63,80.0,-3.63,77.77,-2.23,0.57,0.58,4.4,6.8,5.2,14964.0,718
4305439,Chuí,RS,Sul,,64.43,,62.21,-2.22,0.57,0.58,7.7,6.3,5.36,6262.0,719
2614105,Sertânia,PE,Nordeste,43.08,69.11,26.03,66.9,-2.21,0.57,0.58,4.6,5.7,4.44,32811.0,720
3540804,Potirendaba,SP,Sudeste,63.28,69.91,6.63,67.72,-2.19,0.57,0.58,1.1,6.3,5.32,18496.0,721
3530300,Mirassol,SP,Sudeste,69.07,73.39,4.32,71.21,-2.18,0.57,0.58,2.4,7.1,5.47,63337.0,722
5005251,Laguna Carapã,MS,Centro-Oeste,76.55,80.0,3.45,77.83,-2.17,0.57,0.58,23.5,5.3,4.94,6799.0,723
3138674,Luisburgo,MG,Sudeste,70.49,80.0,9.51,77.84,-2.16,0.57,0.58,1.2,6.2,4.91,6956.0,724
3526100,Juquiá,SP,Sudeste,47.93,66.95,19.02,64.8,-2.15,0.57,0.58,1.4,6.8,4.92,17154.0,725
2806602,Santo Amaro das Brotas,SE,Nordeste,28.11,55.71,27.6,53.58,-2.14,0.57,0.58,9.1,5.6,4.49,11092.0,726
2301505,Arneiroz,CE,Nordeste,63.82,76.52,12.7,74.4,-2.11,0.57,0.58,1.4,5.5,4.28,7429.0,727
4307450,Esperança do Sul,RS,Sul,61.99,80.0,18.01,77.9,-2.1,0.57,0.58,1.8,6.9,5.08,3226.0,728
2604403,Chã de Alegria,PE,Nordeste,64.0,71.05,7.05,68.97,-2.08,0.57,0.57,7.8,5.2,4.27,12984.0,729
4219150,Vargem,SC,Sul,73.81,80.0,6.19,77.93,-2.07,0.57,0.57,3.9,5.9,5.45,2627.0,730
3507308,Boracéia,SP,Sudeste,67.66,75.21,7.55,73.14,-2.07,0.57,0.57,0.7,7.4,5.17,4715.0,731
2932705,Uruçuca,BA,Nordeste,35.27,52.75,17.48,50.7,-2.06,0.57,0.57,17.8,4.4,4.38,21420.0,732
4306734,Doutor Maurício Cardoso,RS,Sul,63.58,78.26,14.68,76.2,-2.05,0.57,0.57,3.9,6.8,5.42,4470.0,733
3525805,Júlio Mesquita,SP,Sudeste,60.71,72.96,12.25,70.91,-2.05,0.57,0.57,0.0,5.7,5.17,4254.0,734
4209607,Lauro Müller,SC,Sul,55.52,71.21,15.69,69.16,-2.05,0.57,0.57,6.8,6.4,5.69,14381.0,735
3161304,São Francisco de Sales,MG,Sudeste,69.42,78.08,8.66,76.04,-2.04,0.57,0.57,1.1,5.7,5.07,5732.0,736
3521150,Ipiguá,SP,Sudeste,43.3,63.38,20.08,61.34,-2.04,0.57,0.57,1.6,6.6,5.36,6761.0,737
3534609,Osvaldo Cruz,SP,Sudeste,65.38,68.7,3.32,66.68,-2.02,0.56,0.57,0.6,6.1,5.46,31272.0,738
3537008,Pedregulho,SP,Sudeste,60.02,69.98,9.96,67.96,-2.02,0.56,0.57,5.9,6.2,5.36,15525.0,739
2415008,Vila Flor,RN,Nordeste,34.0,44.51,10.51,42.51,-2.0,0.56,0.57,14.3,4.4,4.4,3174.0,740
4317806,Santo Augusto,RS,Sul,81.34,78.71,-2.63,76.72,-2.0,0.56,0.57,4.6,6.5,5.48,13902.0,741
4302352,Bom Princípio,RS,Sul,75.7,76.55,0.85,74.56,-1.99,0.56,0.57,5.0,6.7,5.7,13142.0,742
2500809,Araçagi,PB,Nordeste,51.62,71.58,19.96,69.59,-1.98,0.56,0.57,7.9,5.0,4.2,16646.0,743
3522604,Itapira,SP,Sudeste,66.32,69.79,3.47,67.82,-1.97,0.56,0.57,4.7,6.7,5.42,72022.0,744
1508159,Uruará,PA,Norte,59.48,72.33,12.85,70.42,-1.92,0.56,0.57,9.4,5.4,4.38,43558.0,745
2102358,Buritirana,MA,Nordeste,54.12,70.24,16.12,68.32,-1.91,0.56,0.57,10.0,5.2,4.44,12918.0,746
2800506,Areia Branca,SE,Nordeste,37.94,50.71,12.77,48.8,-1.91,0.56,0.57,15.6,5.0,4.53,18081.0,747
3526209,Juquitiba,SP,Sudeste,71.26,69.62,-1.64,67.71,-1.91,0.56,0.57,1.2,6.5,5.04,27404.0,748
3151701,Poço Fundo,MG,Sudeste,69.53,80.0,10.47,78.1,-1.9,0.56,0.56,1.9,6.3,5.21,16390.0,749
3518800,Guarulhos,SP,Sudeste,51.78,58.63,6.85,56.73,-1.9,0.56,0.56,1.9,6.3,5.21,1291771.0,750
2513109,Salgado de São Félix,PB,Nordeste,65.22,80.0,14.78,78.1,-1.9,0.56,0.56,3.7,5.4,4.13,11505.0,751
4312658,Não-Me-Toque,RS,Sul,63.85,72.64,8.79,70.75,-1.89,0.56,0.56,4.1,6.5,5.68,17898.0,752
1302405,Lábrea,AM,Norte,60.27,71.74,11.47,69.86,-1.87,0.56,0.56,15.6,5.4,4.52,45448.0,753
3542701,Restinga,SP,Sudeste,73.83,74.76,0.93,72.9,-1.86,0.56,0.56,6.4,6.2,5.33,6404.0,754
3515350,Euclides da Cunha Paulista,SP,Sudeste,78.11,77.76,-0.35,75.92,-1.85,0.56,0.56,1.1,6.5,5.22,7924.0,755
3513405,Cruzeiro,SP,Sudeste,55.44,58.58,3.14,56.74,-1.84,0.56,0.56,2.2,5.9,5.18,74961.0,756
3554805,Tremembé,SP,Sudeste,56.17,60.57,4.4,58.74,-1.83,0.56,0.56,5.5,6.1,5.35,51173.0,757
2404309,Governador Dix-Sept Rosado,RN,Nordeste,64.07,68.46,4.39,66.63,-1.83,0.56,0.56,13.3,5.1,4.45,11938.0,758
2202117,Campo Alegre do Fidalgo,PI,Nordeste,45.16,58.11,12.95,56.28,-1.83,0.56,0.56,17.8,4.3,4.38,4616.0,759
2603454,Camaragibe,PE,Nordeste,61.82,68.87,7.05,67.05,-1.82,0.56,0.56,9.7,5.8,4.6,147771.0,760
2111508,São Mateus do Maranhão,MA,Nordeste,61.65,71.85,10.2,70.04,-1.8,0.56,0.56,4.9,5.4,4.37,38829.0,761
4212239,Paraíso,SC,Sul,73.0,80.0,7.0,78.2,-1.8,0.56,0.56,6.0,,5.54,4267.0,762
4200903,Angelina,SC,Sul,78.92,80.0,1.08,78.2,-1.8,0.56,0.56,8.6,5.9,5.65,5358.0,763
4204558,Correia Pinto,SC,Sul,55.13,69.36,14.23,67.6,-1.76,0.55,0.56,4.5,6.0,5.48,15727.0,764
4307005,Erechim,RS,Sul,67.02,70.16,3.14,68.41,-1.75,0.55,0.56,4.4,6.8,5.61,105705.0,765
2106326,Maracaçumé,MA,Nordeste,56.25,68.51,12.26,66.77,-1.74,0.55,0.56,6.2,4.8,4.27,21149.0,766
2401701,Bom Jesus,RN,Nordeste,36.94,56.96,20.02,55.23,-1.73,0.55,0.56,10.1,5.1,4.57,9952.0,767
3511102,Catanduva,SP,Sudeste,62.47,66.69,4.22,64.98,-1.71,0.55,0.55,1.3,6.3,5.33,115791.0,768
3521903,Itajobi,SP,Sudeste,83.84,80.0,-3.84,78.29,-1.71,0.55,0.55,0.9,7.0,5.21,16989.0,769
4323457,Vila Nova do Sul,RS,Sul,55.0,63.92,8.92,62.21,-1.71,0.55,0.55,5.4,6.1,5.24,3863.0,770
4300208,Ajuricaba,RS,Sul,74.29,80.0,5.71,78.29,-1.71,0.55,0.55,2.3,6.9,5.49,6720.0,771
4200200,Agrolândia,SC,Sul,75.75,80.0,4.25,78.33,-1.67,0.55,0.55,4.6,6.6,5.69,10990.0,772
4202859,Braço do Trombudo,SC,Sul,44.66,70.64,25.98,69.0,-1.64,0.55,0.55,5.1,6.3,5.68,4026.0,773
3532009,Morungaba,SP,Sudeste,55.02,62.82,7.8,61.18,-1.63,0.55,0.55,1.6,6.3,5.35,13720.0,774
1304401,Urucurituba,AM,Norte,37.43,59.0,21.57,57.37,-1.63,0.55,0.55,7.7,4.7,4.08,23945.0,775
1302603,Manaus,AM,Norte,57.53,65.58,8.05,63.94,-1.63,0.55,0.55,8.5,6.4,4.9,2063689.0,776
2111706,São Vicente Ferrer,MA,Nordeste,58.19,70.07,11.88,68.44,-1.63,0.55,0.55,4.3,4.9,4.25,19498.0,777
3303807,Paraty,RJ,Sudeste,55.19,64.81,9.62,63.21,-1.6,0.55,0.55,14.3,5.9,4.97,45243.0,778
3530805,Mogi Mirim,SP,Sudeste,58.66,66.39,7.73,64.8,-1.59,0.55,0.55,1.8,6.7,5.48,92558.0,779
4202800,Braço do Norte,SC,Sul,63.36,69.87,6.51,68.31,-1.56,0.55,0.55,8.4,5.9,5.56,33773.0,780
3539301,Pirassununga,SP,Sudeste,57.47,62.25,4.78,60.69,-1.56,0.55,0.55,2.3,6.1,5.37,73545.0,781
5004007,Glória de Dourados,MS,Centro-Oeste,65.54,79.38,13.84,77.83,-1.56,0.55,0.55,11.9,5.9,5.4,10444.0,782
3544905,Sales Oliveira,SP,Sudeste,61.21,68.77,7.56,67.22,-1.55,0.55,0.55,0.2,6.1,5.35,11411.0,783
2100204,Alcântara,MA,Nordeste,65.67,76.42,10.75,74.88,-1.55,0.55,0.55,8.3,5.4,4.15,18467.0,784
2801504,Carmópolis,SE,Nordeste,38.74,49.04,10.3,47.51,-1.54,0.55,0.55,13.5,4.9,4.6,13853.0,785
3302403,Macaé,RJ,Sudeste,63.52,69.48,5.96,67.95,-1.53,0.55,0.55,16.2,5.9,5.06,246391.0,786
3143500,Morada Nova de Minas,MG,Sudeste,68.34,80.0,11.66,78.49,-1.51,0.54,0.54,1.4,6.5,5.12,9067.0,787
2409100,Passa e Fica,RN,Nordeste,39.35,48.83,9.48,47.32,-1.51,0.54,0.54,6.3,4.9,4.42,10896.0,788
4304614,Canudos do Vale,RS,Sul,80.0,80.0,0.0,78.51,-1.49,0.54,0.54,5.8,6.1,5.22,1656.0,789
4204905,Descanso,SC,Sul,73.19,80.0,6.81,78.51,-1.49,0.54,0.54,3.1,6.2,5.6,8530.0,790
3119609,Coronel Pacheco,MG,Sudeste,48.21,80.0,31.79,78.51,-1.49,0.54,0.54,5.3,5.9,5.07,2762.0,791
3170578,Vargem Alegre,MG,Sudeste,69.96,80.0,10.04,78.52,-1.48,0.54,0.54,1.9,6.4,4.7,5780.0,792
1301654,Guajará,AM,Norte,61.18,70.48,9.3,69.01,-1.48,0.54,0.54,16.7,5.1,4.25,13815.0,793
4320578,Sete de Setembro,RS,Sul,92.31,79.19,-13.12,77.73,-1.47,0.54,0.54,1.0,,5.11,1830.0,794
3544103,Rio Grande da Serra,SP,Sudeste,42.86,53.86,11.0,52.4,-1.46,0.54,0.54,2.1,6.5,5.23,44170.0,795
4308854,Gentil,RS,Sul,75.0,80.0,5.0,78.55,-1.45,0.54,0.54,1.7,6.7,5.58,1744.0,796
4202305,Biguaçu,SC,Sul,41.81,58.24,16.43,56.8,-1.44,0.54,0.54,10.8,6.0,5.39,76773.0,797
3162807,São João Evangelista,MG,Sudeste,75.5,80.0,4.5,78.57,-1.43,0.54,0.54,1.2,5.9,4.87,15315.0,798
4322251,Tupandi,RS,Sul,60.98,80.0,19.02,78.59,-1.41,0.54,0.54,8.2,7.4,5.69,5029.0,799
4216206,São Francisco do Sul,SC,Sul,53.31,61.51,8.2,60.12,-1.39,0.54,0.54,7.5,5.9,5.5,52674.0,800
2600708,Aliança,PE,Nordeste,50.89,67.09,16.2,65.7,-1.39,0.54,0.54,11.5,4.8,4.07,35741.0,801
2106904,Monção,MA,Nordeste,50.29,65.46,15.17,64.08,-1.38,0.54,0.54,14.5,4.6,4.14,27751.0,802
4321857,Três Palmeiras,RS,Sul,73.72,80.0,6.28,78.62,-1.38,0.54,0.54,0.8,6.7,5.25,4716.0,803
4309605,Horizontina,RS,Sul,67.85,75.25,7.4,73.88,-1.37,0.54,0.54,1.0,7.2,5.64,18851.0,804
3500600,Águas de São Pedro,SP,Sudeste,78.26,80.0,1.74,78.63,-1.37,0.54,0.54,2.2,7.1,5.86,2780.0,805
4316303,Roque Gonzales,RS,Sul,86.17,77.62,-8.55,76.26,-1.36,0.54,0.54,4.7,8.2,5.39,6576.0,806
4311239,Lagoa Bonita do Sul,RS,Sul,69.76,75.05,5.29,73.69,-1.36,0.54,0.54,0.0,,5.15,2251.0,807
3546603,Santa Fé do Sul,SP,Sudeste,65.58,69.15,3.57,67.79,-1.35,0.54,0.54,1.4,7.0,5.48,34794.0,808
3518206,Guararapes,SP,Sudeste,63.07,68.63,5.56,67.28,-1.35,0.54,0.54,3.6,6.6,5.23,31043.0,809
3533502,Novo Horizonte,SP,Sudeste,72.63,70.33,-2.3,68.98,-1.35,0.54,0.54,0.8,6.9,5.31,38324.0,810
3535507,Paraguaçu Paulista,SP,Sudeste,55.07,63.47,8.4,62.12,-1.35,0.54,0.54,0.1,6.5,5.3,41120.0,811
1301902,Itacoatiara,AM,Norte,47.12,62.47,15.35,61.14,-1.33,0.54,0.54,6.8,5.8,4.4,103598.0,812
4209854,Lindóia do Sul,SC,Sul,63.44,80.0,16.56,78.68,-1.32,0.54,0.53,4.2,8.0,5.62,4549.0,813
3545803,Santa Bárbara d'Oeste,SP,Sudeste,63.05,66.82,3.77,65.5,-1.32,0.54,0.53,1.4,7.0,5.48,183347.0,814
3522307,Itapetininga,SP,Sudeste,52.36,60.19,7.83,58.86,-1.32,0.54,0.53,1.1,6.4,5.3,157790.0,815
3556800,Viradouro,SP,Sudeste,65.04,71.34,6.3,70.02,-1.31,0.54,0.53,1.1,6.4,5.18,17414.0,816
4315149,Presidente Lucena,RS,Sul,83.54,80.0,-3.54,78.7,-1.3,0.54,0.53,1.4,,5.88,3077.0,817
3503505,Areias,SP,Sudeste,49.41,69.29,19.88,68.0,-1.29,0.54,0.53,0.8,6.3,4.92,3577.0,818
3137601,Lagoa Santa,MG,Sudeste,66.14,70.4,4.26,69.12,-1.28,0.54,0.53,2.3,6.3,5.38,75145.0,819
2301851,Banabuiú,CE,Nordeste,75.73,80.0,4.27,78.72,-1.28,0.53,0.53,2.2,5.8,4.33,17195.0,820
2614808,Tacaratu,PE,Nordeste,54.9,67.54,12.64,66.28,-1.26,0.53,0.53,4.1,5.7,4.43,23902.0,821
3531407,Monte Aprazível,SP,Sudeste,81.89,76.46,-5.43,75.21,-1.25,0.53,0.53,1.4,6.6,5.31,22280.0,822
2401651,Bodó,RN,Nordeste,59.88,72.07,12.19,70.82,-1.25,0.53,0.53,9.3,5.3,4.47,2306.0,823
3510807,Casa Branca,SP,Sudeste,50.16,61.75,11.59,60.51,-1.24,0.53,0.53,2.0,6.1,5.3,28083.0,824
3155504,Rio Paranaíba,MG,Sudeste,80.09,79.26,-0.83,78.02,-1.24,0.53,0.53,4.5,6.1,5.19,14532.0,825
4202404,Blumenau,SC,Sul,65.17,71.51,6.34,70.27,-1.23,0.53,0.53,4.5,6.6,5.59,361261.0,826
1301308,Codajás,AM,Norte,47.45,61.03,13.58,59.79,-1.23,0.53,0.53,9.7,4.9,4.28,23549.0,827
3545209,Salto,SP,Sudeste,65.51,67.63,2.12,66.41,-1.23,0.53,0.53,1.2,6.9,5.49,134319.0,828
2609600,Olinda,PE,Nordeste,61.61,69.33,7.72,68.13,-1.2,0.53,0.53,15.1,5.6,4.58,349976.0,829
3500303,Aguaí,SP,Sudeste,57.09,62.85,5.76,61.66,-1.19,0.53,0.53,4.0,6.2,5.25,32072.0,830
3511409,Cerqueira César,SP,Sudeste,48.95,61.22,12.27,60.04,-1.18,0.53,0.53,0.6,6.4,5.23,21469.0,831
3535606,Paraibuna,SP,Sudeste,66.44,71.31,4.87,70.14,-1.17,0.53,0.53,3.7,6.5,5.11,17667.0,832
3537800,Piedade,SP,Sudeste,63.42,68.83,5.41,67.65,-1.17,0.53,0.53,0.8,6.4,5.22,52970.0,833
4215406,Salto Veloso,SC,Sul,79.07,80.0,0.93,78.83,-1.17,0.53,0.53,4.5,6.8,5.64,4390.0,834
3305752,Tanguá,RJ,Sudeste,61.19,67.22,6.03,66.07,-1.15,0.53,0.53,20.5,5.2,4.89,31086.0,835
3303302,Niterói,RJ,Sudeste,58.67,65.43,6.76,64.29,-1.14,0.53,0.53,16.9,5.5,4.94,481749.0,836
3521408,Iracemápolis,SP,Sudeste,66.53,69.34,2.81,68.2,-1.13,0.53,0.53,0.4,6.8,5.46,21967.0,837
4321402,Tenente Portela,RS,Sul,69.9,73.39,3.49,72.26,-1.13,0.53,0.53,3.7,6.7,5.24,14497.0,838
2104701,Graça Aranha,MA,Nordeste,70.84,76.06,5.22,74.94,-1.12,0.53,0.53,6.6,4.7,4.54,6023.0,839
2612703,Santa Maria do Cambucá,PE,Nordeste,78.0,80.0,2.0,78.88,-1.12,0.53,0.53,7.2,5.4,4.32,14013.0,840
2101608,Barra do Corda,MA,Nordeste,63.26,72.3,9.04,71.21,-1.08,0.53,0.52,13.2,5.1,4.48,84532.0,841
2606408,Gravatá,PE,Nordeste,41.59,60.25,18.66,59.17,-1.08,0.53,0.52,14.1,5.3,4.48,86516.0,842
4316709,Santa Bárbara do Sul,RS,Sul,61.89,73.0,11.11,71.92,-1.08,0.53,0.52,1.7,6.8,5.61,8122.0,843
4204202,Chapecó,SC,Sul,59.11,67.63,8.52,66.56,-1.08,0.53,0.52,5.4,6.4,5.48,254785.0,844
3550704,São Sebastião,SP,Sudeste,52.62,58.51,5.89,57.43,-1.08,0.53,0.52,1.7,6.1,5.16,81595.0,845
4305405,Chiapetta,RS,Sul,72.74,79.19,6.45,78.12,-1.07,0.53,0.52,3.4,6.7,5.64,3913.0,846
4217006,São Ludgero,SC,Sul,61.51,73.0,11.49,71.93,-1.07,0.53,0.52,4.7,6.5,5.65,13509.0,847
4308904,Getúlio Vargas,RS,Sul,80.47,76.46,-4.01,75.4,-1.06,0.53,0.52,1.9,6.9,5.56,16602.0,848
2607307,Ipubi,PE,Nordeste,72.86,75.65,2.79,74.6,-1.06,0.53,0.52,5.5,5.7,4.18,29009.0,849
2308302,Milagres,CE,Nordeste,72.17,77.39,5.22,76.33,-1.06,0.53,0.52,1.9,5.5,4.27,25900.0,850
3137106,Lagamar,MG,Sudeste,72.04,80.0,7.96,78.94,-1.06,0.53,0.52,4.4,6.1,5.01,6631.0,851
1303205,Novo Airão,AM,Norte,70.46,77.71,7.25,76.68,-1.04,0.53,0.52,4.3,6.1,4.62,15761.0,852
2307700,Maranguape,CE,Nordeste,77.54,79.86,2.32,78.83,-1.03,0.53,0.52,1.7,6.1,4.48,105093.0,853
3535101,Palmares Paulista,SP,Sudeste,75.22,80.0,4.78,78.97,-1.03,0.53,0.52,1.0,6.9,5.16,9650.0,854
3300233,Armação dos Búzios,RJ,Sudeste,73.38,73.18,-0.2,72.17,-1.01,0.52,0.52,21.9,5.8,5.01,40006.0,855
4315909,Rodeio Bonito,RS,Sul,81.51,80.0,-1.51,78.99,-1.01,0.52,0.52,3.2,6.5,5.62,6654.0,856
4218954,Urupema,SC,Sul,68.97,80.0,11.03,79.01,-0.99,0.52,0.52,7.4,6.4,5.37,2656.0,857
3508207,Buritizal,SP,Sudeste,82.35,80.0,-2.35,79.02,-0.98,0.52,0.52,7.5,6.4,5.22,4356.0,858
3306107,Valença,RJ,Sudeste,64.33,68.72,4.39,67.75,-0.97,0.52,0.52,21.5,5.7,5.03,68088.0,859
4305801,Constantina,RS,Sul,80.03,80.0,-0.03,79.03,-0.97,0.52,0.52,1.8,7.6,5.57,10385.0,860
4309506,Guarani das Missões,RS,Sul,66.86,74.81,7.95,73.84,-0.97,0.52,0.52,2.0,6.6,5.45,7415.0,861
3303609,Paracambi,RJ,Sudeste,65.14,71.72,6.58,70.76,-0.96,0.52,0.52,19.9,5.9,5.08,41375.0,862
3508108,Buritama,SP,Sudeste,69.47,71.57,2.1,70.61,-0.96,0.52,0.52,1.1,6.9,5.3,17210.0,863
4205175,Entre Rios,SC,Sul,49.64,74.56,24.92,73.6,-0.96,0.52,0.52,3.9,6.1,4.86,3402.0,864
4319703,São Valentim,RS,Sul,77.9,80.0,2.1,79.06,-0.94,0.52,0.52,2.2,6.9,5.52,3264.0,865
4218004,Tijucas,SC,Sul,48.93,61.36,12.43,60.42,-0.94,0.52,0.52,10.1,6.1,5.51,51592.0,866
3527702,Luiziânia,SP,Sudeste,53.26,66.83,13.57,65.91,-0.92,0.52,0.52,5.6,6.7,5.04,4701.0,867
3503901,Arujá,SP,Sudeste,58.38,64.88,6.5,63.96,-0.91,0.52,0.52,1.4,6.6,5.42,86678.0,868
3303500,Nova Iguaçu,RJ,Sudeste,40.81,54.87,14.06,53.97,-0.9,0.52,0.51,20.0,5.0,4.8,785867.0,869
3301108,Cantagalo,RJ,Sudeste,58.64,67.4,8.76,66.5,-0.9,0.52,0.51,22.8,5.5,5.07,19390.0,870
4306007,Crissiumal,RS,Sul,66.39,76.27,9.88,75.37,-0.89,0.52,0.51,5.5,7.4,5.48,12886.0,871
4310439,Ipê,RS,Sul,89.36,80.0,-9.36,79.12,-0.88,0.52,0.51,6.7,6.3,5.66,5399.0,872
4303806,Campinas do Sul,RS,Sul,67.88,80.0,12.12,79.13,-0.87,0.52,0.51,0.3,6.9,5.61,5284.0,873
3548906,São Carlos,SP,Sudeste,59.36,65.24,5.88,64.38,-0.86,0.52,0.51,2.5,7.1,5.47,254857.0,874
2107308,Nova Iorque,MA,Nordeste,68.15,78.56,10.41,77.7,-0.86,0.52,0.51,13.1,,4.26,4320.0,875
4316105,Ronda Alta,RS,Sul,71.35,77.4,6.05,76.54,-0.86,0.52,0.51,3.7,7.5,5.66,9777.0,876
3102803,Andrelândia,MG,Sudeste,67.4,71.11,3.71,70.27,-0.85,0.52,0.51,4.8,5.5,5.09,11927.0,877
2509602,Monte Horebe,PB,Nordeste,71.07,80.0,8.93,79.16,-0.84,0.52,0.51,3.1,6.3,4.36,4338.0,878
3554409,Terra Roxa,SP,Sudeste,61.3,73.19,11.89,72.36,-0.83,0.52,0.51,1.2,6.4,5.3,7904.0,879
4304002,Campo Novo,RS,Sul,47.39,71.01,23.62,70.19,-0.82,0.52,0.51,3.7,6.2,5.32,4975.0,880
3547304,Santana de Parnaíba,SP,Sudeste,64.72,68.0,3.28,67.18,-0.82,0.52,0.51,2.2,6.7,5.38,154105.0,881
5105234,Lambari D'Oeste,MT,Centro-Oeste,65.04,80.0,14.96,79.2,-0.8,0.52,0.51,3.0,5.1,4.81,4790.0,882
3133105,Itanhandu,MG,Sudeste,71.12,80.0,8.88,79.2,-0.8,0.52,0.51,1.5,7.1,5.22,15236.0,883
3510005,Cândido Mota,SP,Sudeste,81.57,76.04,-5.53,75.25,-0.79,0.52,0.51,1.0,6.9,5.38,29449.0,884
3112505,Capim Branco,MG,Sudeste,68.55,79.0,10.45,78.22,-0.78,0.52,0.51,1.3,7.0,5.1,10663.0,885
3540408,Populina,SP,Sudeste,79.44,78.82,-0.62,78.06,-0.77,0.51,0.51,4.1,6.7,5.47,4127.0,886
3507407,Borborema,SP,Sudeste,78.25,80.0,1.75,79.24,-0.76,0.51,0.51,0.5,7.9,5.32,14226.0,887
1505551,Pau D'Arco,PA,Norte,48.96,64.77,15.81,64.02,-0.76,0.51,0.51,10.3,4.6,4.49,6931.0,888
3539707,Platina,SP,Sudeste,58.21,75.36,17.15,74.64,-0.71,0.51,0.51,1.5,7.1,5.3,3025.0,889
3556107,Valentim Gentil,SP,Sudeste,71.25,73.13,1.88,72.43,-0.7,0.51,0.51,1.4,7.0,5.22,14098.0,890
2609402,Moreno,PE,Nordeste,52.46,66.18,13.72,65.48,-0.7,0.51,0.51,11.3,5.1,4.42,55292.0,891
4312450,Morro Redondo,RS,Sul,75.6,76.16,0.56,75.46,-0.7,0.51,0.51,5.5,6.3,5.45,6046.0,892
1720150,São Félix do Tocantins,TO,Norte,62.5,80.0,17.5,79.3,-0.7,0.51,0.51,2.5,5.3,4.11,1783.0,893
2608057,Jatobá,PE,Nordeste,72.94,77.85,4.91,77.16,-0.7,0.51,0.51,6.5,5.7,4.72,14020.0,894
3140530,Martins Soares,MG,Sudeste,61.67,78.08,16.41,77.38,-0.7,0.51,0.51,4.3,6.6,4.87,8396.0,895
3302601,Mangaratiba,RJ,Sudeste,54.31,63.13,8.82,62.44,-0.69,0.51,0.51,13.0,5.3,5.08,41220.0,896
4301107,Arroio dos Ratos,RS,Sul,47.4,59.24,11.84,58.55,-0.69,0.51,0.51,9.8,5.7,5.25,14601.0,897
3526902,Limeira,SP,Sudeste,70.75,70.75,-0.0,70.06,-0.69,0.51,0.51,1.1,7.1,5.46,291869.0,898
3528809,Maracaí,SP,Sudeste,81.28,80.0,-1.28,79.31,-0.69,0.51,0.51,0.6,7.2,5.34,12673.0,899
2410306,Serra Caiada,RN,Nordeste,37.01,52.42,15.41,51.76,-0.66,0.51,0.5,7.2,4.9,4.37,10125.0,900
3549102,São João da Boa Vista,SP,Sudeste,64.28,66.79,2.51,66.14,-0.65,0.51,0.5,0.6,6.8,5.49,92547.0,901
2109403,Primeira Cruz,MA,Nordeste,72.69,77.53,4.84,76.88,-0.65,0.51,0.5,6.8,5.0,3.95,13614.0,902
4208906,Jaraguá do Sul,SC,Sul,71.79,76.07,4.28,75.42,-0.64,0.51,0.5,2.7,7.2,5.61,182660.0,903
3108206,Bonfinópolis de Minas,MG,Sudeste,67.37,80.0,12.63,79.38,-0.62,0.51,0.5,1.3,6.4,5.03,5528.0,904
2925956,Rafael Jambeiro,BA,Nordeste,53.26,63.59,10.33,62.97,-0.62,0.51,0.5,2.9,4.0,4.17,19662.0,905
3529203,Martinópolis,SP,Sudeste,54.52,66.0,11.48,65.4,-0.61,0.51,0.5,0.7,6.7,5.28,24881.0,906
2922755,Nova Ibiá,BA,Nordeste,47.15,64.61,17.46,64.0,-0.6,0.51,0.5,14.8,4.4,4.17,6501.0,907
2929206,São Francisco do Conde,BA,Nordeste,43.03,52.76,9.73,52.19,-0.57,0.51,0.5,15.8,4.6,4.52,38733.0,908
3162575,São João do Manteninha,MG,Sudeste,77.46,79.94,2.48,79.37,-0.57,0.51,0.5,0.8,6.5,5.02,5331.0,909
2802908,Itabaiana,SE,Nordeste,41.89,50.37,8.48,49.81,-0.57,0.51,0.5,13.5,5.1,4.58,103440.0,910
2924207,Pedro Alexandre,BA,Nordeste,21.39,52.16,30.77,51.61,-0.55,0.51,0.5,14.5,4.6,4.01,13954.0,911
3532058,Motuca,SP,Sudeste,70.59,79.96,9.37,79.41,-0.55,0.51,0.5,6.3,7.1,5.29,4034.0,912
2401602,Bento Fernandes,RN,Nordeste,32.74,40.08,7.34,39.55,-0.53,0.51,0.5,17.0,3.8,4.36,4807.0,913
2804201,Monte Alegre de Sergipe,SE,Nordeste,32.36,48.98,16.62,48.45,-0.53,0.51,0.5,14.0,4.9,4.4,14336.0,914
4313037,Nova Esperança do Sul,RS,Sul,78.26,80.0,1.74,79.47,-0.53,0.5,0.5,0.7,7.1,5.27,4865.0,915
4205902,Gaspar,SC,Sul,64.46,70.78,6.32,70.25,-0.52,0.5,0.5,3.4,6.5,5.55,72570.0,916
3125408,Felício dos Santos,MG,Sudeste,76.54,80.0,3.46,79.49,-0.51,0.5,0.5,5.5,6.4,4.55,5133.0,917
3549904,São José dos Campos,SP,Sudeste,68.35,68.25,-0.1,67.74,-0.51,0.5,0.5,1.2,6.9,5.46,697054.0,918
2915700,Itamari,BA,Nordeste,50.91,69.38,18.47,68.87,-0.51,0.5,0.5,18.8,4.9,4.24,7051.0,919
4304853,Carlos Gomes,RS,Sul,50.0,66.78,16.78,66.29,-0.49,0.5,0.5,0.0,,5.46,1368.0,920
4203105,Caibi,SC,Sul,59.54,77.49,17.95,77.0,-0.49,0.5,0.5,3.4,6.4,5.59,6304.0,921
3512100,Colômbia,SP,Sudeste,79.99,80.0,0.01,79.51,-0.49,0.5,0.5,9.9,7.7,5.3,6629.0,922
3550308,São Paulo,SP,Sudeste,53.07,57.72,4.65,57.24,-0.48,0.5,0.5,3.2,6.2,5.13,11451999.0,923
3513306,Cruzália,SP,Sudeste,76.0,80.0,4.0,79.52,-0.48,0.5,0.5,0.0,,5.47,2108.0,924
3120151,Crisólita,MG,Sudeste,42.86,65.98,23.12,65.51,-0.47,0.5,0.5,5.6,5.2,4.4,5265.0,925
3143609,Morro da Garça,MG,Sudeste,70.24,80.0,9.76,79.53,-0.47,0.5,0.5,10.3,5.7,4.65,2411.0,926
3165537,Sarzedo,MG,Sudeste,79.39,80.0,0.61,79.54,-0.46,0.5,0.5,3.4,6.9,5.39,36844.0,927
3507704,Braúna,SP,Sudeste,71.03,80.0,8.97,79.55,-0.45,0.5,0.5,2.5,7.9,5.14,5356.0,928
2309706,Pacatuba,CE,Nordeste,74.33,77.79,3.46,77.35,-0.45,0.5,0.5,3.1,6.1,4.6,81524.0,929
4304903,Casca,RS,Sul,81.22,80.0,-1.22,79.57,-0.43,0.5,0.5,0.8,7.1,5.61,9465.0,930
2106359,Marajá do Sena,MA,Nordeste,73.66,80.0,6.34,79.57,-0.43,0.5,0.5,9.7,4.9,4.23,7027.0,931
2706448,Paripueira,AL,Nordeste,49.22,66.2,16.98,65.79,-0.42,0.5,0.5,6.4,5.1,4.49,13835.0,932
3303708,Paraíba do Sul,RJ,Sudeste,57.99,64.4,6.41,63.99,-0.42,0.5,0.5,9.8,5.6,5.05,42063.0,933
4311791,Maratá,RS,Sul,77.2,74.0,-3.2,73.58,-0.42,0.5,0.5,1.6,,5.6,2470.0,934
2103703,Cururupu,MA,Nordeste,67.45,72.49,5.04,72.08,-0.41,0.5,0.5,3.0,4.7,4.11,31558.0,935
3156601,Rubim,MG,Sudeste,74.93,80.0,5.07,79.59,-0.41,0.5,0.5,1.2,5.6,4.43,10298.0,936
4323309,Vila Flores,RS,Sul,67.45,80.0,12.55,79.61,-0.39,0.5,0.5,7.4,7.3,5.76,3646.0,937
3529104,Marinópolis,SP,Sudeste,69.23,80.0,10.77,79.62,-0.38,0.5,0.5,0.0,7.2,5.28,1860.0,938
2602100,Bom Conselho,PE,Nordeste,53.64,69.54,15.9,69.18,-0.36,0.5,0.49,9.3,5.4,4.2,44294.0,939
3515152,Engenheiro Coelho,SP,Sudeste,59.53,66.16,6.63,65.8,-0.36,0.5,0.49,11.8,6.0,5.11,19566.0,940
4305447,Chuvisca,RS,Sul,68.93,75.16,6.23,74.81,-0.35,0.5,0.49,10.1,6.4,5.19,4597.0,941
4218301,Três Barras,SC,Sul,53.81,64.33,10.52,63.98,-0.35,0.5,0.49,7.7,5.9,5.27,19746.0,942
2803500,Lagarto,SE,Nordeste,45.77,56.35,10.58,56.01,-0.34,0.5,0.49,10.5,5.4,4.55,101579.0,943
4216800,São José do Cerrito,SC,Sul,75.33,78.03,2.7,77.7,-0.33,0.5,0.49,1.8,7.1,5.37,8708.0,944
3148004,Patos de Minas,MG,Sudeste,67.07,74.17,7.1,73.85,-0.33,0.5,0.49,1.7,6.7,5.35,159235.0,945
3160108,Santo Antônio do Grama,MG,Sudeste,63.51,80.0,16.49,79.68,-0.32,0.5,0.49,7.9,6.4,4.91,4229.0,946
3154309,Resplendor,MG,Sudeste,71.38,75.41,4.03,75.1,-0.32,0.5,0.49,7.9,5.9,4.99,17226.0,947
1304062,Tabatinga,AM,Norte,44.55,59.84,15.29,59.52,-0.31,0.5,0.49,5.0,5.1,4.08,66764.0,948
4312179,Mato Queimado,RS,Sul,100.0,80.0,-20.0,79.69,-0.31,0.5,0.49,4.0,6.9,5.65,1795.0,949
3500907,Altair,SP,Sudeste,56.25,67.44,11.19,67.14,-0.3,0.5,0.49,0.0,6.1,5.21,3451.0,950
2201804,Bocaina,PI,Nordeste,52.63,80.0,27.37,79.7,-0.3,0.5,0.49,3.0,5.4,4.47,4078.0,951
3512506,Coroados,SP,Sudeste,67.94,74.32,6.38,74.03,-0.3,0.5,0.49,0.9,6.5,5.34,5400.0,952
3503109,Arandu,SP,Sudeste,49.95,66.61,16.66,66.31,-0.3,0.5,0.49,0.9,6.6,5.31,6885.0,953
3556206,Valinhos,SP,Sudeste,62.63,64.81,2.18,64.52,-0.29,0.5,0.49,6.6,6.5,5.56,126373.0,954
2111789,Serrano do Maranhão,MA,Nordeste,52.44,73.59,21.15,73.29,-0.29,0.5,0.49,5.7,4.8,3.88,10202.0,955
3115508,Caxambu,MG,Sudeste,79.21,77.99,-1.22,77.7,-0.29,0.5,0.49,3.7,6.1,5.06,21056.0,956
4203808,Canoinhas,SC,Sul,71.91,76.67,4.76,76.39,-0.28,0.5,0.49,1.8,6.8,5.51,55016.0,957
2610301,Paranatama,PE,Nordeste,69.21,76.78,7.57,76.52,-0.26,0.49,0.49,3.6,5.9,4.39,12199.0,958
3502101,Andradina,SP,Sudeste,68.85,68.02,-0.83,67.76,-0.26,0.49,0.49,2.0,6.5,5.32,59783.0,959
3530409,Mirassolândia,SP,Sudeste,54.93,69.15,14.22,68.92,-0.23,0.49,0.49,2.4,6.7,5.36,4669.0,960
3158300,Santana da Vargem,MG,Sudeste,,72.0,,71.78,-0.23,0.49,0.49,5.6,6.9,5.12,6691.0,961
3512803,Cosmópolis,SP,Sudeste,63.42,65.96,2.54,65.74,-0.22,0.49,0.49,5.8,6.7,5.43,59773.0,962
3553856,Taquarivaí,SP,Sudeste,61.17,70.59,9.42,70.36,-0.22,0.49,0.49,2.1,6.6,5.16,6876.0,963
3121209,Delfinópolis,MG,Sudeste,71.33,79.56,8.23,79.35,-0.21,0.49,0.49,1.8,6.2,5.19,8393.0,964
3305802,Teresópolis,RJ,Sudeste,68.08,69.41,1.33,69.22,-0.19,0.49,0.48,5.3,5.9,5.15,165123.0,965
3554201,Tejupá,SP,Sudeste,59.81,76.38,16.57,76.21,-0.16,0.49,0.48,10.0,6.1,4.94,4127.0,966
2616407,Vitória de Santo Antão,PE,Nordeste,47.31,62.35,15.04,62.2,-0.16,0.49,0.48,10.3,5.5,4.46,134084.0,967
1301001,Carauari,AM,Norte,52.01,63.05,11.04,62.9,-0.15,0.49,0.48,12.9,5.2,4.13,28742.0,968
1501402,Belém,PA,Norte,50.65,63.49,12.84,63.35,-0.14,0.49,0.48,11.0,5.8,4.51,1303403.0,969
3520400,Ilhabela,SP,Sudeste,52.12,61.3,9.18,61.16,-0.14,0.49,0.48,2.4,6.6,5.14,34934.0,970
3533007,Nova Granada,SP,Sudeste,72.36,70.16,-2.2,70.02,-0.14,0.49,0.48,1.7,6.5,5.19,19419.0,971
3527900,Lutécia,SP,Sudeste,61.76,75.45,13.69,75.32,-0.13,0.49,0.48,2.9,7.0,5.3,2661.0,972
3528007,Macatuba,SP,Sudeste,67.89,72.08,4.19,71.96,-0.13,0.49,0.48,4.6,7.0,5.42,16829.0,973
3526506,Lavínia,SP,Sudeste,67.99,70.57,2.58,70.44,-0.12,0.49,0.48,3.2,6.0,5.28,9689.0,974
3528304,Magda,SP,Sudeste,96.67,80.0,-16.67,79.88,-0.12,0.49,0.48,1.1,,5.18,3165.0,975
4314423,Picada Café,RS,Sul,72.39,80.0,7.61,79.9,-0.1,0.49,0.48,3.5,7.7,5.78,5351.0,976
1304237,Tonantins,AM,Norte,55.58,62.27,6.69,62.17,-0.09,0.49,0.48,5.7,4.2,3.95,19247.0,977
2913606,Ilhéus,BA,Nordeste,44.91,54.24,9.33,54.15,-0.09,0.49,0.48,22.2,4.6,4.53,178649.0,978
2301307,Araripe,CE,Nordeste,72.6,77.51,4.91,77.42,-0.09,0.49,0.48,2.2,6.0,4.22,19783.0,979
1600154,Pedra Branca do Amapari,AP,Norte,68.29,72.7,4.41,72.62,-0.08,0.49,0.48,25.8,5.1,4.51,12847.0,980
4322905,Viadutos,RS,Sul,83.33,80.0,-3.33,79.92,-0.08,0.49,0.48,1.5,7.1,5.49,4769.0,981
4216008,São Carlos,SC,Sul,81.96,80.0,-1.96,79.94,-0.06,0.49,0.48,5.1,6.9,5.65,10282.0,982
1300144,Apuí,AM,Norte,58.38,67.92,9.54,67.87,-0.05,0.49,0.48,13.8,5.6,4.64,20647.0,983
2932903,Valença,BA,Nordeste,46.74,53.44,6.7,53.4,-0.04,0.49,0.48,23.8,4.7,4.36,85655.0,984
2616209,Vertentes,PE,Nordeste,54.56,67.04,12.48,67.01,-0.03,0.49,0.48,13.4,5.4,4.37,21959.0,985
3525706,José Bonifácio,SP,Sudeste,64.82,67.41,2.59,67.38,-0.03,0.49,0.48,3.1,6.4,5.31,36633.0,986
2924678,Piraí do Norte,BA,Nordeste,48.81,63.2,14.39,63.17,-0.03,0.48,0.48,18.5,4.2,4.07,10974.0,987
4316204,Rondinha,RS,Sul,82.91,80.0,-2.91,79.97,-0.03,0.48,0.48,0.8,7.7,5.62,4991.0,988
2802809,Indiaroba,SE,Nordeste,54.62,57.99,3.37,57.97,-0.02,0.48,0.48,5.9,4.2,4.15,16549.0,989
2308104,Mauriti,CE,Nordeste,79.23,80.0,0.77,79.99,-0.01,0.48,0.48,1.9,5.8,4.17,45561.0,990
4307831,Eugênio de Castro,RS,Sul,41.67,61.0,19.33,60.99,-0.01,0.48,0.48,10.7,7.1,5.27,2633.0,991
4301206,Arroio do Tigre,RS,Sul,83.79,80.0,-3.79,80.03,0.03,0.48,0.47,1.1,7.0,5.25,12058.0,992
3301009,Campos dos Goytacazes,RJ,Sudeste,46.4,58.2,11.8,58.23,0.03,0.48,0.47,15.9,5.7,4.87,483540.0,993
3134806,Jacuí,MG,Sudeste,64.28,75.06,10.78,75.1,0.04,0.48,0.47,6.5,6.7,5.2,7495.0,994
3549953,São Lourenço da Serra,SP,Sudeste,65.99,70.25,4.26,70.29,0.04,0.48,0.47,2.2,6.8,5.32,16067.0,995
4301503,Augusto Pestana,RS,Sul,86.25,80.0,-6.25,80.05,0.05,0.48,0.47,2.7,6.5,5.52,7149.0,996
2930758,Sítio do Mato,BA,Nordeste,47.82,61.85,14.03,61.9,0.05,0.48,0.47,5.2,4.5,4.26,13408.0,997
2601201,Arcoverde,PE,Nordeste,62.75,69.31,6.56,69.36,0.05,0.48,0.47,6.0,5.7,4.6,77742.0,998
3135001,Jaguaraçu,MG,Sudeste,53.62,70.73,17.11,70.79,0.06,0.48,0.47,0.6,6.5,5.09,3092.0,999
3136702,Juiz de Fora,MG,Sudeste,56.5,61.01,4.51,61.07,0.06,0.48,0.47,4.7,5.7,5.19,540756.0,1000
3305000,São João da Barra,RJ,Sudeste,58.23,65.53,7.3,65.6,0.07,0.48,0.47,26.7,5.9,4.93,36573.0,1001
5005681,Mundo Novo,MS,Centro-Oeste,76.71,80.0,3.29,80.08,0.08,0.48,0.47,17.2,6.0,5.12,19193.0,1002
3523602,Itirapina,SP,Sudeste,72.88,69.1,-3.78,69.19,0.1,0.48,0.47,2.1,6.5,5.31,16148.0,1003
3158904,Santana do Manhuaçu,MG,Sudeste,73.05,80.0,6.95,80.1,0.1,0.48,0.47,4.2,6.1,4.72,8987.0,1004
3549409,São Joaquim da Barra,SP,Sudeste,52.47,62.06,9.59,62.18,0.12,0.48,0.47,1.5,6.9,5.38,48558.0,1005
3516853,Gavião Peixoto,SP,Sudeste,64.56,73.01,8.45,73.14,0.12,0.48,0.47,0.0,6.5,5.27,4702.0,1006
3507605,Bragança Paulista,SP,Sudeste,65.03,65.48,0.45,65.6,0.13,0.48,0.47,5.5,6.4,5.42,176811.0,1007
3509908,Cananéia,SP,Sudeste,66.17,71.99,5.82,72.12,0.13,0.48,0.47,5.4,6.6,4.98,12289.0,1008
3523206,Itararé,SP,Sudeste,64.83,67.47,2.64,67.61,0.13,0.48,0.47,4.2,6.4,5.23,44438.0,1009
3534708,Ourinhos,SP,Sudeste,62.4,64.62,2.22,64.76,0.14,0.48,0.47,3.7,6.7,5.39,103970.0,1010
2105427,Itinga do Maranhão,MA,Nordeste,80.03,79.95,-0.08,80.1,0.14,0.48,0.47,6.9,5.2,4.44,22513.0,1011
3118403,Conselheiro Pena,MG,Sudeste,60.08,73.03,12.95,73.18,0.15,0.48,0.47,2.8,6.6,4.93,20824.0,1012
1200807,Porto Acre,AC,Norte,56.64,63.0,6.36,63.16,0.16,0.48,0.47,13.5,5.0,4.45,16693.0,1013
3528601,Manduri,SP,Sudeste,66.65,70.66,4.01,70.82,0.17,0.48,0.47,0.4,6.3,5.25,9871.0,1014
2928802,Santo Estêvão,BA,Nordeste,44.37,55.0,10.63,55.17,0.17,0.48,0.47,15.6,4.8,4.52,52276.0,1015
2928604,Santo Amaro,BA,Nordeste,53.68,61.0,7.32,61.17,0.17,0.48,0.47,14.3,4.9,4.38,56012.0,1016
3303104,Natividade,RJ,Sudeste,62.9,69.7,6.8,69.87,0.17,0.48,0.47,4.2,6.0,4.89,15074.0,1017
3513801,Diadema,SP,Sudeste,57.22,59.47,2.25,59.64,0.17,0.48,0.47,1.6,6.9,5.19,393237.0,1018
3530706,Mogi Guaçu,SP,Sudeste,64.06,65.16,1.1,65.34,0.18,0.48,0.47,2.5,6.9,5.43,153658.0,1019
3534807,Ouro Verde,SP,Sudeste,76.75,80.0,3.25,80.18,0.18,0.48,0.47,0.2,7.0,5.14,7779.0,1020
3532603,Nhandeara,SP,Sudeste,68.61,72.83,4.22,73.01,0.19,0.48,0.47,1.9,7.0,5.33,9852.0,1021
3158953,Santana do Paraíso,MG,Sudeste,72.83,74.5,1.67,74.7,0.2,0.48,0.47,1.3,6.3,5.12,44800.0,1022
2607505,Itaíba,PE,Nordeste,56.43,69.29,12.86,69.5,0.2,0.48,0.47,10.6,5.3,4.38,32650.0,1023
2600500,Águas Belas,PE,Nordeste,59.53,68.31,8.78,68.53,0.21,0.47,0.47,13.4,5.1,4.13,41548.0,1024
4314001,Paraí,RS,Sul,82.69,80.0,-2.69,80.22,0.22,0.47,0.47,1.8,7.1,5.72,7194.0,1025
3303203,Nilópolis,RJ,Sudeste,55.04,61.41,6.37,61.66,0.25,0.47,0.47,12.8,5.9,4.9,146774.0,1026
3511003,Castilho,SP,Sudeste,54.72,63.3,8.58,63.55,0.25,0.47,0.47,2.6,6.5,5.22,19977.0,1027
3541406,Presidente Prudente,SP,Sudeste,65.99,66.54,0.55,66.81,0.28,0.47,0.46,6.4,6.6,5.44,225668.0,1028
4321469,Tio Hugo,RS,Sul,59.92,80.0,20.08,80.28,0.28,0.47,0.46,2.3,7.2,5.44,3267.0,1029
2413359,Serra do Mel,RN,Nordeste,26.92,54.51,27.59,54.79,0.28,0.47,0.46,9.6,5.7,4.72,13091.0,1030
4323507,Vista Alegre,RS,Sul,75.0,80.0,5.0,80.29,0.29,0.47,0.46,0.7,6.6,5.25,2660.0,1031
3541703,Quatá,SP,Sudeste,77.3,72.7,-4.6,73.0,0.29,0.47,0.46,0.4,6.7,5.31,13163.0,1032
3552700,Tabatinga,SP,Sudeste,72.23,70.77,-1.46,71.07,0.3,0.47,0.46,1.0,6.4,5.25,14769.0,1033
2105948,Lago dos Rodrigues,MA,Nordeste,74.19,80.0,5.81,80.3,0.3,0.47,0.46,1.6,5.5,4.16,8758.0,1034
4211702,Orleans,SC,Sul,64.69,72.49,7.8,72.8,0.31,0.47,0.46,6.1,6.6,5.58,23661.0,1035
5007901,Sidrolândia,MS,Centro-Oeste,46.65,56.71,10.06,57.04,0.33,0.47,0.46,23.4,4.7,5.09,47118.0,1036
2302909,Capistrano,CE,Nordeste,74.48,78.68,4.2,79.01,0.34,0.47,0.46,1.1,5.6,4.17,17254.0,1037
4315313,Quatro Irmãos,RS,Sul,62.5,65.96,3.46,66.29,0.34,0.47,0.46,4.1,5.9,5.24,1552.0,1038
3538808,Piraju,SP,Sudeste,66.51,71.93,5.42,72.26,0.34,0.47,0.46,0.2,7.0,5.4,29436.0,1039
1503804,Jacundá,PA,Norte,47.09,59.23,12.14,59.57,0.34,0.47,0.46,18.4,4.6,4.32,37707.0,1040
2707800,Roteiro,AL,Nordeste,49.18,71.75,22.57,72.08,0.34,0.47,0.46,3.8,5.7,4.58,6474.0,1041
3537305,Penápolis,SP,Sudeste,63.04,69.84,6.8,70.18,0.34,0.47,0.46,2.0,7.2,5.28,61679.0,1042
2609907,Ouricuri,PE,Nordeste,44.75,56.69,11.94,57.05,0.36,0.47,0.46,12.2,4.7,4.29,65245.0,1043
2512762,Riachão do Poço,PB,Nordeste,58.93,73.71,14.78,74.09,0.38,0.47,0.46,11.8,5.0,4.4,4738.0,1044
4206900,Ibirama,SC,Sul,72.43,73.33,0.9,73.75,0.42,0.47,0.46,5.0,6.1,5.68,19862.0,1045
4323705,Vista Gaúcha,RS,Sul,45.49,76.84,31.35,77.27,0.43,0.47,0.46,0.0,7.1,5.51,2783.0,1046
1502103,Cametá,PA,Norte,42.25,59.2,16.95,59.63,0.43,0.47,0.46,18.2,5.1,4.1,134184.0,1047
3553807,Taquarituba,SP,Sudeste,57.14,65.75,8.61,66.18,0.43,0.47,0.46,0.4,7.0,5.26,24350.0,1048
1301209,Coari,AM,Norte,37.03,58.25,21.22,58.68,0.43,0.47,0.46,9.3,5.0,4.3,70616.0,1049
3120805,Cruzília,MG,Sudeste,73.68,80.0,6.32,80.44,0.44,0.47,0.46,1.2,6.7,5.09,15362.0,1050
3509700,Campos do Jordão,SP,Sudeste,61.97,65.07,3.1,65.52,0.45,0.47,0.46,1.0,6.6,5.32,46974.0,1051
4206504,Guaramirim,SC,Sul,68.72,74.79,6.07,75.25,0.46,0.47,0.46,2.6,7.0,5.42,46711.0,1052
3546504,Santa Ernestina,SP,Sudeste,85.96,80.0,-5.96,80.47,0.47,0.46,0.46,0.7,6.7,5.32,6118.0,1053
3506706,Boa Esperança do Sul,SP,Sudeste,54.9,60.16,5.26,60.64,0.48,0.46,0.45,1.5,5.8,5.24,12978.0,1054
3553401,Tanabi,SP,Sudeste,66.39,72.15,5.76,72.64,0.49,0.46,0.45,1.4,7.4,5.28,25265.0,1055
3527306,Louveira,SP,Sudeste,61.62,66.82,5.2,67.32,0.49,0.46,0.45,1.1,7.2,5.31,51847.0,1056
1717909,Ponte Alta do Tocantins,TO,Norte,48.0,63.16,15.16,63.66,0.5,0.46,0.45,5.0,5.2,4.51,7586.0,1057
3517406,Guaíra,SP,Sudeste,67.96,66.94,-1.02,67.44,0.5,0.46,0.45,0.9,6.6,5.26,39279.0,1058
3508405,Cabreúva,SP,Sudeste,59.79,63.96,4.17,64.47,0.5,0.46,0.45,1.4,6.9,5.35,47011.0,1059
4215679,Santa Terezinha,SC,Sul,67.53,80.0,12.47,80.5,0.5,0.46,0.45,0.6,7.3,5.26,8066.0,1060
2933109,Várzea do Poço,BA,Nordeste,48.21,62.0,13.79,62.51,0.51,0.46,0.45,10.0,4.8,4.26,8101.0,1061
3517802,Guaraçaí,SP,Sudeste,52.74,66.68,13.94,67.19,0.51,0.46,0.45,0.6,6.5,5.22,7441.0,1062
3553104,Taiaçu,SP,Sudeste,70.71,73.18,2.47,73.69,0.52,0.46,0.45,1.0,6.7,5.11,5677.0,1063
2100303,Aldeias Altas,MA,Nordeste,65.83,73.54,7.71,74.06,0.52,0.46,0.45,12.4,5.2,4.13,23286.0,1064
4215505,Santa Cecília,SC,Sul,63.51,72.77,9.26,73.29,0.52,0.46,0.45,3.6,5.9,5.41,15546.0,1065
3505351,Barra do Chapéu,SP,Sudeste,78.61,72.1,-6.51,72.63,0.53,0.46,0.45,0.8,6.0,4.88,5179.0,1066
2907301,Castro Alves,BA,Nordeste,40.59,61.22,20.63,61.75,0.53,0.46,0.45,4.9,4.9,4.35,24712.0,1067
3128600,Guarda-Mor,MG,Sudeste,68.44,79.46,11.02,80.0,0.54,0.46,0.45,0.9,6.2,5.12,6539.0,1068
3172004,Visconde do Rio Branco,MG,Sudeste,41.64,67.69,26.05,68.24,0.55,0.46,0.45,1.4,6.8,5.12,39160.0,1069
4204400,Coronel Freitas,SC,Sul,66.62,76.86,10.24,77.41,0.55,0.46,0.45,4.2,6.8,5.52,10388.0,1070
4312005,Mariano Moro,RS,Sul,90.91,80.0,-10.91,80.56,0.56,0.46,0.45,1.3,6.1,5.45,1858.0,1071
2104073,Feira Nova do Maranhão,MA,Nordeste,79.1,80.0,0.9,80.56,0.56,0.46,0.45,6.1,5.6,4.37,8048.0,1072
4316733,Santa Cecília do Sul,RS,Sul,62.96,77.24,14.28,77.82,0.58,0.46,0.45,6.7,6.9,5.62,1674.0,1073
3547502,Santa Rita do Passa Quatro,SP,Sudeste,68.31,70.73,2.42,71.35,0.61,0.46,0.45,0.4,6.4,5.38,24833.0,1074
3300258,Arraial do Cabo,RJ,Sudeste,63.35,64.69,1.34,65.31,0.62,0.46,0.45,24.1,5.6,4.98,30986.0,1075
4206702,Herval d'Oeste,SC,Sul,57.24,66.1,8.86,66.72,0.62,0.46,0.45,10.1,6.3,5.36,21724.0,1076
3540309,Pontes Gestal,SP,Sudeste,57.11,75.36,18.25,75.98,0.63,0.46,0.45,2.8,7.2,5.2,2387.0,1077
3541208,Presidente Bernardes,SP,Sudeste,72.9,71.68,-1.22,72.31,0.63,0.46,0.45,2.0,6.9,5.31,14490.0,1078
1500800,Ananindeua,PA,Norte,58.54,69.06,10.52,69.7,0.63,0.46,0.45,8.5,6.1,4.52,478778.0,1079
1100205,Porto Velho,RO,Norte,61.86,72.1,10.24,72.75,0.65,0.46,0.45,7.5,5.8,4.98,460434.0,1080
3539608,Planalto,SP,Sudeste,84.91,76.98,-7.93,77.63,0.65,0.46,0.45,0.8,6.6,5.29,4389.0,1081
3521200,Iporanga,SP,Sudeste,40.9,65.63,24.73,66.3,0.66,0.46,0.45,1.9,6.0,4.63,4046.0,1082
3205002,Serra,ES,Sudeste,64.16,69.08,4.92,69.74,0.66,0.46,0.45,9.3,6.0,5.07,520653.0,1083
3304201,Resende,RJ,Sudeste,71.69,73.91,2.22,74.57,0.66,0.46,0.45,9.7,6.3,5.23,129612.0,1084
3528700,Marabá Paulista,SP,Sudeste,82.86,75.36,-7.5,76.03,0.67,0.46,0.45,1.6,6.5,5.13,4573.0,1085
3538600,Piracaia,SP,Sudeste,67.2,68.78,1.58,69.45,0.67,0.46,0.45,6.7,7.0,5.34,26029.0,1086
1100122,Ji-Paraná,RO,Norte,75.63,80.0,4.37,80.67,0.67,0.46,0.45,4.8,6.1,5.02,124333.0,1087
4313201,Nova Petrópolis,RS,Sul,81.75,80.0,-1.75,80.68,0.68,0.46,0.45,4.9,6.9,5.75,23300.0,1088
3522703,Itápolis,SP,Sudeste,71.74,72.91,1.17,73.59,0.68,0.46,0.45,1.3,7.2,5.33,39493.0,1089
2414159,Tenente Laurentino Cruz,RN,Nordeste,55.11,61.57,6.46,62.25,0.69,0.46,0.45,4.9,4.8,4.57,5891.0,1090
3519709,Ibiúna,SP,Sudeste,59.33,61.61,2.28,62.33,0.71,0.46,0.44,3.3,6.2,5.13,75605.0,1091
3152006,Pompéu,MG,Sudeste,63.86,72.17,8.31,72.89,0.72,0.45,0.44,1.3,6.2,4.98,31047.0,1092
2803609,Laranjeiras,SE,Nordeste,32.69,41.54,8.85,42.27,0.72,0.45,0.44,13.8,4.6,4.51,23975.0,1093
3164001,São Pedro dos Ferros,MG,Sudeste,78.17,80.0,1.83,80.73,0.73,0.45,0.44,2.3,5.9,4.7,7166.0,1094
3537404,Pereira Barreto,SP,Sudeste,67.62,72.64,5.02,73.38,0.74,0.45,0.44,1.0,7.2,5.3,24095.0,1095
2307502,Lavras da Mangabeira,CE,Nordeste,71.85,77.44,5.59,78.19,0.75,0.45,0.44,2.1,6.0,4.17,30802.0,1096
3504602,Bady Bassitt,SP,Sudeste,73.08,67.34,-5.74,68.09,0.75,0.45,0.44,3.5,6.8,5.52,27260.0,1097
4215703,Santo Amaro da Imperatriz,SC,Sul,61.76,68.63,6.87,69.39,0.75,0.45,0.44,8.6,6.7,5.7,27272.0,1098
4218202,Timbó,SC,Sul,69.05,74.55,5.5,75.31,0.77,0.45,0.44,4.9,7.0,5.74,46099.0,1099
4208104,Itaiópolis,SC,Sul,68.01,72.33,4.32,73.1,0.77,0.45,0.44,6.5,6.0,5.44,22051.0,1100
2301703,Aurora,CE,Nordeste,70.92,76.1,5.18,76.88,0.78,0.45,0.44,3.2,5.8,4.16,23714.0,1101
2405900,João Dias,RN,Nordeste,58.62,62.39,3.77,63.17,0.78,0.45,0.44,15.2,4.6,4.5,2076.0,1102
4209102,Joinville,SC,Sul,66.48,72.54,6.06,73.34,0.79,0.45,0.44,3.7,7.0,5.55,616317.0,1103
3113909,Carmo da Cachoeira,MG,Sudeste,70.34,76.89,6.55,77.68,0.79,0.45,0.44,1.4,6.3,4.93,11547.0,1104
3301850,Guapimirim,RJ,Sudeste,58.88,64.53,5.65,65.33,0.79,0.45,0.44,17.6,5.7,4.97,51696.0,1105
1503093,Goianésia do Pará,PA,Norte,53.86,62.33,8.47,63.14,0.8,0.45,0.44,16.4,4.6,4.41,26362.0,1106
4219705,Xaxim,SC,Sul,69.9,72.88,2.98,73.69,0.81,0.45,0.44,8.1,6.5,5.54,31918.0,1107
3538006,Pindamonhangaba,SP,Sudeste,72.57,66.76,-5.81,67.58,0.81,0.45,0.44,1.1,6.6,5.32,165428.0,1108
2301901,Barbalha,CE,Nordeste,82.81,80.0,-2.81,80.82,0.82,0.45,0.44,1.0,5.9,4.43,75033.0,1109
2806305,Santa Luzia do Itanhy,SE,Nordeste,41.86,49.84,7.98,50.67,0.83,0.45,0.44,11.4,4.4,4.24,13616.0,1110
5008404,Vicentina,MS,Centro-Oeste,62.91,72.26,9.35,73.1,0.83,0.45,0.44,13.2,5.2,5.16,6336.0,1111
4200101,Abelardo Luz,SC,Sul,67.19,71.98,4.79,72.81,0.84,0.45,0.44,4.2,6.2,5.28,17392.0,1112
3509957,Canas,SP,Sudeste,67.79,66.28,-1.51,67.12,0.84,0.45,0.44,6.5,5.9,5.1,4931.0,1113
2401305,Campo Grande,RN,Nordeste,43.21,56.67,13.46,57.52,0.85,0.45,0.44,6.1,5.0,4.32,9730.0,1114
3159803,Santa Vitória,MG,Sudeste,65.51,75.02,9.51,75.88,0.86,0.45,0.44,2.1,6.3,5.0,20973.0,1115
2102507,Cajari,MA,Nordeste,53.33,66.13,12.8,66.99,0.86,0.45,0.44,14.3,4.9,4.14,16412.0,1116
3548005,Santo Antônio de Posse,SP,Sudeste,70.98,66.65,-4.33,67.53,0.88,0.45,0.44,9.3,5.9,5.32,23244.0,1117
2612505,Santa Cruz do Capibaribe,PE,Nordeste,57.61,65.89,8.28,66.78,0.89,0.45,0.43,11.4,5.6,4.5,98254.0,1118
3532157,Nantes,SP,Sudeste,68.4,69.17,0.77,70.07,0.9,0.45,0.43,0.6,5.9,5.13,2660.0,1119
1505809,Portel,PA,Norte,46.04,61.04,15.0,61.94,0.9,0.45,0.43,33.7,5.0,4.08,62503.0,1120
3512209,Conchal,SP,Sudeste,64.65,66.49,1.84,67.39,0.9,0.45,0.43,3.5,6.4,5.23,28101.0,1121
2306504,Itapiúna,CE,Nordeste,61.68,80.0,18.32,80.91,0.91,0.45,0.43,0.6,5.6,4.07,17841.0,1122
3509304,Cajobi,SP,Sudeste,74.92,70.16,-4.76,71.07,0.91,0.45,0.43,0.6,6.0,5.37,9133.0,1123
3145307,Novo Cruzeiro,MG,Sudeste,78.72,77.56,-1.16,78.47,0.91,0.45,0.43,1.4,5.7,4.36,26975.0,1124
2107506,Paço do Lumiar,MA,Nordeste,56.91,64.8,7.89,65.72,0.91,0.45,0.43,7.4,6.3,4.6,145643.0,1125
3543105,Ribeirão Corrente,SP,Sudeste,80.72,75.6,-5.12,76.51,0.91,0.45,0.43,3.7,6.2,5.18,4608.0,1126
2106409,Mata Roma,MA,Nordeste,73.6,74.45,0.85,75.37,0.92,0.45,0.43,4.9,4.7,4.14,17090.0,1127
2410009,Pilões,RN,Nordeste,63.16,71.92,8.76,72.84,0.92,0.45,0.43,6.7,6.2,4.47,2965.0,1128
3137536,Lagoa Grande,MG,Sudeste,75.58,80.0,4.42,80.92,0.92,0.45,0.43,1.5,6.2,5.0,8969.0,1129
2608206,Joaquim Nabuco,PE,Nordeste,50.01,64.21,14.2,65.14,0.93,0.45,0.43,8.8,5.3,4.24,13269.0,1130
3515004,Embu das Artes,SP,Sudeste,47.41,54.47,7.06,55.4,0.94,0.45,0.43,1.9,6.5,5.14,250691.0,1131
5005806,Nioaque,MS,Centro-Oeste,57.51,66.47,8.96,67.41,0.94,0.45,0.43,10.6,5.1,4.95,13220.0,1132
3149952,Periquito,MG,Sudeste,48.31,61.93,13.62,62.87,0.94,0.45,0.43,3.2,5.4,5.07,6553.0,1133
3537156,Pedrinhas Paulista,SP,Sudeste,64.52,74.46,9.94,75.41,0.95,0.45,0.43,0.0,7.2,5.5,2804.0,1134
4314035,Pareci Novo,RS,Sul,47.06,76.18,29.12,77.14,0.96,0.45,0.43,19.8,6.7,5.84,4319.0,1135
3550001,São Luiz do Paraitinga,SP,Sudeste,76.75,76.4,-0.35,77.36,0.96,0.45,0.43,2.9,6.9,5.27,10337.0,1136
4301701,Barão de Cotegipe,RS,Sul,83.51,80.0,-3.51,80.96,0.96,0.44,0.43,1.2,6.8,5.43,7144.0,1137
4201257,Apiúna,SC,Sul,64.44,71.4,6.96,72.36,0.97,0.44,0.43,2.7,6.2,5.57,9811.0,1138
4313086,Nova Pádua,RS,Sul,81.82,80.0,-1.82,80.97,0.97,0.44,0.43,3.7,6.5,5.77,2343.0,1139
3520301,Iguape,SP,Sudeste,68.9,68.12,-0.78,69.1,0.98,0.44,0.43,0.6,6.7,5.02,29115.0,1140
3540002,Pompéia,SP,Sudeste,66.43,70.6,4.17,71.58,0.98,0.44,0.43,0.9,7.2,5.52,20196.0,1141
3521804,Itaí,SP,Sudeste,60.4,63.06,2.66,64.06,1.0,0.44,0.43,1.0,6.1,5.21,25180.0,1142
4311981,Mariana Pimentel,RS,Sul,79.77,70.48,-9.29,71.48,1.0,0.44,0.43,6.7,6.1,5.26,3916.0,1143
2927408,Salvador,BA,Nordeste,50.32,58.48,8.16,59.48,1.0,0.44,0.43,16.9,5.6,4.5,2417678.0,1144
3537107,Pedreira,SP,Sudeste,89.22,80.0,-9.22,81.01,1.01,0.44,0.43,0.6,7.1,5.43,43112.0,1145
1507201,São Domingos do Capim,PA,Norte,40.22,53.3,13.08,54.31,1.01,0.44,0.43,25.9,4.2,4.09,30599.0,1146
2104628,Governador Luiz Rocha,MA,Nordeste,78.5,80.0,1.5,81.03,1.03,0.44,0.43,10.0,4.8,4.44,7063.0,1147
4212809,Balneário Piçarras,SC,Sul,64.82,70.3,5.48,71.33,1.03,0.44,0.43,6.9,6.4,5.52,27127.0,1148
4312104,Mata,RS,Sul,43.75,72.35,28.6,73.38,1.03,0.44,0.43,5.6,6.3,5.47,4698.0,1149
3162005,São Gonçalo do Sapucaí,MG,Sudeste,73.61,77.92,4.31,78.97,1.05,0.44,0.43,1.5,6.7,5.08,23959.0,1150
1718808,Sampaio,TO,Norte,40.53,61.0,20.47,62.06,1.06,0.44,0.43,9.3,5.1,4.42,4215.0,1151
2112605,Urbano Santos,MA,Nordeste,71.25,78.19,6.94,79.27,1.08,0.44,0.43,7.7,5.3,4.05,32812.0,1152
4309902,Ibiraiaras,RS,Sul,78.53,79.13,0.6,80.22,1.09,0.44,0.43,7.4,6.1,5.69,6776.0,1153
4101200,Antonina,PR,Sul,63.1,72.73,9.63,73.83,1.1,0.44,0.43,13.5,5.8,5.11,18091.0,1154
3519402,Ibirá,SP,Sudeste,77.53,75.22,-2.31,76.32,1.1,0.44,0.43,1.7,6.6,5.21,11690.0,1155
3545704,Santa Albertina,SP,Sudeste,74.19,72.37,-1.82,73.47,1.1,0.44,0.43,0.6,6.7,5.39,6393.0,1156
4204350,Cordilheira Alta,SC,Sul,65.47,71.0,5.53,72.1,1.1,0.44,0.43,2.4,6.1,5.5,4781.0,1157
3507803,Brodowski,SP,Sudeste,69.93,66.33,-3.6,67.44,1.1,0.44,0.43,4.0,6.3,5.45,25201.0,1158
3529005,Marília,SP,Sudeste,72.39,69.12,-3.27,70.23,1.11,0.44,0.43,1.8,7.1,5.41,237627.0,1159
3116209,Chiador,MG,Sudeste,75.16,78.61,3.45,79.72,1.11,0.44,0.43,5.1,,4.97,2800.0,1160
3147006,Paracatu,MG,Sudeste,68.57,72.42,3.85,73.53,1.11,0.44,0.43,1.6,6.0,5.07,94023.0,1161
3162609,São João do Oriente,MG,Sudeste,78.1,80.0,1.9,81.11,1.11,0.44,0.43,1.3,6.2,4.99,7070.0,1162
3301306,Casimiro de Abreu,RJ,Sudeste,64.18,66.98,2.8,68.09,1.12,0.44,0.43,14.7,6.2,5.08,46110.0,1163
1302702,Manicoré,AM,Norte,57.02,65.35,8.33,66.47,1.12,0.44,0.43,5.5,5.5,4.27,53914.0,1164
4202131,Bela Vista do Toldo,SC,Sul,81.49,80.0,-1.49,81.12,1.12,0.44,0.43,2.0,,5.11,5872.0,1165
3516200,Franca,SP,Sudeste,66.44,68.4,1.96,69.52,1.12,0.44,0.43,2.1,7.2,5.45,352536.0,1166
3533908,Olímpia,SP,Sudeste,69.77,70.13,0.36,71.25,1.12,0.44,0.43,1.7,7.3,5.39,55074.0,1167
1303536,Presidente Figueiredo,AM,Norte,45.72,55.46,9.74,56.61,1.15,0.44,0.43,16.4,5.3,4.66,30668.0,1168
4323408,Vila Maria,RS,Sul,76.67,80.0,3.33,81.15,1.15,0.44,0.43,2.8,6.8,5.74,4413.0,1169
3304003,Piraí,RJ,Sudeste,66.05,68.94,2.89,70.09,1.15,0.44,0.43,10.0,5.8,5.12,27474.0,1170
1300201,Atalaia do Norte,AM,Norte,63.81,66.6,2.79,67.79,1.18,0.44,0.42,4.4,4.5,3.55,15314.0,1171
1504505,Melgaço,PA,Norte,37.47,57.8,20.33,58.99,1.2,0.44,0.42,18.6,4.0,3.77,27881.0,1172
2612554,Santa Filomena,PE,Nordeste,53.43,69.0,15.57,70.21,1.21,0.44,0.42,5.4,5.3,4.26,12106.0,1173
3501152,Alumínio,SP,Sudeste,62.81,64.0,1.19,65.21,1.21,0.44,0.42,2.4,6.3,5.33,17301.0,1174
3148707,Pedra Azul,MG,Sudeste,60.22,68.04,7.82,69.25,1.21,0.44,0.42,1.6,5.4,4.61,24410.0,1175
3506102,Bebedouro,SP,Sudeste,62.52,63.74,1.22,64.96,1.22,0.44,0.42,0.8,6.7,5.41,76373.0,1176
1200013,Acrelândia,AC,Norte,68.7,67.0,-1.7,68.22,1.22,0.43,0.42,9.2,5.1,4.67,14021.0,1177
4302238,Boa Vista do Incra,RS,Sul,78.83,75.29,-3.54,76.53,1.24,0.43,0.42,2.6,6.1,5.71,2271.0,1178
3524600,Jacupiranga,SP,Sudeste,77.43,71.0,-6.43,72.25,1.25,0.43,0.42,5.0,6.3,5.06,16097.0,1179
4313359,Nova Roma do Sul,RS,Sul,100.0,80.0,-20.0,81.25,1.25,0.43,0.42,6.1,,5.88,3466.0,1180
4311734,Mampituba,RS,Sul,69.74,72.69,2.95,73.94,1.25,0.43,0.42,8.2,7.0,5.26,3131.0,1181
4316956,Santa Maria do Herval,RS,Sul,73.5,79.04,5.54,80.3,1.26,0.43,0.42,3.7,7.1,5.72,6340.0,1182
3524204,Jaborandi,SP,Sudeste,88.54,80.0,-8.54,81.27,1.27,0.43,0.42,3.5,6.7,5.18,6221.0,1183
3526704,Leme,SP,Sudeste,65.89,65.91,0.02,67.19,1.28,0.43,0.42,0.6,6.7,5.3,98161.0,1184
2105989,Lajeado Novo,MA,Nordeste,64.14,69.86,5.72,71.15,1.29,0.43,0.42,6.2,4.9,4.47,7057.0,1185
3511607,Cesário Lange,SP,Sudeste,60.71,67.37,6.66,68.66,1.29,0.43,0.42,8.0,6.8,5.25,19048.0,1186
3170529,Urucuia,MG,Sudeste,56.86,68.0,11.14,69.29,1.29,0.43,0.42,0.9,5.3,4.53,17479.0,1187
3521507,Irapuã,SP,Sudeste,75.41,74.4,-1.01,75.69,1.29,0.43,0.42,3.7,6.6,5.29,6867.0,1188
2511509,Pilar,PB,Nordeste,67.28,76.39,9.11,77.69,1.3,0.43,0.42,9.1,5.6,4.29,12311.0,1189
3517208,Guaiçara,SP,Sudeste,70.48,64.77,-5.71,66.06,1.3,0.43,0.42,1.2,5.8,5.26,11239.0,1190
3501608,Americana,SP,Sudeste,72.52,68.82,-3.7,70.12,1.3,0.43,0.42,1.9,7.2,5.53,237240.0,1191
3513702,Descalvado,SP,Sudeste,70.96,69.22,-1.74,70.53,1.31,0.43,0.42,2.0,6.7,5.49,31756.0,1192
3550407,São Pedro,SP,Sudeste,64.97,65.44,0.47,66.74,1.31,0.43,0.42,5.8,6.5,5.48,38256.0,1193
3160306,Santo Antônio do Jacinto,MG,Sudeste,61.29,71.03,9.74,72.35,1.32,0.43,0.42,1.5,5.6,4.42,10327.0,1194
2504900,Cruz do Espírito Santo,PB,Nordeste,62.89,67.74,4.85,69.06,1.32,0.43,0.42,13.2,4.4,4.35,17095.0,1195
3147709,Passa Tempo,MG,Sudeste,78.65,80.0,1.35,81.33,1.33,0.43,0.42,2.0,7.0,5.3,8473.0,1196
3300407,Barra Mansa,RJ,Sudeste,68.24,69.14,0.9,70.48,1.34,0.43,0.42,15.4,6.0,5.15,169894.0,1197
3513207,Cristais Paulista,SP,Sudeste,57.46,64.42,6.96,65.76,1.34,0.43,0.42,4.5,6.0,5.3,9272.0,1198
3304524,Rio das Ostras,RJ,Sudeste,73.07,72.48,-0.59,73.83,1.35,0.43,0.42,14.5,6.2,5.12,156491.0,1199
3144508,Nazareno,MG,Sudeste,75.24,80.0,4.76,81.36,1.36,0.43,0.42,1.3,6.1,4.95,8179.0,1200
4209904,Lontras,SC,Sul,60.98,69.46,8.48,70.84,1.38,0.43,0.41,8.6,6.0,5.7,12873.0,1201
1600238,Ferreira Gomes,AP,Norte,82.25,76.4,-5.85,77.79,1.38,0.43,0.41,22.7,4.8,4.61,6666.0,1202
2108603,Pinheiro,MA,Nordeste,59.87,66.01,6.14,67.39,1.39,0.43,0.41,5.2,5.4,4.32,84621.0,1203
4315750,Riozinho,RS,Sul,87.12,77.78,-9.34,79.17,1.39,0.43,0.41,3.0,6.7,5.16,4473.0,1204
4202875,Brunópolis,SC,Sul,58.33,72.91,14.58,74.31,1.39,0.43,0.41,0.6,5.9,5.35,2489.0,1205
1501303,Barcarena,PA,Norte,51.15,62.6,11.45,64.01,1.4,0.43,0.41,13.1,5.1,4.52,126650.0,1206
4318457,São José das Missões,RS,Sul,90.0,79.12,-10.88,80.52,1.41,0.43,0.41,1.5,5.8,5.32,2362.0,1207
3539509,Pitangueiras,SP,Sudeste,72.39,71.01,-1.38,72.43,1.42,0.43,0.41,4.3,7.0,5.14,33674.0,1208
3138401,Leopoldina,MG,Sudeste,61.49,68.88,7.39,70.3,1.42,0.43,0.41,2.0,5.8,4.88,51145.0,1209
2405108,Jandaíra,RN,Nordeste,38.64,53.04,14.4,54.46,1.43,0.43,0.41,3.7,4.8,4.6,6562.0,1210
3112703,Capitão Enéas,MG,Sudeste,70.33,70.49,0.16,71.92,1.43,0.43,0.41,1.2,5.2,4.57,14108.0,1211
3537909,Pilar do Sul,SP,Sudeste,67.71,67.87,0.16,69.3,1.43,0.43,0.41,0.4,6.9,5.33,27619.0,1212
3300100,Angra dos Reis,RJ,Sudeste,63.87,68.03,4.16,69.47,1.44,0.43,0.41,8.8,6.1,5.0,167434.0,1213
3524501,Jaci,SP,Sudeste,64.6,67.44,2.84,68.88,1.44,0.43,0.41,3.9,6.6,5.38,7613.0,1214
3542107,Rafard,SP,Sudeste,89.73,80.0,-9.73,81.44,1.44,0.43,0.41,4.1,7.0,5.35,8965.0,1215
1507979,Terra Santa,PA,Norte,71.89,74.99,3.1,76.46,1.48,0.42,0.41,3.8,5.9,4.4,18782.0,1216
3549300,São João do Pau d'Alho,SP,Sudeste,84.21,80.0,-4.21,81.49,1.49,0.42,0.41,0.0,7.3,5.47,2242.0,1217
3538709,Piracicaba,SP,Sudeste,67.18,66.88,-0.3,68.37,1.49,0.42,0.41,2.8,7.0,5.4,423323.0,1218
2409308,Patu,RN,Nordeste,46.28,54.18,7.9,55.67,1.49,0.42,0.41,11.4,5.5,4.41,11007.0,1219
4204608,Criciúma,SC,Sul,66.68,69.08,2.4,70.58,1.5,0.42,0.41,2.4,6.7,5.52,214493.0,1220
4312385,Monte Belo do Sul,RS,Sul,88.89,80.0,-8.89,81.5,1.5,0.42,0.41,2.9,,5.79,2557.0,1221
3553203,Taiúva,SP,Sudeste,79.79,73.65,-6.14,75.17,1.52,0.42,0.41,2.2,6.8,5.32,6548.0,1222
1504455,Medicilândia,PA,Norte,55.31,63.9,8.59,65.42,1.52,0.42,0.41,17.9,4.5,4.45,27094.0,1223
4210506,Maravilha,SC,Sul,83.8,80.0,-3.8,81.52,1.52,0.42,0.41,6.5,6.9,5.69,28251.0,1224
2405306,Januário Cicco,RN,Nordeste,50.17,62.05,11.88,63.59,1.54,0.42,0.41,13.0,5.8,4.34,9051.0,1225
3130309,Iguatama,MG,Sudeste,81.83,80.0,-1.83,81.54,1.54,0.42,0.41,0.9,6.2,5.16,6826.0,1226
1300805,Borba,AM,Norte,35.52,51.61,16.09,53.15,1.54,0.42,0.41,7.7,5.4,4.09,33080.0,1227
2407708,Montanhas,RN,Nordeste,64.43,68.89,4.46,70.44,1.55,0.42,0.41,8.0,5.4,4.29,11444.0,1228
2910727,Eunápolis,BA,Nordeste,48.05,55.75,7.7,57.3,1.56,0.42,0.41,25.0,4.6,4.66,113710.0,1229
4310504,Iraí,RS,Sul,70.52,73.19,2.67,74.75,1.56,0.42,0.41,2.1,7.2,5.44,7482.0,1230
3508702,Caconde,SP,Sudeste,78.01,74.74,-3.27,76.29,1.56,0.42,0.41,2.3,6.9,5.22,17101.0,1231
2910503,Entre Rios,BA,Nordeste,40.37,49.0,8.63,50.57,1.57,0.42,0.41,24.5,4.0,4.38,38098.0,1232
2602605,Brejo da Madre de Deus,PE,Nordeste,59.7,65.97,6.27,67.54,1.57,0.42,0.4,9.7,5.0,4.48,48648.0,1233
4310900,Jacutinga,RS,Sul,68.67,80.0,11.33,81.57,1.57,0.42,0.4,1.3,7.3,5.6,3338.0,1234
4206405,Guaraciaba,SC,Sul,79.04,80.0,0.96,81.58,1.58,0.42,0.4,1.1,6.7,5.6,10796.0,1235
4204178,Cerro Negro,SC,Sul,46.39,52.01,5.62,53.59,1.58,0.42,0.4,4.9,4.7,5.1,3317.0,1236
2910800,Feira de Santana,BA,Nordeste,48.66,54.05,5.39,55.64,1.59,0.42,0.4,24.5,4.9,4.59,616272.0,1237
1713205,Miracema do Tocantins,TO,Norte,48.24,59.84,11.6,61.43,1.59,0.42,0.4,7.6,4.8,4.99,18566.0,1238
1300508,Barreirinha,AM,Norte,36.7,52.54,15.84,54.14,1.6,0.42,0.4,6.0,4.7,3.85,31051.0,1239
3548807,São Caetano do Sul,SP,Sudeste,70.71,70.03,-0.68,71.63,1.61,0.42,0.4,1.3,7.2,5.77,165655.0,1240
3522406,Itapeva,SP,Sudeste,65.78,66.17,0.39,67.78,1.61,0.42,0.4,1.8,6.6,5.19,89728.0,1241
2928059,Santa Luzia,BA,Nordeste,41.33,55.02,13.69,56.63,1.62,0.42,0.4,10.3,4.3,4.31,13896.0,1242
3532405,Nazaré Paulista,SP,Sudeste,61.19,62.75,1.56,64.39,1.64,0.42,0.4,1.8,6.4,5.14,18217.0,1243
3154101,Recreio,MG,Sudeste,70.24,75.75,5.51,77.39,1.64,0.42,0.4,4.6,6.0,4.72,11007.0,1244
2210359,São Lourenço do Piauí,PI,Nordeste,71.9,80.0,8.1,81.64,1.64,0.42,0.4,2.4,5.6,4.17,4410.0,1245
2303204,Caririaçu,CE,Nordeste,80.38,80.0,-0.38,81.66,1.66,0.42,0.4,1.1,6.0,4.35,26320.0,1246
3102902,Antônio Carlos,MG,Sudeste,76.82,78.89,2.07,80.56,1.67,0.42,0.4,0.9,6.8,5.16,11095.0,1247
3502705,Apiaí,SP,Sudeste,79.25,73.81,-5.44,75.48,1.67,0.42,0.4,2.0,6.9,5.02,24585.0,1248
3500204,Adolfo,SP,Sudeste,70.21,71.34,1.13,73.04,1.7,0.42,0.4,4.9,6.0,5.24,4351.0,1249
2201002,Arraial,PI,Nordeste,70.34,80.0,9.66,81.7,1.7,0.42,0.4,3.7,4.9,4.21,4520.0,1250
1502954,Eldorado do Carajás,PA,Norte,51.95,65.93,13.98,67.64,1.71,0.42,0.4,7.3,5.0,4.42,28192.0,1251
3542503,Reginópolis,SP,Sudeste,87.38,80.0,-7.38,81.71,1.71,0.42,0.4,3.2,6.6,5.21,7662.0,1252
2608503,Lagoa de Itaenga,PE,Nordeste,74.64,74.79,0.15,76.51,1.72,0.42,0.4,10.8,5.3,4.25,19003.0,1253
2906501,Candeias,BA,Nordeste,49.04,54.5,5.46,56.23,1.72,0.41,0.4,19.1,4.8,4.57,72382.0,1254
3530201,Mirante do Paranapanema,SP,Sudeste,92.58,80.0,-12.58,81.73,1.73,0.41,0.4,1.0,6.9,5.17,15917.0,1255
3551702,Sertãozinho,SP,Sudeste,66.65,66.35,-0.3,68.1,1.75,0.41,0.4,12.5,6.8,5.35,126887.0,1256
4209508,Laurentino,SC,Sul,67.24,71.7,4.46,73.45,1.75,0.41,0.4,3.0,6.4,5.66,7932.0,1257
3501202,Álvares Florence,SP,Sudeste,85.0,79.22,-5.78,80.98,1.76,0.41,0.4,1.3,6.5,5.17,3915.0,1258
3525904,Jundiaí,SP,Sudeste,75.94,74.22,-1.72,75.98,1.76,0.41,0.4,0.7,7.1,5.52,443221.0,1259
1505403,Ourém,PA,Norte,49.4,63.65,14.25,65.42,1.77,0.41,0.4,20.3,5.0,4.27,17855.0,1260
3531001,Monções,SP,Sudeste,86.17,80.0,-6.17,81.77,1.77,0.41,0.4,0.0,6.8,5.27,1937.0,1261
2209807,São Gonçalo do Piauí,PI,Nordeste,75.73,80.0,4.27,81.8,1.8,0.41,0.39,4.4,5.2,4.53,4837.0,1262
3166808,Serra do Salitre,MG,Sudeste,56.41,69.49,13.08,71.29,1.8,0.41,0.39,2.8,6.4,5.04,11801.0,1263
4215752,São Bernardino,SC,Sul,76.92,80.0,3.08,81.81,1.81,0.41,0.39,9.5,6.5,5.15,2684.0,1264
3139201,Malacacheta,MG,Sudeste,74.94,78.44,3.5,80.27,1.84,0.41,0.39,2.6,6.3,4.55,17516.0,1265
3300803,Cachoeiras de Macacu,RJ,Sudeste,63.71,64.73,1.02,66.58,1.84,0.41,0.39,26.9,5.2,4.88,56943.0,1266
2106375,Maranhãozinho,MA,Nordeste,72.45,78.0,5.55,79.85,1.85,0.41,0.39,9.2,5.8,4.26,13761.0,1267
3539004,Pirangi,SP,Sudeste,86.19,80.0,-6.19,81.85,1.85,0.41,0.39,1.7,7.2,5.41,10885.0,1268
1200344,Manoel Urbano,AC,Norte,60.42,69.0,8.58,70.85,1.85,0.41,0.39,33.4,4.9,4.48,11996.0,1269
3134202,Ituiutaba,MG,Sudeste,68.46,71.05,2.59,72.9,1.85,0.41,0.39,2.4,6.1,5.19,102217.0,1270
3106705,Betim,MG,Sudeste,64.48,66.47,1.99,68.32,1.86,0.41,0.39,6.0,6.1,5.26,411846.0,1271
3531209,Monte Alegre do Sul,SP,Sudeste,67.04,67.07,0.03,68.93,1.86,0.41,0.39,9.7,6.1,5.65,8627.0,1272
5103106,Cocalinho,MT,Centro-Oeste,72.81,79.27,6.46,81.13,1.86,0.41,0.39,3.1,5.2,4.94,6220.0,1273
3512308,Conchas,SP,Sudeste,58.24,63.02,4.78,64.89,1.86,0.41,0.39,1.7,6.2,5.33,15232.0,1274
2103604,Coroatá,MA,Nordeste,46.15,59.81,13.66,61.68,1.86,0.41,0.39,3.3,4.8,4.09,59566.0,1275
4206603,Guarujá do Sul,SC,Sul,82.16,80.0,-2.16,81.87,1.87,0.41,0.39,1.9,6.7,5.63,4829.0,1276
3137700,Lajinha,MG,Sudeste,72.76,75.67,2.91,77.54,1.87,0.41,0.39,3.5,6.5,4.83,20835.0,1277
3520905,Ipaussu,SP,Sudeste,69.4,67.41,-1.99,69.29,1.88,0.41,0.39,1.3,6.4,5.19,13712.0,1278
2311355,Quixelô,CE,Nordeste,76.74,79.6,2.86,81.49,1.88,0.41,0.39,1.3,6.5,4.28,15910.0,1279
4320263,Segredo,RS,Sul,75.0,77.24,2.24,79.13,1.89,0.41,0.39,2.2,7.5,5.21,6009.0,1280
2933505,Wenceslau Guimarães,BA,Nordeste,50.2,58.02,7.82,59.92,1.9,0.41,0.39,18.8,4.5,4.31,24474.0,1281
2311603,Redenção,CE,Nordeste,76.73,80.0,3.27,81.9,1.9,0.41,0.39,0.8,6.2,4.31,27214.0,1282
3151404,Pitangui,MG,Sudeste,75.82,80.0,4.18,81.92,1.92,0.41,0.39,1.2,6.7,5.14,26685.0,1283
4302220,Boa Vista do Cadeado,RS,Sul,66.39,75.35,8.96,77.27,1.92,0.41,0.39,2.9,6.8,5.71,2229.0,1284
2611200,Poção,PE,Nordeste,61.41,70.83,9.42,72.76,1.93,0.41,0.39,7.7,5.2,4.14,10500.0,1285
3545100,Salmourão,SP,Sudeste,71.54,68.0,-3.54,69.94,1.94,0.41,0.39,2.6,6.3,5.09,4808.0,1286
3534906,Pacaembu,SP,Sudeste,73.29,71.87,-1.42,73.81,1.94,0.41,0.39,0.9,6.7,5.37,14877.0,1287
2404903,Itaú,RN,Nordeste,58.04,65.96,7.92,67.91,1.95,0.41,0.39,6.3,5.7,4.38,5320.0,1288
3111150,Campo Azul,MG,Sudeste,86.94,80.0,-6.94,81.96,1.96,0.41,0.39,0.0,5.6,4.39,3714.0,1289
3539400,Piratininga,SP,Sudeste,64.22,63.86,-0.36,65.82,1.96,0.41,0.39,1.1,6.5,5.47,15108.0,1290
3505500,Barretos,SP,Sudeste,69.04,69.38,0.34,71.36,1.98,0.41,0.39,7.2,7.0,5.28,122485.0,1291
4211058,Monte Carlo,SC,Sul,73.15,71.44,-1.71,73.43,1.99,0.41,0.39,7.1,5.6,5.27,9117.0,1292
4206306,Guabiruba,SC,Sul,74.08,74.7,0.62,76.7,1.99,0.4,0.39,3.6,6.6,5.69,24543.0,1293
3171154,Vermelho Novo,MG,Sudeste,60.42,76.47,16.05,78.47,2.0,0.4,0.39,0.6,6.7,4.83,4899.0,1294
3117702,Conceição do Rio Verde,MG,Sudeste,79.11,80.0,0.89,82.0,2.0,0.4,0.39,4.4,6.4,5.06,12541.0,1295
3303401,Nova Friburgo,RJ,Sudeste,71.71,72.22,0.51,74.22,2.0,0.4,0.39,20.1,6.6,5.18,189939.0,1296
3533700,Ocauçu,SP,Sudeste,82.92,80.0,-2.92,82.0,2.0,0.4,0.39,0.8,6.5,5.28,4331.0,1297
3141009,Mato Verde,MG,Sudeste,67.66,74.11,6.45,76.12,2.01,0.4,0.39,2.7,6.4,4.65,12038.0,1298
3170800,Várzea da Palma,MG,Sudeste,63.9,70.41,6.51,72.43,2.02,0.4,0.38,1.4,5.9,4.81,33744.0,1299
3140852,Matias Cardoso,MG,Sudeste,40.14,57.61,17.47,59.63,2.02,0.4,0.38,2.1,4.8,4.45,8895.0,1300
3145406,Olaria,MG,Sudeste,85.23,80.0,-5.23,82.03,2.03,0.4,0.38,7.0,6.0,5.06,1945.0,1301
2607109,Ingazeira,PE,Nordeste,84.62,79.19,-5.43,81.24,2.05,0.4,0.38,3.3,6.3,4.51,4765.0,1302
3305406,Sapucaia,RJ,Sudeste,67.17,72.37,5.2,74.42,2.05,0.4,0.38,16.6,5.8,5.03,17729.0,1303
3501301,Álvares Machado,SP,Sudeste,69.2,66.46,-2.74,68.51,2.05,0.4,0.38,3.9,6.6,5.29,27255.0,1304
2600906,Amaraji,PE,Nordeste,67.39,73.97,6.58,76.03,2.06,0.4,0.38,9.1,6.1,4.16,18205.0,1305
3140159,Mário Campos,MG,Sudeste,73.04,74.8,1.76,76.86,2.07,0.4,0.38,1.8,6.3,5.26,15900.0,1306
4203907,Capinzal,SC,Sul,78.18,75.8,-2.38,77.87,2.07,0.4,0.38,7.4,6.2,5.54,23314.0,1307
3500105,Adamantina,SP,Sudeste,82.63,73.29,-9.34,75.36,2.07,0.4,0.38,0.6,7.0,5.51,34687.0,1308
3157336,Santa Cruz de Minas,MG,Sudeste,69.39,71.49,2.1,73.58,2.09,0.4,0.38,4.3,6.1,5.04,8109.0,1309
3553500,Tapiraí,SP,Sudeste,64.41,66.34,1.93,68.44,2.09,0.4,0.38,0.7,6.3,5.03,7996.0,1310
3534302,Orlândia,SP,Sudeste,63.0,61.73,-1.27,63.83,2.1,0.4,0.38,1.8,6.1,5.36,38319.0,1311
3517307,Guaimbê,SP,Sudeste,89.57,80.0,-9.57,82.1,2.1,0.4,0.38,0.6,6.9,5.29,5512.0,1312
2103109,Cedral,MA,Nordeste,59.52,74.51,14.99,76.62,2.11,0.4,0.38,4.6,5.8,4.21,10208.0,1313
3120870,Curral de Dentro,MG,Sudeste,63.84,79.57,15.73,81.69,2.11,0.4,0.38,0.2,7.4,4.67,7406.0,1314
2401859,Caiçara do Norte,RN,Nordeste,48.81,53.55,4.74,55.66,2.11,0.4,0.38,16.6,4.3,4.5,6293.0,1315
3544608,Sabino,SP,Sudeste,55.28,66.71,11.43,68.82,2.11,0.4,0.38,2.0,6.7,5.26,5112.0,1316
4210100,Mafra,SC,Sul,76.3,76.17,-0.13,78.28,2.12,0.4,0.38,2.5,6.6,5.58,55286.0,1317
3541901,Queluz,SP,Sudeste,77.8,70.52,-7.28,72.65,2.13,0.4,0.38,5.2,6.2,5.11,9159.0,1318
1600550,Pracuúba,AP,Norte,40.85,56.84,15.99,58.98,2.13,0.4,0.38,23.7,4.3,4.34,3803.0,1319
3536406,Paulicéia,SP,Sudeste,71.55,73.2,1.65,75.34,2.14,0.4,0.38,1.2,6.9,5.17,7955.0,1320
3132800,Itambé do Mato Dentro,MG,Sudeste,76.47,78.75,2.28,80.89,2.14,0.4,0.38,1.0,6.1,4.7,2142.0,1321
1507961,Terra Alta,PA,Norte,43.69,60.08,16.39,62.22,2.14,0.4,0.38,12.4,4.6,4.25,10400.0,1322
2801306,Capela,SE,Nordeste,41.44,55.05,13.61,57.19,2.14,0.4,0.38,6.2,5.1,4.33,31645.0,1323
2604205,Catende,PE,Nordeste,51.83,61.54,9.71,63.7,2.15,0.4,0.38,11.2,5.2,4.33,32156.0,1324
3121803,Dionísio,MG,Sudeste,69.95,80.0,10.05,82.16,2.16,0.4,0.38,0.3,7.1,5.0,6847.0,1325
1507151,São Domingos do Araguaia,PA,Norte,50.43,62.33,11.9,64.52,2.18,0.4,0.38,16.6,4.7,4.46,21092.0,1326
3500758,Alambari,SP,Sudeste,74.96,75.44,0.48,77.63,2.19,0.4,0.38,7.8,6.1,5.24,6141.0,1327
3506904,Bofete,SP,Sudeste,52.13,62.19,10.06,64.37,2.19,0.4,0.38,2.0,6.0,5.31,10460.0,1328
3139508,Manhumirim,MG,Sudeste,70.49,73.9,3.41,76.09,2.2,0.4,0.38,4.3,6.4,4.86,20613.0,1329
2405009,Jaçanã,RN,Nordeste,55.76,62.85,7.09,65.05,2.2,0.4,0.38,6.9,6.2,4.5,7834.0,1330
4219101,Vargeão,SC,Sul,74.62,80.0,5.38,82.22,2.22,0.4,0.38,4.9,6.7,5.39,3634.0,1331
1721109,Tocantínia,TO,Norte,51.98,60.64,8.66,62.86,2.22,0.4,0.38,18.0,4.4,4.69,7459.0,1332
4311700,Machadinho,RS,Sul,75.03,73.47,-1.56,75.69,2.22,0.4,0.38,1.4,7.2,5.28,5735.0,1333
3131307,Ipatinga,MG,Sudeste,68.15,71.9,3.75,74.13,2.23,0.4,0.38,1.6,6.8,5.28,227731.0,1334
3100906,Águas Formosas,MG,Sudeste,60.0,73.0,13.0,75.23,2.23,0.4,0.38,1.5,6.2,4.6,18448.0,1335
2202901,Corrente,PI,Nordeste,53.42,63.25,9.83,65.48,2.24,0.4,0.37,8.4,4.4,4.35,27278.0,1336
1300706,Boca do Acre,AM,Norte,54.74,69.09,14.35,71.33,2.24,0.4,0.37,14.0,6.6,4.49,35447.0,1337
5106851,Porto Estrela,MT,Centro-Oeste,68.14,80.0,11.86,82.25,2.25,0.39,0.37,2.1,5.3,4.65,3224.0,1338
2112803,Viana,MA,Nordeste,59.61,68.68,9.07,70.93,2.25,0.39,0.37,5.0,5.3,4.34,51442.0,1339
2403103,Currais Novos,RN,Nordeste,54.51,59.65,5.14,61.92,2.27,0.39,0.37,4.1,5.8,4.65,41313.0,1340
1717008,Pindorama do Tocantins,TO,Norte,39.58,63.06,23.48,65.34,2.28,0.39,0.37,11.5,5.1,4.59,4478.0,1341
3129400,Ibertioga,MG,Sudeste,77.44,80.0,2.56,82.28,2.28,0.39,0.37,0.7,6.1,4.92,5198.0,1342
4207601,Ipira,SC,Sul,77.31,80.0,2.69,82.28,2.28,0.39,0.37,5.8,6.9,5.58,4578.0,1343
3541505,Presidente Venceslau,SP,Sudeste,71.21,69.58,-1.63,71.86,2.29,0.39,0.37,1.7,7.2,5.39,35201.0,1344
4322343,Ubiretama,RS,Sul,84.62,80.0,-4.62,82.29,2.29,0.39,0.37,9.3,7.1,5.29,1994.0,1345
3545159,Saltinho,SP,Sudeste,71.11,72.37,1.26,74.66,2.29,0.39,0.37,6.3,7.1,5.72,8161.0,1346
2504306,Catolé do Rocha,PB,Nordeste,51.41,67.12,15.71,69.42,2.3,0.39,0.37,4.6,5.7,4.5,30661.0,1347
3100708,Água Comprida,MG,Sudeste,84.23,80.0,-4.23,82.31,2.31,0.39,0.37,5.7,5.9,5.42,2108.0,1348
5003207,Corumbá,MS,Centro-Oeste,48.51,59.83,11.32,62.15,2.32,0.39,0.37,16.5,5.3,4.96,96268.0,1349
3129806,Ibirité,MG,Sudeste,64.45,65.27,0.82,67.58,2.32,0.39,0.37,2.5,5.9,5.21,170537.0,1350
3557204,Chavantes,SP,Sudeste,51.07,57.82,6.75,60.14,2.32,0.39,0.37,2.3,5.9,5.14,12211.0,1351
2203230,Currais,PI,Nordeste,93.63,80.0,-13.63,82.33,2.33,0.39,0.37,12.5,5.1,4.53,4854.0,1352
4215109,Rodeio,SC,Sul,63.57,68.06,4.49,70.39,2.33,0.39,0.37,4.2,6.1,5.62,12757.0,1353
2917102,Itororó,BA,Nordeste,48.99,63.06,14.07,65.39,2.33,0.39,0.37,10.2,4.7,4.4,16617.0,1354
4318424,São João da Urtiga,RS,Sul,75.88,78.07,2.19,80.4,2.34,0.39,0.37,0.0,7.1,5.49,4461.0,1355
3545605,Santa Adélia,SP,Sudeste,62.04,69.9,7.86,72.24,2.34,0.39,0.37,0.7,6.8,5.35,14018.0,1356
3167202,Sete Lagoas,MG,Sudeste,61.66,66.29,4.63,68.64,2.34,0.39,0.37,1.3,6.4,5.16,227397.0,1357
2105450,Jatobá,MA,Nordeste,67.12,76.08,8.96,78.43,2.35,0.39,0.37,8.5,5.5,4.25,7471.0,1358
3531605,Monte Castelo,SP,Sudeste,70.33,72.81,2.48,75.17,2.36,0.39,0.37,1.3,6.3,5.29,4222.0,1359
4204251,Cocal do Sul,SC,Sul,67.13,72.97,5.84,75.33,2.36,0.39,0.37,3.8,6.6,5.71,17240.0,1360
1502004,Cachoeira do Arari,PA,Norte,47.83,65.53,17.7,67.89,2.36,0.39,0.37,13.9,5.3,4.06,23981.0,1361
1502509,Chaves,PA,Norte,57.97,61.65,3.68,64.02,2.36,0.39,0.37,24.4,4.5,3.8,20757.0,1362
4213104,Piratuba,SC,Sul,76.83,80.0,3.17,82.38,2.38,0.39,0.37,6.8,7.5,5.6,5769.0,1363
4208807,Jaguaruna,SC,Sul,52.59,60.33,7.74,62.7,2.38,0.39,0.37,10.6,5.9,5.54,20375.0,1364
3514403,Dracena,SP,Sudeste,73.96,71.12,-2.84,73.5,2.38,0.39,0.37,1.1,6.9,5.5,45474.0,1365
4119954,Pontal do Paraná,PR,Sul,68.86,75.23,6.37,77.61,2.38,0.39,0.37,10.7,6.4,5.31,30425.0,1366
3109204,Buenópolis,MG,Sudeste,85.83,80.0,-5.83,82.39,2.39,0.39,0.37,2.2,5.8,4.68,9150.0,1367
3305505,Saquarema,RJ,Sudeste,69.91,71.33,1.42,73.72,2.39,0.39,0.37,18.3,6.5,5.04,89559.0,1368
3136504,Jordânia,MG,Sudeste,87.5,80.0,-7.5,82.4,2.4,0.39,0.37,3.1,5.7,4.53,10304.0,1369
3505203,Bariri,SP,Sudeste,76.3,71.98,-4.32,74.38,2.4,0.39,0.37,0.7,7.1,5.37,31595.0,1370
2303501,Cascavel,CE,Nordeste,78.66,80.0,1.34,82.4,2.4,0.39,0.37,1.1,6.6,4.48,72720.0,1371
3510906,Cássia dos Coqueiros,SP,Sudeste,78.36,73.19,-5.17,75.6,2.41,0.39,0.37,8.3,4.9,5.18,2799.0,1372
3517109,Glicério,SP,Sudeste,78.86,74.95,-3.91,77.37,2.42,0.39,0.37,1.8,6.5,5.18,4138.0,1373
3505807,Bastos,SP,Sudeste,69.26,65.41,-3.85,67.83,2.42,0.39,0.37,1.1,6.3,5.32,21503.0,1374
3144904,Nova Módica,MG,Sudeste,88.32,80.0,-8.32,82.43,2.43,0.39,0.37,0.4,5.7,4.59,3663.0,1375
4318606,São José do Ouro,RS,Sul,70.67,70.83,0.16,73.27,2.44,0.39,0.37,0.8,,5.55,6834.0,1376
3126901,Frei Inocêncio,MG,Sudeste,56.84,66.05,9.21,68.48,2.44,0.39,0.37,3.9,5.6,5.02,8226.0,1377
4319372,São Pedro do Butiá,RS,Sul,100.0,80.0,-20.0,82.45,2.45,0.39,0.37,4.7,7.1,5.49,3070.0,1378
2113009,Vitorino Freire,MA,Nordeste,56.04,64.97,8.93,67.43,2.45,0.39,0.37,6.8,5.4,4.34,30845.0,1379
4215802,São Bento do Sul,SC,Sul,77.48,76.23,-1.25,78.7,2.47,0.39,0.36,1.4,7.0,5.63,83277.0,1380
1600105,Amapá,AP,Norte,44.46,53.55,9.09,56.02,2.47,0.39,0.36,24.7,4.1,4.5,7943.0,1381
3552106,Socorro,SP,Sudeste,62.74,64.86,2.12,67.33,2.47,0.39,0.36,1.1,6.9,5.37,40122.0,1382
3305208,São Pedro da Aldeia,RJ,Sudeste,65.84,67.63,1.79,70.11,2.47,0.39,0.36,26.1,6.0,5.0,104029.0,1383
4314464,Pinhal da Serra,RS,Sul,73.94,76.78,2.84,79.26,2.48,0.39,0.36,3.0,6.7,5.13,2248.0,1384
3143104,Monte Carmelo,MG,Sudeste,63.88,71.38,7.5,73.86,2.48,0.39,0.36,1.4,6.5,5.26,47692.0,1385
3545506,Sandovalina,SP,Sudeste,89.89,79.49,-10.4,81.97,2.48,0.39,0.36,2.9,6.3,5.29,3645.0,1386
3546405,Santa Cruz do Rio Pardo,SP,Sudeste,67.28,65.85,-1.43,68.35,2.49,0.39,0.36,0.6,6.7,5.35,46442.0,1387
2105708,Lago da Pedra,MA,Nordeste,86.59,80.0,-6.59,82.51,2.51,0.39,0.36,4.8,5.2,4.34,44403.0,1388
3527603,Luís Antônio,SP,Sudeste,47.59,59.84,12.25,62.35,2.51,0.39,0.36,4.5,6.3,5.15,12265.0,1389
3543238,Ribeirão dos Índios,SP,Sudeste,73.33,74.92,1.59,77.43,2.51,0.39,0.36,5.6,6.5,5.28,2025.0,1390
3126752,Franciscópolis,MG,Sudeste,84.25,80.0,-4.25,82.52,2.52,0.39,0.36,0.4,6.3,4.46,5034.0,1391
1703602,Brasilândia do Tocantins,TO,Norte,31.58,52.56,20.98,55.08,2.52,0.38,0.36,11.2,5.1,4.6,1974.0,1392
3157377,Santa Cruz de Salinas,MG,Sudeste,83.33,80.0,-3.33,82.52,2.52,0.38,0.36,0.9,6.5,4.17,3910.0,1393
2610707,Paulista,PE,Nordeste,59.22,65.07,5.85,67.6,2.52,0.38,0.36,15.5,5.7,4.67,342167.0,1394
4309555,Harmonia,RS,Sul,76.47,80.0,3.53,82.53,2.53,0.38,0.36,3.2,7.3,5.82,5378.0,1395
2611408,Primavera,PE,Nordeste,81.94,78.61,-3.33,81.14,2.53,0.38,0.36,5.9,5.1,4.27,13838.0,1396
1301803,Ipixuna,AM,Norte,64.42,70.0,5.58,72.53,2.53,0.38,0.36,19.8,4.9,3.88,24311.0,1397
4316501,Salvador do Sul,RS,Sul,75.83,80.0,4.17,82.54,2.54,0.38,0.36,3.9,6.8,5.71,6879.0,1398
2307205,Jati,CE,Nordeste,84.27,76.9,-7.37,79.45,2.54,0.38,0.36,0.4,5.4,4.34,7861.0,1399
3548302,Santo Expedito,SP,Sudeste,89.94,80.0,-9.94,82.55,2.55,0.38,0.36,1.6,6.6,5.26,3000.0,1400
3128402,Guarani,MG,Sudeste,82.24,80.0,-2.24,82.55,2.55,0.38,0.36,2.9,6.6,4.91,7714.0,1401
3506805,Bocaina,SP,Sudeste,53.57,54.56,0.99,57.13,2.56,0.38,0.36,1.1,6.0,5.41,11259.0,1402
4305587,Colinas,RS,Sul,75.58,80.0,4.42,82.56,2.56,0.38,0.36,2.2,7.1,5.79,2423.0,1403
3301603,Duas Barras,RJ,Sudeste,62.71,68.46,5.75,71.03,2.57,0.38,0.36,18.5,5.5,5.11,10980.0,1404
2604007,Carpina,PE,Nordeste,72.65,72.21,-0.44,74.79,2.58,0.38,0.36,6.8,5.8,4.59,79293.0,1405
3145851,Oratórios,MG,Sudeste,69.6,76.63,7.03,79.22,2.59,0.38,0.36,4.6,6.0,4.86,4917.0,1406
1300060,Amaturá,AM,Norte,72.27,70.89,-1.38,73.48,2.59,0.38,0.36,10.0,4.8,3.84,10819.0,1407
3107307,Bocaiúva,MG,Sudeste,72.66,74.01,1.35,76.6,2.59,0.38,0.36,0.5,6.3,4.74,48032.0,1408
2106201,Luís Domingues,MA,Nordeste,73.41,78.28,4.87,80.88,2.6,0.38,0.36,6.7,5.6,4.27,7161.0,1409
1504208,Marabá,PA,Norte,55.75,65.19,9.44,67.79,2.6,0.38,0.36,8.1,5.5,4.59,266533.0,1410
3510203,Capão Bonito,SP,Sudeste,74.28,70.76,-3.52,73.36,2.6,0.38,0.36,0.7,7.0,5.21,46337.0,1411
4206207,Gravatal,SC,Sul,60.96,65.8,4.84,68.4,2.6,0.38,0.36,7.4,6.1,5.56,12435.0,1412
4305116,Centenário,RS,Sul,85.71,77.0,-8.71,79.6,2.6,0.38,0.36,0.7,6.7,5.42,2721.0,1413
3153400,Presidente Olegário,MG,Sudeste,73.84,78.53,4.69,81.13,2.61,0.38,0.36,1.6,6.9,5.09,18765.0,1414
1703008,Babaçulândia,TO,Norte,24.94,45.49,20.55,48.11,2.61,0.38,0.36,5.7,4.6,4.48,7880.0,1415
4319711,São Valentim do Sul,RS,Sul,80.0,80.0,0.0,82.63,2.63,0.38,0.36,1.0,6.5,5.77,2207.0,1416
3160405,Santo Antônio do Monte,MG,Sudeste,79.4,80.0,0.6,82.64,2.64,0.38,0.36,1.2,7.0,5.38,27295.0,1417
3141504,Mendes Pimentel,MG,Sudeste,73.78,79.8,6.02,82.44,2.64,0.38,0.36,1.4,6.2,4.91,5606.0,1418
1505064,Novo Repartimento,PA,Norte,59.69,67.32,7.63,69.98,2.66,0.38,0.36,11.6,5.3,4.45,60732.0,1419
2209757,São Gonçalo do Gurguéia,PI,Nordeste,64.57,78.03,13.46,80.7,2.67,0.38,0.36,7.6,5.2,4.36,2947.0,1420
3513603,Cunha,SP,Sudeste,58.87,64.4,5.53,67.08,2.68,0.38,0.36,3.7,6.4,4.96,22110.0,1421
3527405,Lucélia,SP,Sudeste,78.28,71.83,-6.45,74.52,2.69,0.38,0.35,1.5,6.5,5.39,20061.0,1422
4323358,Vila Lângaro,RS,Sul,53.57,75.0,21.43,77.69,2.69,0.38,0.35,0.9,7.2,5.44,2079.0,1423
3512001,Colina,SP,Sudeste,56.31,61.1,4.79,63.79,2.69,0.38,0.35,1.4,6.5,5.26,18486.0,1424
5001243,Aral Moreira,MS,Centro-Oeste,69.12,76.66,7.54,79.35,2.69,0.38,0.35,6.8,5.8,4.89,10748.0,1425
2615003,Taquaritinga do Norte,PE,Nordeste,68.77,69.37,0.6,72.07,2.7,0.38,0.35,12.0,5.6,4.43,24736.0,1426
2408300,Nova Cruz,RN,Nordeste,47.68,53.11,5.43,55.82,2.71,0.38,0.35,13.4,5.0,4.38,34269.0,1427
2110401,São Benedito do Rio Preto,MA,Nordeste,57.61,62.74,5.13,65.45,2.71,0.38,0.35,4.3,4.4,3.95,18364.0,1428
3529906,Miracatu,SP,Sudeste,61.68,60.97,-0.71,63.68,2.71,0.38,0.35,3.9,6.1,4.91,18553.0,1429
5208301,Divinópolis de Goiás,GO,Centro-Oeste,81.41,79.95,-1.46,82.67,2.72,0.38,0.35,4.7,5.4,4.52,4457.0,1430
1302504,Manacapuru,AM,Norte,52.34,61.21,8.87,63.93,2.72,0.38,0.35,4.9,5.6,4.46,101883.0,1431
2110203,Santa Rita,MA,Nordeste,68.21,69.31,1.1,72.03,2.72,0.38,0.35,4.0,5.5,4.4,37035.0,1432
3159506,Santa Rita do Itueto,MG,Sudeste,79.29,80.0,0.71,82.72,2.72,0.38,0.35,0.7,6.6,4.76,5826.0,1433
3550803,São Sebastião da Grama,SP,Sudeste,76.36,71.95,-4.41,74.7,2.74,0.38,0.35,0.4,6.7,5.18,10441.0,1434
3149309,Pedro Leopoldo,MG,Sudeste,66.53,69.0,2.47,71.75,2.75,0.38,0.35,1.2,6.4,5.27,62580.0,1435
1303007,Nhamundá,AM,Norte,71.99,71.9,-0.09,74.67,2.77,0.38,0.35,5.9,5.6,4.17,20136.0,1436
2104503,Governador Archer,MA,Nordeste,81.84,80.0,-1.84,82.77,2.77,0.38,0.35,5.0,5.4,4.27,10231.0,1437
1303403,Parintins,AM,Norte,58.52,65.41,6.89,68.19,2.78,0.38,0.35,6.2,6.0,4.3,96372.0,1438
4201109,Anitápolis,SC,Sul,47.27,66.0,18.73,68.8,2.8,0.37,0.35,8.5,5.4,5.57,3593.0,1439
4219853,Zortéa,SC,Sul,63.38,72.1,8.72,74.9,2.8,0.37,0.35,21.3,6.5,5.44,3930.0,1440
4103057,Boa Vista da Aparecida,PR,Sul,61.43,75.86,14.43,78.66,2.8,0.37,0.35,0.6,6.4,5.08,7924.0,1441
3552304,Sud Mennucci,SP,Sudeste,57.58,65.36,7.78,68.17,2.81,0.37,0.35,1.4,6.8,5.36,7355.0,1442
2613107,São Caitano,PE,Nordeste,52.38,61.82,9.44,64.64,2.82,0.37,0.35,9.0,5.1,4.27,37126.0,1443
3510401,Capivari,SP,Sudeste,75.11,71.8,-3.31,74.64,2.84,0.37,0.35,6.8,7.0,5.39,50068.0,1444
2503506,Cacimba de Dentro,PB,Nordeste,79.79,79.71,-0.08,82.56,2.85,0.37,0.35,6.9,5.7,4.28,16064.0,1445
3205176,Vila Valério,ES,Sudeste,75.61,80.0,4.39,82.85,2.85,0.37,0.35,6.9,6.9,5.0,13728.0,1446
3546306,Santa Cruz das Palmeiras,SP,Sudeste,60.48,64.14,3.66,67.0,2.86,0.37,0.35,0.4,6.3,5.19,28864.0,1447
4107652,Fazenda Rio Grande,PR,Sul,68.14,74.03,5.89,76.89,2.86,0.37,0.35,3.7,6.4,5.37,148873.0,1448
4209003,Joaçaba,SC,Sul,69.62,69.12,-0.5,71.98,2.86,0.37,0.35,9.2,6.0,5.57,30146.0,1449
4216909,São Lourenço do Oeste,SC,Sul,76.29,75.35,-0.94,78.21,2.86,0.37,0.35,11.1,6.5,5.49,24791.0,1450
3306305,Volta Redonda,RJ,Sudeste,71.47,69.61,-1.86,72.48,2.87,0.37,0.35,16.6,6.3,5.3,261563.0,1451
3304755,São Francisco de Itabapoana,RJ,Sudeste,57.64,60.94,3.3,63.82,2.88,0.37,0.35,21.9,5.2,4.83,45059.0,1452
1302009,Itapiranga,AM,Norte,39.16,50.62,11.46,53.51,2.89,0.37,0.35,7.5,4.9,4.47,10162.0,1453
4302378,Bom Progresso,RS,Sul,70.59,67.65,-2.94,70.55,2.9,0.37,0.35,2.8,6.1,5.58,2096.0,1454
2109908,Santa Inês,MA,Nordeste,58.71,62.92,4.21,65.82,2.9,0.37,0.35,7.1,5.3,4.5,85014.0,1455
4307815,Estrela Velha,RS,Sul,91.43,80.0,-11.43,82.9,2.9,0.37,0.35,1.6,8.0,5.38,3070.0,1456
3168507,Teixeiras,MG,Sudeste,70.29,77.51,7.22,80.42,2.91,0.37,0.35,2.6,6.4,4.97,12255.0,1457
4300505,Alpestre,RS,Sul,78.99,77.21,-1.78,80.12,2.92,0.37,0.35,1.6,7.3,5.25,7117.0,1458
3305604,Silva Jardim,RJ,Sudeste,63.3,67.21,3.91,70.14,2.93,0.37,0.35,22.0,5.4,4.88,21352.0,1459
2203008,Cristalândia do Piauí,PI,Nordeste,79.14,79.96,0.82,82.89,2.93,0.37,0.35,8.7,5.0,4.3,7356.0,1460
3303955,Pinheiral,RJ,Sudeste,66.08,65.14,-0.94,68.06,2.93,0.37,0.35,19.7,5.7,5.09,24298.0,1461
4311205,Júlio de Castilhos,RS,Sul,55.84,56.0,0.16,58.93,2.93,0.37,0.35,7.0,5.8,5.29,18226.0,1462
2207504,Palmeirais,PI,Nordeste,49.9,64.9,15.0,67.83,2.93,0.37,0.35,7.8,4.6,4.1,13264.0,1463
4318440,São Jorge,RS,Sul,55.48,78.14,22.66,81.1,2.96,0.37,0.34,1.4,7.0,5.86,2912.0,1464
3118601,Contagem,MG,Sudeste,67.34,66.36,-0.98,69.32,2.96,0.37,0.34,4.2,6.0,5.27,621863.0,1465
4203402,Campo Belo do Sul,SC,Sul,50.25,59.97,9.72,62.93,2.96,0.37,0.34,3.7,5.6,5.17,7257.0,1466
3122306,Divinópolis,MG,Sudeste,71.87,71.93,0.06,74.9,2.97,0.37,0.34,1.6,6.8,5.4,231091.0,1467
2608909,Limoeiro,PE,Nordeste,76.69,75.77,-0.92,78.75,2.98,0.37,0.34,9.2,5.9,4.36,56510.0,1468
1500602,Altamira,PA,Norte,49.62,62.67,13.05,65.64,2.98,0.37,0.34,14.0,5.3,4.72,126279.0,1469
2502904,Brejo dos Santos,PB,Nordeste,27.66,62.03,34.37,65.01,2.98,0.37,0.34,14.0,5.2,4.34,5742.0,1470
2300150,Acarape,CE,Nordeste,76.63,78.95,2.32,81.93,2.98,0.37,0.34,1.1,6.0,4.35,14027.0,1471
2102325,Buriticupu,MA,Nordeste,47.78,58.52,10.74,61.5,2.99,0.37,0.34,5.1,4.7,4.38,55499.0,1472
1505536,Parauapebas,PA,Norte,58.52,66.67,8.15,69.66,3.0,0.37,0.34,9.1,5.4,4.74,267836.0,1473
2306256,Itaitinga,CE,Nordeste,78.05,80.0,1.95,83.01,3.01,0.37,0.34,1.7,6.7,4.68,64650.0,1474
3543600,Rifaina,SP,Sudeste,54.97,67.32,12.35,70.33,3.01,0.37,0.34,3.2,6.7,5.44,4049.0,1475
2615805,Tupanatinga,PE,Nordeste,69.68,73.88,4.2,76.89,3.01,0.37,0.34,11.5,5.9,4.29,26937.0,1476
4312674,Nicolau Vergueiro,RS,Sul,72.22,76.24,4.02,79.26,3.02,0.37,0.34,1.9,7.1,5.59,1932.0,1477
2410405,Pureza,RN,Nordeste,49.55,56.54,6.99,59.57,3.02,0.37,0.34,13.6,4.9,4.39,9362.0,1478
2926202,Riachão das Neves,BA,Nordeste,54.27,57.33,3.06,60.36,3.03,0.37,0.34,18.6,4.4,4.53,21642.0,1479
4307203,Erval Grande,RS,Sul,94.36,80.0,-14.36,83.04,3.04,0.37,0.34,1.6,7.0,5.24,4930.0,1480
1502608,Colares,PA,Norte,52.19,66.7,14.51,69.74,3.04,0.37,0.34,10.8,5.3,4.12,12868.0,1481
3301405,Conceição de Macabu,RJ,Sudeste,62.34,64.29,1.95,67.34,3.05,0.36,0.34,14.1,5.3,4.84,21104.0,1482
3136306,João Pinheiro,MG,Sudeste,64.78,69.59,4.81,72.66,3.07,0.36,0.34,1.6,6.5,4.92,46801.0,1483
4312609,Muçum,RS,Sul,52.63,64.89,12.26,67.96,3.07,0.36,0.34,10.9,6.6,5.63,4601.0,1484
3501905,Amparo,SP,Sudeste,72.37,65.68,-6.69,68.78,3.09,0.36,0.34,2.2,7.0,5.47,68008.0,1485
2410108,Poço Branco,RN,Nordeste,25.23,34.6,9.37,37.71,3.1,0.36,0.34,12.4,3.9,4.31,12390.0,1486
3124203,Espera Feliz,MG,Sudeste,74.56,75.46,0.9,78.58,3.12,0.36,0.34,3.2,6.3,4.94,24102.0,1487
1500701,Anajás,PA,Norte,36.19,50.51,14.32,53.64,3.14,0.36,0.34,28.9,4.0,3.82,28011.0,1488
2110500,São Bento,MA,Nordeste,87.83,80.0,-7.83,83.14,3.14,0.36,0.34,5.3,5.2,4.27,46395.0,1489
4210050,Macieira,SC,Sul,85.36,80.0,-5.36,83.16,3.16,0.36,0.34,8.0,6.6,5.39,1778.0,1490
3519253,Iaras,SP,Sudeste,47.22,60.41,13.19,63.58,3.17,0.36,0.34,1.0,6.4,5.21,8010.0,1491
3557105,Votuporanga,SP,Sudeste,67.01,64.27,-2.74,67.44,3.17,0.36,0.34,2.4,6.7,5.34,96634.0,1492
3550209,São Miguel Arcanjo,SP,Sudeste,73.94,68.0,-5.94,71.17,3.17,0.36,0.34,0.5,6.5,5.12,32039.0,1493
3536000,Parapuã,SP,Sudeste,80.42,77.55,-2.87,80.72,3.17,0.36,0.34,4.2,7.4,5.07,10580.0,1494
3536505,Paulínia,SP,Sudeste,67.61,63.64,-3.97,66.82,3.18,0.36,0.34,2.9,6.7,5.51,110537.0,1495
2910057,Dias d'Ávila,BA,Nordeste,45.59,56.29,10.7,59.49,3.2,0.36,0.33,12.4,4.9,4.58,71485.0,1496
3545407,Salto Grande,SP,Sudeste,69.03,69.66,0.63,72.89,3.23,0.36,0.33,2.3,6.7,5.09,9050.0,1497
2300309,Acopiara,CE,Nordeste,59.16,70.87,11.71,74.11,3.24,0.36,0.33,1.6,6.2,4.29,44962.0,1498
4212403,Pedras Grandes,SC,Sul,84.82,80.0,-4.82,83.24,3.24,0.36,0.33,7.6,7.0,5.57,4245.0,1499
3127388,Goianá,MG,Sudeste,69.22,77.24,8.02,80.48,3.24,0.36,0.33,5.7,6.8,5.17,4053.0,1500
2103505,Colinas,MA,Nordeste,66.2,69.29,3.09,72.55,3.25,0.36,0.33,4.0,5.2,4.29,40316.0,1501
5207907,Flores de Goiás,GO,Centro-Oeste,61.02,72.96,11.94,76.21,3.26,0.36,0.33,3.5,5.4,4.62,13744.0,1502
1506187,Rondon do Pará,PA,Norte,68.03,69.63,1.6,72.89,3.26,0.36,0.33,17.8,5.3,4.6,53143.0,1503
3506508,Birigui,SP,Sudeste,83.37,75.0,-8.37,78.26,3.26,0.36,0.33,0.4,7.4,5.36,118979.0,1504
3501509,Alvinlândia,SP,Sudeste,85.88,76.87,-9.01,80.13,3.26,0.36,0.33,0.5,6.2,5.37,2885.0,1505
3555505,Ubirajara,SP,Sudeste,53.69,63.79,10.1,67.06,3.27,0.36,0.33,1.3,6.2,5.22,5132.0,1506
3555000,Tupã,SP,Sudeste,59.62,64.52,4.9,67.8,3.28,0.36,0.33,0.8,7.0,5.44,63928.0,1507
3134103,Itueta,MG,Sudeste,53.42,67.29,13.87,70.57,3.28,0.36,0.33,1.8,6.1,5.09,6055.0,1508
3535200,Palmeira d'Oeste,SP,Sudeste,66.91,73.39,6.48,76.68,3.29,0.36,0.33,3.1,7.5,5.23,8903.0,1509
3500550,Águas de Santa Bárbara,SP,Sudeste,52.16,64.45,12.29,67.75,3.29,0.36,0.33,1.3,6.4,5.49,7177.0,1510
2704302,Maceió,AL,Nordeste,49.72,58.52,8.8,61.82,3.3,0.36,0.33,17.2,5.7,4.53,957916.0,1511
3501400,Álvaro de Carvalho,SP,Sudeste,60.35,66.89,6.54,70.19,3.3,0.36,0.33,1.1,6.3,4.92,4808.0,1512
1303700,Santo Antônio do Içá,AM,Norte,61.73,69.39,7.66,72.69,3.3,0.36,0.33,12.2,5.4,3.98,28211.0,1513
4308102,Feliz,RS,Sul,70.13,76.06,5.93,79.37,3.31,0.36,0.33,1.1,7.1,5.7,13764.0,1514
3505906,Batatais,SP,Sudeste,72.94,70.01,-2.93,73.33,3.32,0.36,0.33,1.0,7.2,5.35,58402.0,1515
2100600,Amarante do Maranhão,MA,Nordeste,58.04,62.1,4.06,65.42,3.32,0.36,0.33,19.8,4.6,4.4,37085.0,1516
2201051,Assunção do Piauí,PI,Nordeste,78.89,80.0,1.11,83.34,3.34,0.35,0.33,6.3,5.6,4.28,7452.0,1517
3508009,Buri,SP,Sudeste,58.4,63.85,5.45,67.2,3.35,0.35,0.33,2.6,6.7,5.08,20250.0,1518
4300109,Agudo,RS,Sul,65.99,67.58,1.59,70.93,3.35,0.35,0.33,8.9,6.6,5.36,16041.0,1519
2804805,Nossa Senhora do Socorro,SE,Nordeste,39.14,44.93,5.79,48.3,3.36,0.35,0.33,12.8,5.4,4.66,192330.0,1520
3124708,Estrela do Indaiá,MG,Sudeste,83.22,80.0,-3.22,83.37,3.37,0.35,0.33,0.0,,4.92,2772.0,1521
4209177,Jupiá,SC,Sul,74.65,80.0,5.35,83.37,3.37,0.35,0.33,1.4,6.6,5.49,2555.0,1522
2509404,Mogeiro,PB,Nordeste,65.81,76.29,10.48,79.66,3.38,0.35,0.33,3.2,6.1,4.17,13899.0,1523
2104800,Grajaú,MA,Nordeste,54.15,60.3,6.15,63.68,3.38,0.35,0.33,12.5,4.8,4.42,73872.0,1524
2504801,Coremas,PB,Nordeste,65.29,73.12,7.83,76.5,3.38,0.35,0.33,7.3,5.6,4.28,14683.0,1525
1504802,Monte Alegre,PA,Norte,59.55,66.48,6.93,69.86,3.39,0.35,0.33,11.1,5.3,4.26,60012.0,1526
3502002,Analândia,SP,Sudeste,55.68,61.55,5.87,64.95,3.39,0.35,0.33,3.4,6.0,5.47,4589.0,1527
1507706,São Sebastião da Boa Vista,PA,Norte,47.12,63.42,16.3,66.82,3.4,0.35,0.33,12.2,5.2,3.92,25643.0,1528
3110806,Campanário,MG,Sudeste,45.99,70.28,24.29,73.68,3.4,0.35,0.33,8.9,5.8,4.78,2923.0,1529
3157906,Santa Margarida,MG,Sudeste,74.74,75.64,0.9,79.04,3.4,0.35,0.33,5.2,5.9,4.82,16395.0,1530
3203320,Marataízes,ES,Sudeste,77.41,76.33,-1.08,79.73,3.4,0.35,0.33,10.4,6.5,5.07,41929.0,1531
4103404,Cafeara,PR,Sul,54.17,80.0,25.83,83.41,3.41,0.35,0.33,6.1,6.8,5.32,2627.0,1532
2908606,Conde,BA,Nordeste,54.56,59.3,4.74,62.71,3.41,0.35,0.33,17.2,4.5,4.09,23654.0,1533
3200805,Baixo Guandu,ES,Sudeste,74.5,74.02,-0.48,77.42,3.41,0.35,0.33,6.9,5.9,5.21,30674.0,1534
3133709,Itatiaiuçu,MG,Sudeste,78.25,75.85,-2.4,79.27,3.41,0.35,0.33,1.5,6.4,5.3,12966.0,1535
4203303,Campo Alegre,SC,Sul,67.28,72.82,5.54,76.24,3.42,0.35,0.33,1.4,6.8,5.47,12501.0,1536
4312054,Marques de Souza,RS,Sul,78.33,77.71,-0.62,81.13,3.42,0.35,0.33,1.1,6.8,5.64,3969.0,1537
3300225,Areal,RJ,Sudeste,67.06,70.78,3.72,74.22,3.43,0.35,0.33,4.6,6.1,5.19,11828.0,1538
3501004,Altinópolis,SP,Sudeste,76.58,73.85,-2.73,77.29,3.44,0.35,0.33,0.3,6.5,5.27,16818.0,1539
1500107,Abaetetuba,PA,Norte,47.11,59.0,11.89,62.45,3.45,0.35,0.33,12.6,5.0,4.26,158188.0,1540
4315156,Progresso,RS,Sul,95.83,79.11,-16.72,82.56,3.46,0.35,0.33,1.6,6.4,5.42,5340.0,1541
2805109,Pedrinhas,SE,Nordeste,23.39,40.0,16.61,43.46,3.47,0.35,0.33,7.6,4.2,4.48,7396.0,1542
3200607,Aracruz,ES,Sudeste,74.47,75.09,0.62,78.57,3.48,0.35,0.33,4.4,6.3,5.13,94765.0,1543
3155900,Rio Preto,MG,Sudeste,65.48,75.22,9.74,78.7,3.48,0.35,0.33,10.2,6.3,4.86,5141.0,1544
1300680,Boa Vista do Ramos,AM,Norte,23.83,50.03,26.2,53.53,3.5,0.35,0.32,8.1,5.2,4.08,23785.0,1545
3546702,Santa Gertrudes,SP,Sudeste,83.2,69.38,-13.82,72.88,3.51,0.35,0.32,2.5,6.5,5.31,23611.0,1546
2302503,Brejo Santo,CE,Nordeste,91.7,80.0,-11.7,83.52,3.52,0.35,0.32,2.3,6.3,4.35,51090.0,1547
4104105,Campo do Tenente,PR,Sul,69.59,80.0,10.41,83.52,3.52,0.35,0.32,2.4,6.2,5.2,7508.0,1548
4200051,Abdon Batista,SC,Sul,70.53,75.69,5.16,79.22,3.53,0.35,0.32,3.5,6.5,5.49,2598.0,1549
4203600,Campos Novos,SC,Sul,66.34,71.71,5.37,75.25,3.54,0.35,0.32,5.0,6.4,5.46,36932.0,1550
2104057,Estreito,MA,Nordeste,64.51,66.96,2.45,70.51,3.55,0.35,0.32,7.4,5.3,4.69,33294.0,1551
2105005,Humberto de Campos,MA,Nordeste,60.63,70.35,9.72,73.9,3.55,0.35,0.32,7.3,5.3,4.0,25680.0,1552
1716703,Colméia,TO,Norte,46.21,63.61,17.4,67.17,3.55,0.35,0.32,4.9,5.6,4.91,8941.0,1553
1300409,Barcelos,AM,Norte,57.95,63.7,5.75,67.25,3.56,0.35,0.32,23.5,4.9,4.16,18834.0,1554
3502606,Aparecida d'Oeste,SP,Sudeste,62.04,73.13,11.09,76.69,3.56,0.35,0.32,1.4,7.2,5.25,4086.0,1555
3170438,União de Minas,MG,Sudeste,71.57,75.78,4.21,79.35,3.56,0.35,0.32,7.1,6.0,5.15,3828.0,1556
3549201,São João das Duas Pontes,SP,Sudeste,77.08,80.0,2.92,83.56,3.56,0.35,0.32,8.0,6.3,5.29,2580.0,1557
4202081,Bandeirante,SC,Sul,70.9,74.68,3.78,78.25,3.57,0.35,0.32,1.8,,5.08,3144.0,1558
1506807,Santarém,PA,Norte,58.96,66.97,8.01,70.55,3.57,0.35,0.32,11.0,5.8,4.5,331942.0,1559
3161502,São Geraldo,MG,Sudeste,82.92,80.0,-2.92,83.58,3.58,0.35,0.32,1.3,6.8,4.9,10282.0,1560
3107703,Bom Jesus do Amparo,MG,Sudeste,80.12,80.0,-0.12,83.58,3.58,0.35,0.32,8.3,6.4,4.95,5631.0,1561
1301159,Careiro da Várzea,AM,Norte,57.68,57.82,0.14,61.4,3.58,0.35,0.32,8.7,4.3,4.29,19637.0,1562
2300408,Aiuaba,CE,Nordeste,70.82,77.31,6.49,80.91,3.59,0.34,0.32,1.1,6.9,4.21,14076.0,1563
3106200,Belo Horizonte,MG,Sudeste,70.38,68.34,-2.04,71.94,3.6,0.34,0.32,4.7,6.3,5.27,2315560.0,1564
2903409,Belmonte,BA,Nordeste,46.23,56.47,10.24,60.07,3.6,0.34,0.32,21.1,5.1,4.37,20121.0,1565
3506607,Biritiba Mirim,SP,Sudeste,55.95,60.42,4.47,64.02,3.6,0.34,0.32,4.6,6.4,5.14,29683.0,1566
5201801,Aragoiânia,GO,Centro-Oeste,58.01,67.0,8.99,70.61,3.61,0.34,0.32,3.8,5.5,4.96,11890.0,1567
3511508,Cerquilho,SP,Sudeste,74.32,70.02,-4.3,73.63,3.61,0.34,0.32,1.1,7.1,5.47,44695.0,1568
4201505,Armazém,SC,Sul,76.32,74.88,-1.44,78.49,3.61,0.34,0.32,5.5,6.4,5.6,8834.0,1569
5213806,Morrinhos,GO,Centro-Oeste,63.58,70.7,7.12,74.32,3.62,0.34,0.32,5.6,6.3,5.29,51351.0,1570
2805802,Riachão do Dantas,SE,Nordeste,49.07,57.77,8.7,61.4,3.62,0.34,0.32,12.8,5.5,4.22,18313.0,1571
3509007,Caieiras,SP,Sudeste,69.03,61.15,-7.88,64.79,3.64,0.34,0.32,2.4,6.3,5.34,95032.0,1572
2917334,Iuiu,BA,Nordeste,44.45,63.92,19.47,67.59,3.67,0.34,0.31,2.7,5.0,4.23,11118.0,1573
2605202,Escada,PE,Nordeste,61.65,66.76,5.11,70.43,3.67,0.34,0.31,8.9,5.2,4.37,59891.0,1574
3514908,Elias Fausto,SP,Sudeste,70.48,67.08,-3.4,70.75,3.67,0.34,0.31,6.2,6.5,5.43,17699.0,1575
1720101,São Bento do Tocantins,TO,Norte,40.27,61.2,20.93,64.88,3.68,0.34,0.31,4.1,5.9,4.38,5654.0,1576
4204509,Corupá,SC,Sul,67.25,70.13,2.88,73.81,3.68,0.34,0.31,3.5,6.3,5.7,15267.0,1577
3117405,Conceição de Ipanema,MG,Sudeste,86.99,80.0,-6.99,83.7,3.7,0.34,0.31,4.1,,4.63,4409.0,1578
4212205,Papanduva,SC,Sul,75.52,74.89,-0.63,78.61,3.72,0.34,0.31,1.8,6.6,5.34,19150.0,1579
3550902,São Simão,SP,Sudeste,75.38,70.98,-4.4,74.7,3.72,0.34,0.31,7.5,6.5,5.28,13442.0,1580
3504305,Avaí,SP,Sudeste,82.57,67.18,-15.39,70.9,3.73,0.34,0.31,2.3,5.5,5.24,4483.0,1581
3123601,Elói Mendes,MG,Sudeste,72.83,68.49,-4.34,72.22,3.73,0.34,0.31,3.5,6.0,5.28,26336.0,1582
3150000,Pescador,MG,Sudeste,82.66,80.0,-2.66,83.75,3.75,0.34,0.31,1.7,6.2,4.85,3570.0,1583
1504422,Marituba,PA,Norte,61.39,68.2,6.81,71.96,3.76,0.34,0.31,7.5,6.2,4.52,111785.0,1584
3162955,São José da Lapa,MG,Sudeste,71.27,70.76,-0.51,74.52,3.76,0.34,0.31,1.3,6.1,5.35,26090.0,1585
3162948,São José da Barra,MG,Sudeste,82.89,80.0,-2.89,83.76,3.76,0.34,0.31,1.6,7.1,5.32,7793.0,1586
2310308,Parambu,CE,Nordeste,79.56,80.0,0.44,83.76,3.76,0.34,0.31,2.3,6.5,4.34,31445.0,1587
3124401,Espírito Santo do Dourado,MG,Sudeste,61.66,72.82,11.16,76.59,3.76,0.34,0.31,3.3,6.5,4.83,6611.0,1588
4105904,Colorado,PR,Sul,78.51,80.0,1.49,83.77,3.77,0.34,0.31,4.4,6.3,,22896.0,1589
3141306,Medeiros,MG,Sudeste,86.11,80.0,-6.11,83.77,3.77,0.34,0.31,0.4,6.2,5.17,3900.0,1590
3514957,Embaúba,SP,Sudeste,85.71,80.0,-5.71,83.77,3.77,0.34,0.31,0.0,7.6,5.34,2323.0,1591
3505302,Barra Bonita,SP,Sudeste,69.29,68.34,-0.95,72.11,3.77,0.34,0.31,1.1,7.4,5.49,34346.0,1592
3204559,Santa Maria de Jetibá,ES,Sudeste,79.19,80.0,0.81,83.78,3.78,0.34,0.31,5.3,7.0,5.3,41636.0,1593
2112274,Tufilândia,MA,Nordeste,39.44,55.85,16.41,59.64,3.78,0.34,0.31,6.1,4.9,4.1,5507.0,1594
2611101,Petrolina,PE,Nordeste,72.81,72.66,-0.15,76.45,3.79,0.34,0.31,5.6,6.2,4.71,386791.0,1595
4315503,Restinga Sêca,RS,Sul,66.84,62.03,-4.81,65.82,3.79,0.34,0.31,8.1,6.4,5.47,14939.0,1596
3304557,Rio de Janeiro,RJ,Sudeste,67.98,67.62,-0.36,71.41,3.79,0.34,0.31,6.8,6.2,4.88,6211223.0,1597
3167905,Tabuleiro,MG,Sudeste,82.1,80.0,-2.1,83.8,3.8,0.34,0.31,7.1,5.8,4.88,4014.0,1598
4115705,Matinhos,PR,Sul,70.39,74.81,4.42,78.62,3.8,0.34,0.31,6.0,6.5,5.37,39259.0,1599
3139102,Madre de Deus de Minas,MG,Sudeste,67.85,74.33,6.48,78.14,3.81,0.34,0.31,1.4,5.9,5.23,5191.0,1600
2102408,Cajapió,MA,Nordeste,74.58,73.0,-1.58,76.81,3.81,0.34,0.31,5.3,4.1,3.98,10121.0,1601
2301000,Aquiraz,CE,Nordeste,86.63,80.0,-6.63,83.81,3.81,0.34,0.31,1.7,6.1,4.58,80645.0,1602
1712405,Lizarda,TO,Norte,47.4,60.44,13.04,64.25,3.81,0.34,0.31,9.4,3.3,4.11,2999.0,1603
3556701,Vinhedo,SP,Sudeste,72.2,65.16,-7.04,68.98,3.81,0.34,0.31,8.1,6.7,5.57,76540.0,1604
3546108,Santa Clara d'Oeste,SP,Sudeste,83.18,80.0,-3.18,83.82,3.82,0.34,0.31,1.2,7.4,5.07,2598.0,1605
5001003,Aparecida do Taboado,MS,Centro-Oeste,52.99,65.19,12.2,69.01,3.82,0.34,0.31,12.1,5.8,5.09,27674.0,1606
2407906,Monte das Gameleiras,RN,Nordeste,42.18,54.95,12.77,58.79,3.84,0.34,0.31,10.6,5.5,4.56,2276.0,1607
4310579,Itapuca,RS,Sul,83.33,80.0,-3.33,83.85,3.85,0.34,0.31,0.0,7.7,5.6,1937.0,1608
4200754,Alto Bela Vista,SC,Sul,58.33,80.0,21.67,83.87,3.87,0.34,0.31,6.5,7.4,5.59,1856.0,1609
2505402,Desterro,PB,Nordeste,56.3,67.46,11.16,71.34,3.88,0.33,0.31,5.9,5.3,4.51,8067.0,1610
4300646,Ametista do Sul,RS,Sul,61.64,63.89,2.25,67.78,3.88,0.33,0.31,5.0,6.2,5.25,7650.0,1611
2111953,Sucupira do Riachão,MA,Nordeste,61.86,77.45,15.59,81.34,3.89,0.33,0.31,7.5,5.8,4.11,4985.0,1612
1600535,Porto Grande,AP,Norte,74.5,72.17,-2.33,76.08,3.9,0.33,0.3,14.8,5.0,4.58,17848.0,1613
3108602,Brasília de Minas,MG,Sudeste,83.96,77.27,-6.69,81.18,3.91,0.33,0.3,0.7,6.4,4.6,32025.0,1614
3528858,Marapoama,SP,Sudeste,81.55,80.0,-1.55,83.91,3.91,0.33,0.3,2.2,7.9,5.28,3292.0,1615
2501807,Bayeux,PB,Nordeste,50.19,55.29,5.1,59.21,3.92,0.33,0.3,22.3,5.0,4.49,82742.0,1616
3202405,Guarapari,ES,Sudeste,81.42,75.56,-5.86,79.47,3.92,0.33,0.3,5.6,6.3,5.14,124656.0,1617
3504206,Auriflama,SP,Sudeste,79.23,73.9,-5.33,77.82,3.93,0.33,0.3,0.8,7.1,5.23,13692.0,1618
3160454,Santo Antônio do Retiro,MG,Sudeste,77.43,78.94,1.51,82.87,3.93,0.33,0.3,1.0,6.3,4.5,6629.0,1619
3542008,Quintana,SP,Sudeste,63.91,65.32,1.41,69.26,3.94,0.33,0.3,0.8,6.9,5.35,7038.0,1620
2606101,Glória do Goitá,PE,Nordeste,75.64,74.92,-0.72,78.86,3.94,0.33,0.3,3.2,5.7,4.26,29347.0,1621
2211308,Valença do Piauí,PI,Nordeste,55.42,65.44,10.02,69.39,3.94,0.33,0.3,10.2,5.7,4.49,22279.0,1622
4109609,Guaratuba,PR,Sul,69.95,73.26,3.31,77.21,3.95,0.33,0.3,11.5,6.3,5.3,42062.0,1623
2114007,Zé Doca,MA,Nordeste,81.33,80.0,-1.33,83.95,3.95,0.33,0.3,7.1,6.4,4.32,40801.0,1624
2602001,Bodocó,PE,Nordeste,53.86,61.89,8.03,65.84,3.95,0.33,0.3,13.7,4.8,4.3,34478.0,1625
3535002,Palestina,SP,Sudeste,73.93,68.53,-5.4,72.49,3.96,0.33,0.3,1.6,6.6,5.3,11476.0,1626
4216503,São Joaquim,SC,Sul,51.18,55.64,4.46,59.61,3.97,0.33,0.3,5.0,5.8,5.33,25939.0,1627
3149903,Perdões,MG,Sudeste,75.77,75.26,-0.51,79.23,3.97,0.33,0.3,2.2,6.6,5.23,21384.0,1628
2915403,Itaju do Colônia,BA,Nordeste,24.18,45.21,21.03,49.2,3.99,0.33,0.3,23.0,4.3,4.41,6037.0,1629
2205540,Lagoinha do Piauí,PI,Nordeste,77.01,80.0,2.99,84.0,4.0,0.33,0.3,12.1,6.2,4.37,2939.0,1630
3117603,Conceição do Pará,MG,Sudeste,80.88,76.7,-4.18,80.7,4.0,0.33,0.3,1.5,6.4,5.25,5415.0,1631
3553955,Tarumã,SP,Sudeste,87.68,80.0,-7.68,84.02,4.02,0.33,0.3,0.4,8.1,5.39,14882.0,1632
2200301,Alto Longá,PI,Nordeste,75.79,80.0,4.21,84.03,4.03,0.33,0.3,1.4,5.7,4.29,13479.0,1633
4204707,Cunha Porã,SC,Sul,85.66,80.0,-5.66,84.03,4.03,0.33,0.3,6.5,6.8,5.63,10953.0,1634
3102704,Cachoeira de Pajeú,MG,Sudeste,70.96,69.7,-1.26,73.76,4.05,0.33,0.3,0.2,5.3,4.47,9110.0,1635
1708205,Formoso do Araguaia,TO,Norte,68.1,71.4,3.3,75.46,4.06,0.33,0.3,6.2,5.3,4.78,18881.0,1636
4207007,Içara,SC,Sul,81.53,74.49,-7.04,78.55,4.06,0.33,0.3,5.2,7.0,5.6,59035.0,1637
2600302,Agrestina,PE,Nordeste,77.42,75.5,-1.92,79.58,4.07,0.33,0.3,10.7,5.5,4.25,23779.0,1638
2104099,Formosa da Serra Negra,MA,Nordeste,83.98,80.0,-3.98,84.08,4.08,0.33,0.3,2.6,5.8,4.35,17719.0,1639
3304607,Santa Maria Madalena,RJ,Sudeste,64.59,71.83,7.24,75.93,4.1,0.33,0.3,27.4,5.7,5.02,10232.0,1640
4316428,Sagrada Família,RS,Sul,85.08,79.33,-5.75,83.43,4.1,0.33,0.3,0.0,7.3,5.02,2480.0,1641
3156700,Sabará,MG,Sudeste,71.51,68.11,-3.4,72.21,4.1,0.33,0.3,3.7,6.0,5.16,129380.0,1642
1501576,Bom Jesus do Tocantins,PA,Norte,71.68,68.59,-3.09,72.7,4.11,0.33,0.3,16.1,5.4,4.44,18005.0,1643
3532827,Nova Campina,SP,Sudeste,59.01,61.82,2.81,65.94,4.12,0.33,0.3,1.7,6.3,4.91,8497.0,1644
3142205,Miraí,MG,Sudeste,81.52,80.0,-1.52,84.13,4.13,0.33,0.3,0.5,7.0,5.04,13633.0,1645
2514800,São José dos Cordeiros,PB,Nordeste,70.0,80.0,10.0,84.13,4.13,0.33,0.3,7.4,6.2,4.46,3411.0,1646
3516903,General Salgado,SP,Sudeste,69.65,69.95,0.3,74.09,4.14,0.33,0.3,0.8,7.1,5.28,10312.0,1647
4217808,Taió,SC,Sul,77.65,74.0,-3.65,78.14,4.14,0.33,0.3,2.5,6.3,5.63,18310.0,1648
4217204,São Miguel do Oeste,SC,Sul,79.83,73.92,-5.91,78.07,4.15,0.33,0.3,6.0,6.6,5.59,44330.0,1649
3116704,Coimbra,MG,Sudeste,71.44,78.28,6.84,82.44,4.16,0.32,0.3,0.3,7.0,5.13,7117.0,1650
2404853,Itajá,RN,Nordeste,66.41,68.01,1.6,72.17,4.17,0.32,0.3,5.3,5.3,4.41,7292.0,1651
1507904,Soure,PA,Norte,70.8,70.94,0.14,75.11,4.17,0.32,0.3,18.8,5.3,4.29,24204.0,1652
4310850,Jaboticaba,RS,Sul,88.24,80.0,-8.24,84.17,4.17,0.32,0.3,1.1,6.6,5.33,3779.0,1653
1500206,Acará,PA,Norte,46.97,58.39,11.42,62.57,4.17,0.32,0.3,17.8,5.4,4.14,59023.0,1654
2107100,Morros,MA,Nordeste,79.19,80.0,0.81,84.18,4.18,0.32,0.3,9.0,5.4,3.93,18554.0,1655
2506806,Ingá,PB,Nordeste,57.58,68.19,10.61,72.37,4.18,0.32,0.3,6.2,5.4,4.21,17692.0,1656
2911253,Gavião,BA,Nordeste,56.17,69.78,13.61,73.97,4.19,0.32,0.3,3.2,5.3,4.4,4360.0,1657
3520442,Ilha Solteira,SP,Sudeste,80.03,72.84,-7.19,77.04,4.19,0.32,0.3,4.5,7.1,5.48,25549.0,1658
3146602,Paiva,MG,Sudeste,66.67,80.0,13.33,84.2,4.2,0.32,0.3,0.0,6.8,5.32,1474.0,1659
3515186,Espírito Santo do Pinhal,SP,Sudeste,74.52,72.28,-2.24,76.49,4.21,0.32,0.3,1.7,7.1,5.42,39816.0,1660
3555208,Turiúba,SP,Sudeste,80.0,80.0,0.0,84.22,4.22,0.32,0.3,0.0,7.3,5.09,1818.0,1661
2917904,Jandaíra,BA,Nordeste,39.02,64.7,25.68,68.92,4.22,0.32,0.3,8.3,5.3,4.12,9285.0,1662
1507409,São Francisco do Pará,PA,Norte,37.79,57.21,19.42,61.44,4.23,0.32,0.3,15.9,5.2,4.24,14894.0,1663
4319356,São Pedro da Serra,RS,Sul,76.49,80.0,3.51,84.24,4.24,0.32,0.29,5.5,6.3,5.82,3548.0,1664
4211405,Nova Erechim,SC,Sul,69.99,74.18,4.19,78.44,4.26,0.32,0.29,3.1,6.9,5.5,5155.0,1665
5003157,Coronel Sapucaia,MS,Centro-Oeste,87.75,79.42,-8.33,83.68,4.26,0.32,0.29,23.2,5.3,4.96,14289.0,1666
3168705,Timóteo,MG,Sudeste,65.18,67.48,2.3,71.74,4.26,0.32,0.29,1.4,6.6,5.33,81579.0,1667
4205357,Flor do Sertão,SC,Sul,78.3,80.0,1.7,84.27,4.27,0.32,0.29,3.7,6.7,5.29,1783.0,1668
2608008,Jataúba,PE,Nordeste,57.33,65.42,8.09,69.69,4.27,0.32,0.29,9.4,5.7,4.15,15843.0,1669
3201308,Cariacica,ES,Sudeste,68.17,68.11,-0.06,72.38,4.28,0.32,0.29,6.5,6.1,5.02,353491.0,1670
2109601,Rosário,MA,Nordeste,63.51,67.85,4.34,72.13,4.28,0.32,0.29,3.7,5.8,4.2,38475.0,1671
2604304,Cedro,PE,Nordeste,57.27,62.81,5.54,67.09,4.28,0.32,0.29,9.5,5.2,4.26,10518.0,1672
2929305,São Gonçalo dos Campos,BA,Nordeste,53.21,56.84,3.63,61.13,4.29,0.32,0.29,21.9,4.9,4.4,39513.0,1673
1100924,Chupinguaia,RO,Norte,74.24,80.0,5.76,84.29,4.29,0.32,0.29,5.8,5.5,4.95,9324.0,1674
4323200,Victor Graeff,RS,Sul,77.47,80.0,2.53,84.29,4.29,0.32,0.29,3.8,7.1,5.94,2780.0,1675
2104909,Guimarães,MA,Nordeste,82.45,80.0,-2.45,84.3,4.3,0.32,0.29,8.1,5.6,4.32,10290.0,1676
3528205,Macedônia,SP,Sudeste,93.62,80.0,-13.62,84.3,4.3,0.32,0.29,1.9,7.0,5.27,3963.0,1677
3520806,Inúbia Paulista,SP,Sudeste,93.75,80.0,-13.75,84.31,4.31,0.32,0.29,0.5,7.0,5.47,3615.0,1678
4220000,Balneário Rincão,SC,Sul,59.35,64.61,5.26,68.92,4.31,0.32,0.29,3.5,6.8,5.34,15981.0,1679
3542206,Rancharia,SP,Sudeste,74.86,69.57,-5.29,73.88,4.31,0.32,0.29,7.6,7.0,5.34,28588.0,1680
3509452,Campina do Monte Alegre,SP,Sudeste,54.57,62.18,7.61,66.49,4.31,0.32,0.29,0.0,6.7,5.18,5954.0,1681
3124104,Esmeraldas,MG,Sudeste,65.74,64.81,-0.93,69.13,4.32,0.32,0.29,2.7,5.8,5.11,85598.0,1682
2931350,Teixeira de Freitas,BA,Nordeste,61.49,65.39,3.9,69.71,4.32,0.32,0.29,14.7,5.3,4.7,145216.0,1683
4306056,Cristal,RS,Sul,90.0,72.73,-17.27,77.05,4.32,0.32,0.29,12.0,6.3,5.2,7299.0,1684
2931400,Teodoro Sampaio,BA,Nordeste,52.33,59.55,7.22,63.89,4.33,0.32,0.29,17.7,4.5,4.35,7110.0,1685
3204906,São Mateus,ES,Sudeste,73.76,73.18,-0.58,77.51,4.34,0.32,0.29,10.7,6.1,4.98,123752.0,1686
4316972,Santa Margarida do Sul,RS,Sul,58.11,60.33,2.22,64.67,4.34,0.32,0.29,19.0,6.1,5.14,2596.0,1687
1508050,Trairão,PA,Norte,75.74,75.05,-0.69,79.39,4.34,0.32,0.29,13.8,4.9,4.61,15242.0,1688
3515657,Fernão,SP,Sudeste,80.95,80.0,-0.95,84.34,4.34,0.32,0.29,0.9,7.5,5.48,1656.0,1689
3504701,Balbinos,SP,Sudeste,100.0,80.0,-20.0,84.34,4.34,0.32,0.29,0.0,6.2,5.3,3887.0,1690
4127601,Tijucas do Sul,PR,Sul,78.01,79.3,1.29,83.64,4.34,0.32,0.29,6.3,6.2,5.32,17621.0,1691
3554508,Tietê,SP,Sudeste,71.49,63.56,-7.93,67.91,4.34,0.32,0.29,1.5,6.6,5.37,37663.0,1692
3502200,Angatuba,SP,Sudeste,64.6,63.51,-1.09,67.86,4.35,0.32,0.29,1.8,6.8,5.35,24022.0,1693
3503802,Artur Nogueira,SP,Sudeste,69.18,64.49,-4.69,68.84,4.35,0.32,0.29,1.4,6.6,5.36,51456.0,1694
2307601,Limoeiro do Norte,CE,Nordeste,79.62,80.0,0.38,84.35,4.35,0.32,0.29,0.9,7.2,4.58,59560.0,1695
3502408,Anhumas,SP,Sudeste,73.46,73.07,-0.39,77.43,4.36,0.32,0.29,0.0,6.9,5.26,4023.0,1696
2408003,Mossoró,RN,Nordeste,56.51,57.83,1.32,62.2,4.37,0.32,0.29,10.2,5.9,4.69,264577.0,1697
3202454,Ibatiba,ES,Sudeste,82.66,80.0,-2.66,84.38,4.38,0.32,0.29,7.4,6.4,5.01,25380.0,1698
3151305,Piraúba,MG,Sudeste,77.05,77.1,0.05,81.49,4.39,0.32,0.29,3.3,6.6,4.97,11610.0,1699
3302809,Mendes,RJ,Sudeste,64.27,68.72,4.45,73.12,4.4,0.32,0.29,8.5,6.1,4.97,17502.0,1700
4212254,Passo de Torres,SC,Sul,65.65,67.0,1.35,71.4,4.4,0.32,0.29,12.3,6.2,5.43,12897.0,1701
3136405,Joaquim Felício,MG,Sudeste,,65.67,,70.07,4.4,0.32,0.29,3.9,6.5,4.66,3854.0,1702
1506195,Rurópolis,PA,Norte,62.55,68.52,5.97,72.93,4.41,0.32,0.29,10.1,5.5,4.49,35769.0,1703
2205706,Luís Correia,PI,Nordeste,61.36,70.59,9.23,75.0,4.41,0.32,0.29,17.0,5.4,4.17,30641.0,1704
3536703,Pederneiras,SP,Sudeste,57.52,56.85,-0.67,61.26,4.41,0.32,0.29,10.1,6.5,5.37,44827.0,1705
3517000,Getulina,SP,Sudeste,61.47,64.19,2.72,68.6,4.41,0.32,0.29,3.4,6.1,5.19,10232.0,1706
2103307,Codó,MA,Nordeste,54.98,62.81,7.83,67.22,4.41,0.32,0.29,8.3,5.1,4.24,114275.0,1707
2406403,Lagoa de Velhos,RN,Nordeste,59.26,59.92,0.66,64.33,4.41,0.32,0.29,11.1,4.5,4.52,2567.0,1708
4215307,Salete,SC,Sul,85.85,78.87,-6.98,83.29,4.41,0.32,0.29,1.6,7.0,5.64,7489.0,1709
2507101,Itapororoca,PB,Nordeste,71.27,75.52,4.25,79.94,4.41,0.32,0.29,7.2,6.0,4.21,18382.0,1710
5005202,Ladário,MS,Centro-Oeste,35.3,49.29,13.99,53.7,4.41,0.32,0.29,12.3,4.7,4.84,21522.0,1711
3532108,Murutinga do Sul,SP,Sudeste,76.5,68.34,-8.16,72.76,4.42,0.32,0.29,2.7,6.4,5.27,3737.0,1712
2112852,Vila Nova dos Martírios,MA,Nordeste,93.91,80.0,-13.91,84.42,4.42,0.32,0.29,4.9,5.2,4.4,10362.0,1713
4111803,Jacarezinho,PR,Sul,60.76,67.07,6.31,71.5,4.42,0.32,0.29,8.8,5.7,5.28,40375.0,1714
2609154,Manari,PE,Nordeste,63.28,67.97,4.69,72.42,4.44,0.32,0.29,4.1,5.0,4.02,23763.0,1715
3167707,Sobrália,MG,Sudeste,69.75,72.85,3.1,77.29,4.45,0.32,0.29,3.7,6.4,5.02,5137.0,1716
3170206,Uberlândia,MG,Sudeste,66.57,64.91,-1.66,69.37,4.46,0.31,0.29,5.9,6.1,5.36,713224.0,1717
3168804,Tiradentes,MG,Sudeste,70.2,70.69,0.49,75.15,4.46,0.31,0.29,4.3,6.2,5.15,7744.0,1718
2500601,Alhandra,PB,Nordeste,66.06,68.2,2.14,72.66,4.46,0.31,0.29,11.2,5.2,4.48,21730.0,1719
2207850,Pavussu,PI,Nordeste,81.28,72.74,-8.54,77.21,4.47,0.31,0.29,9.8,4.3,4.24,3628.0,1720
3538501,Piquete,SP,Sudeste,79.49,72.32,-7.17,76.8,4.48,0.31,0.29,2.5,7.0,5.13,12490.0,1721
1600253,Itaubal,AP,Norte,56.28,64.68,8.4,69.18,4.49,0.31,0.29,25.6,4.4,4.15,5599.0,1722
2108504,Pindaré-Mirim,MA,Nordeste,56.56,59.5,2.94,64.0,4.49,0.31,0.29,5.7,4.9,4.28,31429.0,1723
4208005,Itá,SC,Sul,75.35,74.13,-1.22,78.65,4.51,0.31,0.28,5.4,6.8,5.63,7067.0,1724
2305266,Ibaretama,CE,Nordeste,71.9,74.77,2.87,79.29,4.51,0.31,0.28,3.4,6.0,4.16,11956.0,1725
4319307,São Paulo das Missões,RS,Sul,90.74,78.72,-12.02,83.24,4.52,0.31,0.28,3.0,7.2,5.19,5846.0,1726
2918001,Jequié,BA,Nordeste,52.32,57.72,5.4,62.24,4.52,0.31,0.28,13.1,5.0,4.56,158813.0,1727
5005400,Maracaju,MS,Centro-Oeste,55.97,59.32,3.35,63.85,4.53,0.31,0.28,16.6,5.3,5.22,45047.0,1728
3552601,Tabapuã,SP,Sudeste,87.83,80.0,-7.83,84.54,4.54,0.31,0.28,1.4,7.8,5.3,11323.0,1729
4315172,Protásio Alves,RS,Sul,96.88,79.99,-16.89,84.53,4.54,0.31,0.28,0.7,7.0,5.42,2025.0,1730
4111258,Itaperuçu,PR,Sul,58.56,67.75,9.19,72.29,4.55,0.31,0.28,13.0,6.2,5.0,31217.0,1731
2510105,Nova Floresta,PB,Nordeste,71.25,72.64,1.39,77.19,4.55,0.31,0.28,5.5,5.8,4.48,9724.0,1732
3161650,São Geraldo do Baixio,MG,Sudeste,73.64,75.22,1.58,79.77,4.56,0.31,0.28,2.4,6.0,5.08,3143.0,1733
2922409,Mutuípe,BA,Nordeste,70.85,68.72,-2.13,73.28,4.56,0.31,0.28,6.4,5.1,4.41,20037.0,1734
3511706,Charqueada,SP,Sudeste,58.79,61.54,2.75,66.11,4.56,0.31,0.28,0.9,6.6,5.42,15535.0,1735
3552007,Silveiras,SP,Sudeste,55.49,62.23,6.74,66.81,4.57,0.31,0.28,2.8,6.2,4.99,6186.0,1736
4305959,Cotiporã,RS,Sul,63.79,76.7,12.91,81.28,4.58,0.31,0.28,3.0,7.1,5.84,3846.0,1737
3523404,Itatiba,SP,Sudeste,78.03,72.12,-5.91,76.7,4.58,0.31,0.28,4.4,7.2,5.47,121590.0,1738
4202578,Bom Jesus do Oeste,SC,Sul,71.88,76.34,4.46,80.93,4.58,0.31,0.28,3.0,7.4,5.64,2187.0,1739
5107156,Reserva do Cabaçal,MT,Centro-Oeste,61.54,77.92,16.38,82.5,4.58,0.31,0.28,1.7,5.2,4.93,2122.0,1740
2806107,Rosário do Catete,SE,Nordeste,58.91,58.49,-0.42,63.07,4.58,0.31,0.28,11.6,5.4,4.68,9295.0,1741
4209805,Leoberto Leal,SC,Sul,75.74,77.24,1.5,81.83,4.59,0.31,0.28,5.0,6.2,5.48,3330.0,1742
2907202,Casa Nova,BA,Nordeste,23.93,38.09,14.16,42.68,4.59,0.31,0.28,17.8,4.3,4.3,72086.0,1743
1500404,Alenquer,PA,Norte,42.33,56.84,14.51,61.44,4.59,0.31,0.28,16.9,5.1,4.2,69377.0,1744
5213509,Monte Alegre de Goiás,GO,Centro-Oeste,70.54,76.64,6.1,81.23,4.59,0.31,0.28,5.8,5.4,4.41,6692.0,1745
3136553,José Raydan,MG,Sudeste,73.68,79.48,5.8,84.08,4.6,0.31,0.28,0.4,6.6,4.64,4268.0,1746
3524907,Jambeiro,SP,Sudeste,76.59,68.97,-7.62,73.58,4.61,0.31,0.28,8.6,6.6,5.27,6397.0,1747
1501709,Bragança,PA,Norte,52.97,60.5,7.53,65.12,4.61,0.31,0.28,17.1,5.3,4.19,123082.0,1748
2516508,Taperoá,PB,Nordeste,83.73,79.06,-4.67,83.67,4.61,0.31,0.28,4.7,5.8,4.32,14068.0,1749
3101409,Albertina,MG,Sudeste,77.98,74.4,-3.58,79.02,4.62,0.31,0.28,1.0,6.3,5.19,2952.0,1750
3520509,Indaiatuba,SP,Sudeste,71.98,68.79,-3.19,73.41,4.62,0.31,0.28,4.7,7.5,5.54,255748.0,1751
3500402,Águas da Prata,SP,Sudeste,77.9,71.95,-5.95,76.58,4.63,0.31,0.28,5.5,6.8,5.42,7369.0,1752
2930709,Simões Filho,BA,Nordeste,57.44,60.45,3.01,65.08,4.63,0.31,0.28,15.7,5.4,4.53,114559.0,1753
3503158,Arapeí,SP,Sudeste,46.26,63.4,17.14,68.03,4.63,0.31,0.28,3.4,6.3,4.96,2330.0,1754
2925303,Porto Seguro,BA,Nordeste,58.1,62.69,4.59,67.33,4.64,0.31,0.28,17.2,5.3,4.62,168326.0,1755
2516607,Tavares,PB,Nordeste,74.22,77.38,3.16,82.02,4.64,0.31,0.28,2.2,6.4,4.23,14101.0,1756
3515400,Fartura,SP,Sudeste,77.27,70.91,-6.36,75.55,4.64,0.31,0.28,0.1,7.4,5.28,16641.0,1757
3549706,São José do Rio Pardo,SP,Sudeste,68.0,63.22,-4.78,67.86,4.64,0.31,0.28,2.1,6.6,5.44,52205.0,1758
3136579,Josenópolis,MG,Sudeste,80.56,80.0,-0.56,84.65,4.65,0.31,0.28,1.1,6.4,4.3,3630.0,1759
3526605,Lavrinhas,SP,Sudeste,68.32,65.81,-2.51,70.46,4.65,0.31,0.28,2.5,6.2,5.12,7171.0,1760
2406700,Lajes,RN,Nordeste,43.78,52.14,8.36,56.8,4.66,0.31,0.28,9.4,5.3,4.62,9866.0,1761
2611309,Pombos,PE,Nordeste,54.52,62.82,8.3,67.48,4.67,0.31,0.28,13.2,5.4,4.36,27552.0,1762
2607406,Itacuruba,PE,Nordeste,66.36,71.96,5.6,76.66,4.69,0.31,0.28,6.6,5.8,4.39,4284.0,1763
4201000,Anita Garibaldi,SC,Sul,65.46,72.6,7.14,77.3,4.7,0.31,0.28,1.5,6.4,5.36,8285.0,1764
4300570,Alto Feliz,RS,Sul,62.08,76.02,13.94,80.72,4.7,0.31,0.28,0.0,7.4,5.83,3072.0,1765
4207809,Irani,SC,Sul,84.69,76.65,-8.04,81.35,4.7,0.31,0.28,4.0,6.3,5.47,10195.0,1766
3130408,Ijaci,MG,Sudeste,77.92,76.07,-1.85,80.78,4.71,0.31,0.28,0.0,6.2,5.21,7003.0,1767
3508801,Cafelândia,SP,Sudeste,80.31,70.15,-10.16,74.86,4.71,0.31,0.28,0.9,6.7,5.34,16654.0,1768
2604601,Condado,PE,Nordeste,53.69,62.07,8.38,66.79,4.72,0.31,0.28,10.7,5.0,4.33,24587.0,1769
3535804,Paranapanema,SP,Sudeste,64.11,64.08,-0.03,68.81,4.73,0.31,0.28,1.3,6.7,5.19,19395.0,1770
4317558,Santo Antônio do Palma,RS,Sul,65.0,75.77,10.77,80.5,4.73,0.31,0.28,0.0,7.3,5.62,2091.0,1771
2210607,São Raimundo Nonato,PI,Nordeste,72.96,73.68,0.72,78.43,4.75,0.31,0.28,3.4,5.5,4.36,38934.0,1772
2604700,Correntes,PE,Nordeste,56.6,65.37,8.77,70.14,4.76,0.3,0.28,12.3,5.6,4.25,17131.0,1773
3549508,São José da Bela Vista,SP,Sudeste,66.02,63.18,-2.84,67.94,4.77,0.3,0.28,6.1,5.7,5.08,7626.0,1774
4313466,Novo Xingu,RS,Sul,76.19,80.0,3.81,84.77,4.77,0.3,0.28,2.0,7.8,5.38,1646.0,1775
4213153,Planalto Alegre,SC,Sul,95.49,79.76,-15.73,84.53,4.78,0.3,0.28,3.4,6.4,5.5,2946.0,1776
5201108,Anápolis,GO,Centro-Oeste,80.58,75.76,-4.82,80.54,4.78,0.3,0.28,7.6,6.3,5.32,398869.0,1777
2310704,Pentecoste,CE,Nordeste,86.72,80.0,-6.72,84.79,4.79,0.3,0.28,1.9,5.5,4.17,37813.0,1778
3158003,Santa Maria de Itabira,MG,Sudeste,69.24,66.83,-2.41,71.62,4.79,0.3,0.28,0.2,5.7,4.91,10485.0,1779
4212700,Petrolândia,SC,Sul,77.83,72.0,-5.83,76.8,4.8,0.3,0.28,6.4,5.9,5.61,6716.0,1780
2207603,Parnaguá,PI,Nordeste,69.37,73.42,4.05,78.23,4.8,0.3,0.28,16.4,4.6,4.26,10103.0,1781
2106607,Matões,MA,Nordeste,76.3,75.83,-0.47,80.64,4.8,0.3,0.28,6.7,5.3,4.16,32174.0,1782
1506401,Santa Cruz do Arari,PA,Norte,54.36,64.36,10.0,69.18,4.82,0.3,0.28,14.8,4.4,3.94,7445.0,1783
4201208,Antônio Carlos,SC,Sul,75.09,76.96,1.87,81.78,4.82,0.3,0.28,2.4,6.8,5.94,11224.0,1784
3121258,Delta,MG,Sudeste,59.17,64.94,5.77,69.76,4.82,0.3,0.28,10.4,5.6,5.05,10494.0,1785
2805000,Pedra Mole,SE,Nordeste,54.34,63.17,8.83,68.0,4.82,0.3,0.28,18.9,5.4,4.39,2778.0,1786
3534757,Ouroeste,SP,Sudeste,89.86,80.0,-9.86,84.83,4.83,0.3,0.28,0.6,7.3,5.37,10294.0,1787
4213005,Pinheiro Preto,SC,Sul,70.37,69.18,-1.19,74.01,4.83,0.3,0.28,5.7,6.3,5.33,3473.0,1788
2412559,São Miguel do Gostoso,RN,Nordeste,43.39,48.0,4.61,52.84,4.84,0.3,0.27,17.2,4.8,4.23,10221.0,1789
4308458,Fortaleza dos Valos,RS,Sul,88.73,80.0,-8.73,84.84,4.84,0.3,0.27,1.9,7.1,5.76,4477.0,1790
2101103,Axixá,MA,Nordeste,77.1,80.0,2.9,84.85,4.85,0.3,0.27,6.4,7.1,4.25,11790.0,1791
5206602,Cumari,GO,Centro-Oeste,72.73,77.88,5.15,82.73,4.85,0.3,0.27,3.7,6.1,5.26,2927.0,1792
3515194,Espírito Santo do Turvo,SP,Sudeste,68.68,68.82,0.14,73.67,4.85,0.3,0.27,1.4,6.3,4.95,4157.0,1793
3113602,Careaçu,MG,Sudeste,83.87,80.0,-3.87,84.86,4.86,0.3,0.27,7.4,6.6,5.29,6816.0,1794
3304409,Rio Claro,RJ,Sudeste,76.82,72.36,-4.46,77.23,4.86,0.3,0.27,7.0,5.7,5.03,17401.0,1795
3201605,Conceição da Barra,ES,Sudeste,78.53,76.55,-1.98,81.41,4.87,0.3,0.27,6.0,6.0,4.93,27458.0,1796
3530904,Mombuca,SP,Sudeste,68.26,67.44,-0.82,72.31,4.87,0.3,0.27,5.7,6.4,5.38,3722.0,1797
2923407,Palmas de Monte Alto,BA,Nordeste,58.6,62.04,3.44,66.95,4.91,0.3,0.27,4.6,5.2,4.38,20078.0,1798
2903953,Bom Jesus da Serra,BA,Nordeste,46.62,60.02,13.4,64.94,4.92,0.3,0.27,9.7,5.5,4.36,9730.0,1799
2205201,Jaicós,PI,Nordeste,77.21,79.43,2.22,84.36,4.93,0.3,0.27,4.9,5.6,4.15,17527.0,1800
3158805,Santana do Jacaré,MG,Sudeste,86.83,77.92,-8.91,82.85,4.93,0.3,0.27,1.3,5.9,4.9,4214.0,1801
4206652,Guatambú,SC,Sul,51.61,61.46,9.85,66.39,4.93,0.3,0.27,4.8,5.9,5.47,8425.0,1802
3162559,São João do Manhuaçu,MG,Sudeste,80.1,78.18,-1.92,83.12,4.94,0.3,0.27,2.1,6.4,4.99,11246.0,1803
4211652,Novo Horizonte,SC,Sul,76.67,80.0,3.33,84.95,4.95,0.3,0.27,1.3,7.5,5.45,2643.0,1804
1715150,Novo Alegre,TO,Norte,66.67,75.48,8.81,80.44,4.96,0.3,0.27,4.7,5.1,4.76,1846.0,1805
4205308,Faxinal dos Guedes,SC,Sul,59.83,65.82,5.99,70.78,4.96,0.3,0.27,10.3,6.6,5.57,11192.0,1806
3544806,Sales,SP,Sudeste,82.94,73.58,-9.36,78.54,4.97,0.3,0.27,2.3,6.9,5.42,6437.0,1807
2616506,Xexéu,PE,Nordeste,73.69,70.88,-2.81,75.85,4.97,0.3,0.27,4.0,5.6,4.37,11611.0,1808
5103403,Cuiabá,MT,Centro-Oeste,61.32,66.47,5.15,71.44,4.97,0.3,0.27,2.9,6.1,5.11,650877.0,1809
3113305,Carangola,MG,Sudeste,61.47,64.86,3.39,69.83,4.97,0.3,0.27,3.9,6.1,4.9,31240.0,1810
3170107,Uberaba,MG,Sudeste,60.79,62.18,1.39,67.15,4.97,0.3,0.27,7.6,6.0,5.3,337836.0,1811
3100302,Abre Campo,MG,Sudeste,82.75,80.0,-2.75,84.97,4.97,0.3,0.27,2.0,6.7,4.98,13927.0,1812
2105922,Lagoa do Mato,MA,Nordeste,83.33,80.0,-3.33,84.98,4.98,0.3,0.27,1.8,5.7,4.37,10572.0,1813
3543204,Ribeirão do Sul,SP,Sudeste,93.72,76.78,-16.94,81.76,4.98,0.3,0.27,1.2,6.8,5.22,4677.0,1814
4217758,Sul Brasil,SC,Sul,57.58,77.88,20.3,82.86,4.98,0.3,0.27,3.6,7.3,5.32,2832.0,1815
4212007,Palma Sola,SC,Sul,85.73,80.0,-5.73,84.99,4.99,0.3,0.27,0.8,6.9,5.49,7605.0,1816
5209200,Guapó,GO,Centro-Oeste,68.97,71.66,2.69,76.65,4.99,0.3,0.27,3.9,6.1,5.04,19545.0,1817
3205200,Vila Velha,ES,Sudeste,79.89,73.63,-6.26,78.63,5.0,0.3,0.27,5.4,6.6,5.09,467722.0,1818
4100400,Almirante Tamandaré,PR,Sul,60.18,65.7,5.52,70.7,5.0,0.3,0.27,7.9,5.4,5.22,119825.0,1819
4202701,Botuverá,SC,Sul,81.38,74.27,-7.11,79.28,5.01,0.3,0.27,7.1,6.5,5.5,5363.0,1820
1508084,Tucumã,PA,Norte,67.86,68.94,1.08,73.95,5.01,0.3,0.27,11.2,5.3,4.74,39550.0,1821
3527504,Lucianópolis,SP,Sudeste,87.5,77.16,-10.34,82.17,5.01,0.3,0.27,1.5,6.8,5.27,2372.0,1822
2305506,Iguatu,CE,Nordeste,65.46,67.8,2.34,72.81,5.01,0.3,0.27,2.8,6.1,4.51,98064.0,1823
1303502,Pauini,AM,Norte,48.4,58.35,9.95,63.36,5.01,0.3,0.27,39.6,4.4,4.24,19373.0,1824
4219309,Videira,SC,Sul,67.46,68.18,0.72,73.19,5.01,0.3,0.27,6.6,6.7,5.57,55466.0,1825
3109501,Cabo Verde,MG,Sudeste,74.07,75.65,1.58,80.67,5.02,0.3,0.27,1.2,6.6,5.11,11410.0,1826
3136207,João Monlevade,MG,Sudeste,69.78,70.01,0.23,75.02,5.02,0.3,0.27,0.7,6.8,5.33,80187.0,1827
3548104,Santo Antônio do Jardim,SP,Sudeste,79.69,75.37,-4.32,80.4,5.03,0.3,0.27,2.4,7.1,5.31,6126.0,1828
3502507,Aparecida,SP,Sudeste,60.23,60.93,0.7,65.96,5.03,0.3,0.27,6.7,6.6,5.3,32569.0,1829
3158201,Santa Maria do Suaçuí,MG,Sudeste,58.93,70.34,11.41,75.4,5.05,0.29,0.27,1.2,7.0,4.66,12788.0,1830
3511904,Clementina,SP,Sudeste,70.95,64.98,-5.97,70.05,5.06,0.29,0.27,0.6,6.5,5.22,6982.0,1831
1200179,Capixaba,AC,Norte,44.66,51.0,6.34,56.07,5.07,0.29,0.27,15.7,5.2,4.42,10392.0,1832
3551108,Sarapuí,SP,Sudeste,59.34,59.78,0.44,64.85,5.07,0.29,0.27,0.9,6.0,5.15,10369.0,1833
2313302,Tauá,CE,Nordeste,80.69,80.0,-0.69,85.07,5.07,0.29,0.27,0.9,7.0,4.42,61227.0,1834
5100508,Alto Paraguai,MT,Centro-Oeste,65.0,73.37,8.37,78.45,5.08,0.29,0.27,1.0,5.3,4.63,8009.0,1835
3544251,Rosana,SP,Sudeste,76.83,69.31,-7.52,74.39,5.08,0.29,0.27,1.7,6.9,5.31,17440.0,1836
2802205,Feira Nova,SE,Nordeste,40.95,52.46,11.51,57.57,5.11,0.29,0.27,10.2,5.2,4.42,5975.0,1837
4214904,Rio Fortuna,SC,Sul,72.37,79.07,6.7,84.19,5.11,0.29,0.27,3.2,7.1,5.77,4847.0,1838
4210605,Massaranduba,SC,Sul,79.91,75.12,-4.79,80.24,5.11,0.29,0.27,4.6,6.7,5.76,17162.0,1839
3108255,Bonito de Minas,MG,Sudeste,66.21,71.71,5.5,76.83,5.12,0.29,0.27,2.5,5.5,4.25,10204.0,1840
1501006,Aveiro,PA,Norte,64.55,68.15,3.6,73.28,5.13,0.29,0.27,9.7,4.9,4.09,18290.0,1841
3111309,Campo do Meio,MG,Sudeste,73.07,73.36,0.29,78.5,5.14,0.29,0.27,2.2,6.5,5.08,11377.0,1842
3504008,Assis,SP,Sudeste,67.89,60.87,-7.02,66.01,5.14,0.29,0.27,1.0,6.7,5.49,101409.0,1843
2612208,Salgueiro,PE,Nordeste,82.76,77.75,-5.01,82.89,5.14,0.29,0.27,7.5,6.2,4.57,62372.0,1844
3537503,Pereiras,SP,Sudeste,65.45,65.16,-0.29,70.3,5.15,0.29,0.27,6.3,6.5,5.17,8737.0,1845
2203602,Eliseu Martins,PI,Nordeste,77.56,80.0,2.44,85.15,5.15,0.29,0.27,9.0,5.5,4.36,4377.0,1846
4318499,São José do Inhacorá,RS,Sul,96.55,80.0,-16.55,85.16,5.16,0.29,0.26,3.1,7.1,5.75,2406.0,1847
2608800,Lajedo,PE,Nordeste,57.81,63.22,5.41,68.38,5.16,0.29,0.26,7.2,5.5,4.52,39582.0,1848
3157104,Salto da Divisa,MG,Sudeste,48.56,61.08,12.52,66.25,5.17,0.29,0.26,2.5,5.6,4.6,6110.0,1849
3533205,Nova Independência,SP,Sudeste,66.22,64.32,-1.9,69.5,5.18,0.29,0.26,1.8,5.7,5.12,4609.0,1850
3120839,Cuparaque,MG,Sudeste,67.85,80.0,12.15,85.18,5.18,0.29,0.26,3.4,6.7,5.03,3983.0,1851
1502202,Capanema,PA,Norte,64.96,70.55,5.59,75.75,5.19,0.29,0.26,8.6,6.2,4.24,70394.0,1852
2105104,Icatu,MA,Nordeste,72.05,72.86,0.81,78.06,5.19,0.29,0.26,11.7,5.4,3.92,24794.0,1853
4300901,Aratiba,RS,Sul,85.62,80.0,-5.62,85.19,5.19,0.29,0.26,0.3,7.2,5.7,6483.0,1854
1503606,Itaituba,PA,Norte,65.85,70.05,4.2,75.25,5.2,0.29,0.26,17.3,5.9,4.67,123314.0,1855
4218806,Turvo,SC,Sul,66.98,69.17,2.19,74.37,5.21,0.29,0.26,2.7,6.4,5.53,13043.0,1856
3546900,Santa Lúcia,SP,Sudeste,76.57,73.0,-3.57,78.21,5.21,0.29,0.26,2.7,6.9,5.26,7149.0,1857
2908002,Coaraci,BA,Nordeste,49.19,57.34,8.15,62.55,5.21,0.29,0.26,27.0,4.8,4.3,17333.0,1858
4315073,Porto Vera Cruz,RS,Sul,92.31,71.14,-21.17,76.35,5.21,0.29,0.26,5.6,,,1560.0,1859
3502309,Anhembi,SP,Sudeste,54.6,58.13,3.53,63.36,5.23,0.29,0.26,2.4,5.7,5.21,5674.0,1860
3102506,Amparo do Serra,MG,Sudeste,75.32,73.07,-2.25,78.3,5.23,0.29,0.26,7.1,5.6,4.56,4541.0,1861
1600204,Calçoene,AP,Norte,49.78,56.01,6.23,61.24,5.23,0.29,0.26,25.4,4.5,4.54,10612.0,1862
3541802,Queiroz,SP,Sudeste,87.45,80.0,-7.45,85.23,5.23,0.29,0.26,0.8,6.8,5.11,3265.0,1863
3168200,Tapiraí,MG,Sudeste,66.67,78.03,11.36,83.28,5.24,0.29,0.26,1.0,6.4,4.97,1690.0,1864
5001102,Aquidauana,MS,Centro-Oeste,78.94,74.62,-4.32,79.88,5.26,0.29,0.26,15.7,5.5,4.91,46803.0,1865
3519907,Iepê,SP,Sudeste,59.86,65.35,5.49,70.61,5.26,0.29,0.26,1.1,6.2,5.36,7619.0,1866
4320503,Sertão,RS,Sul,70.63,69.45,-1.18,74.72,5.27,0.29,0.26,6.6,6.5,5.77,5541.0,1867
2516003,Solânea,PB,Nordeste,83.17,79.19,-3.98,84.46,5.28,0.29,0.26,10.1,5.5,4.34,26774.0,1868
2307650,Maracanaú,CE,Nordeste,83.93,80.0,-3.93,85.28,5.28,0.29,0.26,2.9,6.8,4.65,234509.0,1869
2313351,Tejuçuoca,CE,Nordeste,77.1,80.0,2.9,85.28,5.28,0.29,0.26,0.9,6.1,4.18,17154.0,1870
4111902,Jaguapitã,PR,Sul,82.59,77.91,-4.68,83.21,5.3,0.29,0.26,11.8,6.0,5.28,15122.0,1871
3109006,Brumadinho,MG,Sudeste,77.86,74.76,-3.1,80.06,5.3,0.29,0.26,10.6,6.5,5.45,38915.0,1872
4211009,Mondaí,SC,Sul,76.44,73.9,-2.54,79.2,5.3,0.29,0.26,5.8,6.5,5.5,10066.0,1873
3300936,Carapebus,RJ,Sudeste,67.43,64.96,-2.47,70.29,5.33,0.29,0.26,16.2,5.6,5.1,13847.0,1874
3134608,Jaboticatubas,MG,Sudeste,80.64,74.29,-6.35,79.62,5.34,0.29,0.26,3.4,6.1,5.1,20406.0,1875
4301552,Áurea,RS,Sul,89.47,80.0,-9.47,85.34,5.34,0.29,0.26,2.9,6.9,5.23,3396.0,1876
3123858,Entre Folhas,MG,Sudeste,75.56,79.23,3.67,84.57,5.34,0.29,0.26,2.8,7.2,4.88,5179.0,1877
2604502,Chã Grande,PE,Nordeste,63.18,67.18,4.0,72.53,5.35,0.29,0.26,19.4,5.7,4.29,20546.0,1878
3551405,Serra Azul,SP,Sudeste,35.33,48.34,13.01,53.7,5.36,0.28,0.26,8.1,5.7,5.27,12746.0,1879
2904852,Cabaceiras do Paraguaçu,BA,Nordeste,40.81,51.38,10.57,56.74,5.36,0.28,0.26,8.7,5.0,4.26,16559.0,1880
4219507,Xanxerê,SC,Sul,77.71,72.89,-4.82,78.25,5.36,0.28,0.26,6.9,6.4,5.5,51607.0,1881
4114302,Mandirituba,PR,Sul,81.25,79.65,-1.6,85.01,5.36,0.28,0.26,1.6,6.5,5.32,27439.0,1882
2804458,Nossa Senhora Aparecida,SE,Nordeste,64.42,57.85,-6.57,63.22,5.36,0.28,0.26,11.5,4.6,4.37,9232.0,1883
5006259,Novo Horizonte do Sul,MS,Centro-Oeste,51.42,63.04,11.62,68.41,5.37,0.28,0.26,18.2,5.6,5.24,4721.0,1884
3165206,São Tomé das Letras,MG,Sudeste,80.69,80.0,-0.69,85.37,5.37,0.28,0.26,2.6,6.9,4.75,6904.0,1885
4217956,Tigrinhos,SC,Sul,82.68,79.47,-3.21,84.84,5.38,0.28,0.26,5.9,7.3,5.26,2329.0,1886
2202505,Caracol,PI,Nordeste,59.61,70.04,10.43,75.42,5.38,0.28,0.26,31.1,4.8,4.04,10318.0,1887
4321832,Três Forquilhas,RS,Sul,,54.78,,60.17,5.39,0.28,0.26,4.3,6.8,5.4,2760.0,1888
2205953,Marcolândia,PI,Nordeste,86.34,80.0,-6.34,85.39,5.39,0.28,0.26,3.9,5.6,4.29,8533.0,1889
2611705,Riacho das Almas,PE,Nordeste,71.53,71.55,0.02,76.94,5.39,0.28,0.26,4.9,5.5,4.3,20639.0,1890
2202075,Cajazeiras do Piauí,PI,Nordeste,77.36,80.0,2.64,85.4,5.4,0.28,0.26,0.5,5.4,4.16,3108.0,1891
2109106,Presidente Dutra,MA,Nordeste,67.43,66.9,-0.53,72.31,5.41,0.28,0.25,8.3,5.2,4.44,45155.0,1892
1503705,Itupiranga,PA,Norte,54.31,60.48,6.17,65.89,5.42,0.28,0.25,16.2,5.2,4.43,49754.0,1893
3171907,Virgolândia,MG,Sudeste,78.87,80.0,1.13,85.42,5.42,0.28,0.25,0.4,6.4,4.58,4552.0,1894
2102002,Bom Jardim,MA,Nordeste,88.39,80.0,-8.39,85.42,5.42,0.28,0.25,9.9,5.6,4.28,33100.0,1895
3111606,Campos Gerais,MG,Sudeste,68.79,72.35,3.56,77.77,5.42,0.28,0.25,1.4,6.6,4.93,26105.0,1896
2311306,Quixadá,CE,Nordeste,88.7,80.0,-8.7,85.42,5.42,0.28,0.25,1.5,5.8,4.31,84168.0,1897
1703107,Barrolândia,TO,Norte,60.63,69.27,8.64,74.69,5.42,0.28,0.25,0.9,5.4,4.92,4846.0,1898
2803203,Itaporanga d'Ajuda,SE,Nordeste,37.6,48.63,11.03,54.05,5.42,0.28,0.25,8.8,5.0,4.38,34411.0,1899
2105807,Lago do Junco,MA,Nordeste,82.24,80.0,-2.24,85.43,5.43,0.28,0.25,3.7,5.5,4.15,9506.0,1900
2406502,Lagoa Nova,RN,Nordeste,47.57,55.82,8.25,61.26,5.44,0.28,0.25,10.9,5.3,4.54,15573.0,1901
3152808,Prata,MG,Sudeste,63.8,67.21,3.41,72.65,5.44,0.28,0.25,3.5,6.2,5.11,28342.0,1902
2302206,Beberibe,CE,Nordeste,84.29,78.94,-5.35,84.4,5.46,0.28,0.25,3.8,6.7,4.44,53114.0,1903
2403707,Felipe Guerra,RN,Nordeste,65.5,66.69,1.19,72.15,5.46,0.28,0.25,4.5,5.8,4.53,5944.0,1904
3511201,Catiguá,SP,Sudeste,70.59,66.65,-3.94,72.11,5.47,0.28,0.25,0.3,6.5,5.39,7003.0,1905
2109759,Santa Filomena do Maranhão,MA,Nordeste,45.99,56.87,10.88,62.34,5.47,0.28,0.25,5.1,4.7,4.2,6697.0,1906
5003801,Fátima do Sul,MS,Centro-Oeste,68.71,69.95,1.24,75.43,5.48,0.28,0.25,15.4,6.0,5.15,20609.0,1907
4307559,Estação,RS,Sul,75.26,76.41,1.15,81.89,5.48,0.28,0.25,1.7,7.3,5.72,5582.0,1908
3154457,Riachinho,MG,Sudeste,69.9,74.4,4.5,79.88,5.48,0.28,0.25,2.2,6.1,4.67,6863.0,1909
3507159,Bom Sucesso de Itararé,SP,Sudeste,62.72,67.69,4.97,73.17,5.49,0.28,0.25,0.8,6.7,4.87,3555.0,1910
4218509,Treze Tílias,SC,Sul,77.74,76.88,-0.86,82.37,5.49,0.28,0.25,12.5,6.9,5.69,8787.0,1911
3203346,Marechal Floriano,ES,Sudeste,79.75,78.99,-0.76,84.49,5.5,0.28,0.25,4.2,6.8,5.14,17641.0,1912
4218103,Timbé do Sul,SC,Sul,75.63,75.28,-0.35,80.78,5.5,0.28,0.25,7.9,6.8,5.39,5386.0,1913
3160702,Santos Dumont,MG,Sudeste,70.71,67.5,-3.21,73.0,5.5,0.28,0.25,2.1,6.2,5.1,42406.0,1914
2925907,Quijingue,BA,Nordeste,54.74,58.07,3.33,63.56,5.5,0.28,0.25,12.8,4.5,4.27,25272.0,1915
2107605,Palmeirândia,MA,Nordeste,58.35,60.14,1.79,65.64,5.5,0.28,0.25,4.2,4.7,4.13,21059.0,1916
2928000,Santaluz,BA,Nordeste,36.99,49.22,12.23,54.72,5.5,0.28,0.25,6.1,4.9,4.29,37834.0,1917
2803708,Macambira,SE,Nordeste,57.9,57.97,0.07,63.48,5.51,0.28,0.25,6.4,5.1,4.28,6838.0,1918
2306009,Iracema,CE,Nordeste,84.43,80.0,-4.43,85.51,5.51,0.28,0.25,0.6,6.2,4.31,14001.0,1919
1505502,Paragominas,PA,Norte,68.68,70.78,2.1,76.3,5.52,0.28,0.25,12.7,6.2,4.61,105550.0,1920
3169356,Três Marias,MG,Sudeste,78.38,73.77,-4.61,79.28,5.52,0.28,0.25,1.4,6.4,5.02,28895.0,1921
2402006,Caicó,RN,Nordeste,53.46,56.34,2.88,61.86,5.52,0.28,0.25,5.4,5.9,4.61,61146.0,1922
2409407,Pau dos Ferros,RN,Nordeste,53.63,58.3,4.67,63.82,5.52,0.28,0.25,4.4,6.2,4.71,30479.0,1923
4322186,Tupanci do Sul,RS,Sul,50.0,80.0,30.0,85.53,5.53,0.28,0.25,0.0,7.5,5.56,1374.0,1924
3301504,Cordeiro,RJ,Sudeste,65.07,69.15,4.08,74.68,5.53,0.28,0.25,6.9,6.5,5.12,20783.0,1925
3533304,Nova Luzitânia,SP,Sudeste,76.92,78.83,1.91,84.36,5.53,0.28,0.25,0.6,7.2,5.27,2837.0,1926
3527256,Lourdes,SP,Sudeste,76.45,76.72,0.27,82.25,5.53,0.28,0.25,1.6,6.7,5.26,1950.0,1927
1303569,Rio Preto da Eva,AM,Norte,49.55,56.17,6.62,61.71,5.54,0.28,0.25,7.6,5.5,4.51,24936.0,1928
2105658,Junco do Maranhão,MA,Nordeste,93.48,80.0,-13.48,85.54,5.54,0.28,0.25,5.6,5.6,4.18,5146.0,1929
2209559,São Braz do Piauí,PI,Nordeste,89.37,80.0,-9.37,85.54,5.54,0.28,0.25,4.7,5.1,4.28,4358.0,1930
3118106,Congonhas do Norte,MG,Sudeste,82.05,80.0,-2.05,85.54,5.54,0.28,0.25,1.4,6.0,4.45,4831.0,1931
3167608,Simonésia,MG,Sudeste,72.05,72.39,0.34,77.94,5.54,0.28,0.25,1.3,6.6,4.8,19750.0,1932
4218756,Tunápolis,SC,Sul,76.08,76.0,-0.08,81.55,5.55,0.28,0.25,4.9,7.1,5.57,4916.0,1933
1705557,Combinado,TO,Norte,72.81,70.6,-2.21,76.15,5.55,0.28,0.25,4.2,5.6,4.64,4756.0,1934
4313805,Palmitinho,RS,Sul,88.21,80.0,-8.21,85.55,5.55,0.28,0.25,1.6,7.2,5.34,7839.0,1935
3204401,Rio Novo do Sul,ES,Sudeste,79.81,78.9,-0.91,84.45,5.55,0.28,0.25,9.4,6.6,4.99,11069.0,1936
2914703,Itaberaba,BA,Nordeste,51.85,60.22,8.37,65.78,5.56,0.28,0.25,10.9,5.2,4.44,65073.0,1937
3515509,Fernandópolis,SP,Sudeste,76.79,68.34,-8.45,73.91,5.57,0.28,0.25,3.2,7.0,5.44,71186.0,1938
4104006,Campina Grande do Sul,PR,Sul,73.6,74.83,1.23,80.41,5.57,0.28,0.25,9.4,6.3,5.29,47825.0,1939
5003488,Dois Irmãos do Buriti,MS,Centro-Oeste,44.47,57.89,13.42,63.47,5.58,0.28,0.25,13.5,5.4,4.93,11100.0,1940
2615409,Toritama,PE,Nordeste,64.89,64.54,-0.35,70.13,5.58,0.28,0.25,12.8,5.3,4.34,41137.0,1941
4319752,São Vendelino,RS,Sul,73.68,80.0,6.32,85.59,5.59,0.28,0.25,1.2,6.7,5.78,2251.0,1942
5106109,Nossa Senhora do Livramento,MT,Centro-Oeste,71.36,73.87,2.51,79.49,5.62,0.28,0.25,2.5,5.7,4.66,12940.0,1943
3157807,Santa Luzia,MG,Sudeste,69.39,65.21,-4.18,70.84,5.63,0.28,0.25,3.8,5.9,5.16,219132.0,1944
3523305,Itariri,SP,Sudeste,74.85,70.36,-4.49,76.0,5.64,0.28,0.25,1.5,7.0,4.87,15528.0,1945
3132305,Itaipé,MG,Sudeste,62.57,68.27,5.7,73.91,5.64,0.28,0.25,1.5,6.0,4.57,10463.0,1946
3505005,Barão de Antonina,SP,Sudeste,83.72,72.35,-11.37,78.0,5.65,0.28,0.25,0.0,6.7,5.2,3531.0,1947
3166709,Serra dos Aimorés,MG,Sudeste,54.4,65.37,10.97,71.02,5.65,0.28,0.25,4.0,5.6,4.78,6944.0,1948
2511301,Piancó,PB,Nordeste,45.52,63.82,18.3,69.5,5.68,0.27,0.25,12.1,5.1,4.14,16441.0,1949
3145901,Ouro Branco,MG,Sudeste,76.12,72.26,-3.86,77.93,5.68,0.27,0.25,7.1,6.6,5.45,38724.0,1950
2923001,Nova Viçosa,BA,Nordeste,64.65,67.71,3.06,73.4,5.69,0.27,0.25,10.1,5.4,4.56,39509.0,1951
2504405,Conceição,PB,Nordeste,93.35,78.78,-14.57,84.48,5.7,0.27,0.25,4.0,5.3,4.37,18260.0,1952
3553302,Tambaú,SP,Sudeste,70.72,63.24,-7.48,68.94,5.7,0.27,0.25,0.9,6.7,5.22,21435.0,1953
3532801,Nova Aliança,SP,Sudeste,78.64,68.36,-10.28,74.07,5.71,0.27,0.25,2.1,6.9,5.64,6693.0,1954
3107901,Bom Repouso,MG,Sudeste,66.1,67.8,1.7,73.52,5.72,0.27,0.25,2.2,5.8,5.21,12649.0,1955
3522901,Itapuí,SP,Sudeste,55.24,55.99,0.75,61.71,5.72,0.27,0.25,4.6,6.4,5.28,13659.0,1956
3532900,Nova Europa,SP,Sudeste,60.73,64.75,4.02,70.47,5.72,0.27,0.25,0.6,6.8,5.24,9311.0,1957
3518305,Guararema,SP,Sudeste,76.27,71.94,-4.33,77.66,5.72,0.27,0.25,0.9,7.9,5.35,31236.0,1958
5000252,Alcinópolis,MS,Centro-Oeste,78.44,78.16,-0.28,83.88,5.72,0.27,0.25,18.9,6.9,5.27,4537.0,1959
2102804,Carolina,MA,Nordeste,59.28,61.51,2.23,67.23,5.72,0.27,0.25,11.9,5.0,4.46,24062.0,1960
2929008,São Félix,BA,Nordeste,45.0,54.12,9.12,59.85,5.73,0.27,0.25,12.2,4.2,4.14,11026.0,1961
2803401,Japoatã,SE,Nordeste,50.44,49.96,-0.48,55.68,5.73,0.27,0.25,14.4,4.6,4.28,13407.0,1962
5005103,Jateí,MS,Centro-Oeste,64.29,72.91,8.62,78.64,5.73,0.27,0.25,8.5,5.6,5.24,3586.0,1963
4313490,Novo Barreiro,RS,Sul,73.06,70.59,-2.47,76.32,5.73,0.27,0.25,2.7,7.6,5.36,4272.0,1964
2803906,Malhador,SE,Nordeste,48.47,55.54,7.07,61.27,5.73,0.27,0.25,13.9,5.0,4.45,11533.0,1965
4204806,Curitibanos,SC,Sul,60.81,64.0,3.19,69.73,5.73,0.27,0.25,4.4,6.3,5.43,40045.0,1966
3507753,Brejo Alegre,SP,Sudeste,92.16,80.0,-12.16,85.73,5.73,0.27,0.25,1.2,7.3,5.27,2565.0,1967
2300754,Amontada,CE,Nordeste,86.94,80.0,-6.94,85.74,5.74,0.27,0.25,2.6,6.5,4.1,42156.0,1968
3157401,Santa Cruz do Escalvado,MG,Sudeste,56.25,66.78,10.53,72.53,5.75,0.27,0.25,5.5,6.5,5.0,4673.0,1969
3532207,Narandiba,SP,Sudeste,61.0,66.08,5.08,71.82,5.75,0.27,0.25,3.3,6.9,5.19,5713.0,1970
3112802,Capitólio,MG,Sudeste,78.94,80.0,1.06,85.76,5.76,0.27,0.24,1.5,7.5,5.35,10380.0,1971
2600609,Alagoinha,PE,Nordeste,50.38,60.58,10.2,66.34,5.76,0.27,0.24,16.0,5.5,4.4,13542.0,1972
4209409,Laguna,SC,Sul,50.09,54.89,4.8,60.66,5.77,0.27,0.24,9.7,5.8,5.46,42785.0,1973
2807501,Tomar do Geru,SE,Nordeste,57.77,60.58,2.81,66.36,5.78,0.27,0.24,9.2,5.7,4.17,12012.0,1974
2604106,Caruaru,PE,Nordeste,65.08,66.99,1.91,72.77,5.78,0.27,0.24,14.4,6.1,4.66,378048.0,1975
3170305,Umburatiba,MG,Sudeste,70.0,71.41,1.41,77.2,5.78,0.27,0.24,0.6,5.2,4.61,2684.0,1976
3104106,Arceburgo,MG,Sudeste,85.32,80.0,-5.32,85.78,5.78,0.27,0.24,2.5,7.0,5.17,9177.0,1977
1301407,Eirunepé,AM,Norte,30.74,44.34,13.6,50.13,5.8,0.27,0.24,8.2,4.5,4.04,33170.0,1978
3547106,Santa Mercedes,SP,Sudeste,86.58,80.0,-6.58,85.8,5.8,0.27,0.24,0.5,7.3,5.2,2956.0,1979
3165107,São Tomás de Aquino,MG,Sudeste,70.49,73.66,3.17,79.47,5.81,0.27,0.24,5.7,6.6,5.1,6740.0,1980
2923803,Paripiranga,BA,Nordeste,59.75,65.39,5.64,71.2,5.81,0.27,0.24,12.0,5.6,4.24,26604.0,1981
2906303,Canavieiras,BA,Nordeste,46.76,52.05,5.29,57.86,5.81,0.27,0.24,25.7,4.4,4.4,32683.0,1982
4312955,Nova Boa Vista,RS,Sul,60.0,80.0,20.0,85.81,5.81,0.27,0.24,0.0,7.6,5.79,2042.0,1983
3158409,Santana de Cataguases,MG,Sudeste,88.24,80.0,-8.24,85.81,5.81,0.27,0.24,0.6,6.6,4.99,3489.0,1984
3551900,Severínia,SP,Sudeste,59.12,60.18,1.06,66.0,5.82,0.27,0.24,1.7,6.3,5.13,14576.0,1985
3131208,Ipanema,MG,Sudeste,84.62,79.35,-5.27,85.17,5.82,0.27,0.24,1.0,7.0,5.01,19522.0,1986
3541307,Presidente Epitácio,SP,Sudeste,63.06,63.58,0.52,69.41,5.82,0.27,0.24,2.6,7.1,5.22,39505.0,1987
2205607,Landri Sales,PI,Nordeste,74.31,80.0,5.69,85.84,5.84,0.27,0.24,2.9,5.9,4.5,5213.0,1988
2306900,Jaguaribe,CE,Nordeste,82.34,80.0,-2.34,85.85,5.85,0.27,0.24,0.7,6.7,4.36,33726.0,1989
5217302,Pirenópolis,GO,Centro-Oeste,75.66,76.13,0.47,81.99,5.86,0.27,0.24,4.3,6.6,5.26,26690.0,1990
2411205,Santa Cruz,RN,Nordeste,39.87,46.23,6.36,52.09,5.86,0.27,0.24,5.3,4.9,4.45,37313.0,1991
4215000,Rio Negrinho,SC,Sul,71.68,69.61,-2.07,75.48,5.87,0.27,0.24,2.5,6.6,5.47,39261.0,1992
1100262,Rio Crespo,RO,Norte,67.88,80.0,12.12,85.88,5.88,0.27,0.24,9.7,5.8,4.84,3471.0,1993
5221858,Valparaíso de Goiás,GO,Centro-Oeste,71.21,67.87,-3.34,73.76,5.89,0.27,0.24,9.9,5.8,5.12,198861.0,1994
3130200,Igaratinga,MG,Sudeste,74.85,74.05,-0.8,79.94,5.89,0.27,0.24,2.6,6.7,5.18,10830.0,1995
3108107,Bonfim,MG,Sudeste,59.63,74.24,14.61,80.14,5.89,0.27,0.24,7.1,8.2,5.06,7434.0,1996
2313104,Tabuleiro do Norte,CE,Nordeste,83.75,80.0,-3.75,85.89,5.89,0.27,0.24,0.6,6.7,4.57,30652.0,1997
2901353,Andorinha,BA,Nordeste,46.01,54.7,8.69,60.59,5.9,0.27,0.24,15.0,4.9,4.19,15012.0,1998
3507456,Borebi,SP,Sudeste,75.01,70.11,-4.9,76.01,5.9,0.27,0.24,5.3,6.1,5.15,2713.0,1999
4312757,Nova Alvorada,RS,Sul,85.68,80.0,-5.68,85.9,5.9,0.27,0.24,0.0,7.0,5.71,3163.0,2000
3532504,Neves Paulista,SP,Sudeste,87.08,80.0,-7.08,85.9,5.9,0.27,0.24,1.8,7.7,5.28,9699.0,2001
3514700,Echaporã,SP,Sudeste,91.66,78.8,-12.86,84.7,5.91,0.27,0.24,0.2,7.8,5.27,6205.0,2002
2616100,Verdejante,PE,Nordeste,63.8,66.19,2.39,72.1,5.91,0.27,0.24,6.8,5.1,4.45,9169.0,2003
1101476,Primavera de Rondônia,RO,Norte,81.01,80.0,-1.01,85.92,5.92,0.27,0.24,3.5,6.2,5.11,3076.0,2004
4212106,Palmitos,SC,Sul,68.96,68.64,-0.32,74.57,5.92,0.27,0.24,5.4,6.8,5.61,15626.0,2005
2914653,Itabela,BA,Nordeste,49.63,53.48,3.85,59.42,5.93,0.27,0.24,25.4,4.5,4.53,28165.0,2006
3144409,Natércia,MG,Sudeste,69.33,74.71,5.38,80.64,5.93,0.27,0.24,2.9,6.6,5.18,4691.0,2007
3542800,Ribeira,SP,Sudeste,72.19,71.01,-1.18,76.94,5.93,0.27,0.24,0.5,7.0,4.99,3132.0,2008
2613909,Serra Talhada,PE,Nordeste,81.03,77.85,-3.18,83.79,5.94,0.27,0.24,5.1,7.1,4.52,92228.0,2009
2913507,Iguaí,BA,Nordeste,63.43,64.2,0.77,70.14,5.95,0.27,0.24,11.7,5.4,4.38,21491.0,2010
2202737,Coivaras,PI,Nordeste,75.54,78.95,3.41,84.9,5.95,0.27,0.24,4.4,5.6,4.09,4117.0,2011
2609006,Macaparana,PE,Nordeste,81.32,75.97,-5.35,81.92,5.95,0.27,0.24,9.8,5.6,4.25,23879.0,2012
5208004,Formosa,GO,Centro-Oeste,70.44,71.2,0.76,77.16,5.96,0.27,0.24,8.6,5.4,5.15,115901.0,2013
4302600,Braga,RS,Sul,,58.96,,64.93,5.97,0.27,0.24,2.3,6.7,5.35,3268.0,2014
2923100,Olindina,BA,Nordeste,33.42,55.67,22.25,61.65,5.98,0.27,0.24,11.0,5.1,4.2,22633.0,2015
4101408,Apucarana,PR,Sul,79.1,80.0,0.9,85.98,5.98,0.26,0.24,1.8,7.4,5.33,130134.0,2016
3148608,Peçanha,MG,Sudeste,66.01,71.89,5.88,77.88,5.98,0.26,0.24,1.0,6.4,4.43,17446.0,2017
2208007,Picos,PI,Nordeste,62.61,65.96,3.35,71.95,5.98,0.26,0.24,10.7,5.7,4.45,83090.0,2018
2413557,Serrinha dos Pintos,RN,Nordeste,59.32,68.25,8.93,74.25,6.0,0.26,0.23,5.9,6.3,4.5,4659.0,2019
2413508,Serrinha,RN,Nordeste,69.16,67.62,-1.54,73.62,6.01,0.26,0.23,4.4,5.7,4.35,6436.0,2020
3203130,João Neiva,ES,Sudeste,79.65,75.57,-4.08,81.58,6.01,0.26,0.23,1.7,6.6,5.16,14079.0,2021
4312708,Nonoai,RS,Sul,62.07,60.17,-1.9,66.18,6.01,0.26,0.23,5.0,6.7,5.32,13719.0,2022
4105805,Colombo,PR,Sul,69.9,72.03,2.13,78.07,6.04,0.26,0.23,12.0,6.4,5.37,232212.0,2023
3548609,São Bento do Sapucaí,SP,Sudeste,77.34,70.52,-6.82,76.57,6.04,0.26,0.23,0.8,6.9,5.55,11674.0,2024
4208609,Jaborá,SC,Sul,83.81,76.64,-7.17,82.69,6.04,0.26,0.23,9.0,6.7,5.38,4310.0,2025
3555901,Uru,SP,Sudeste,81.25,80.0,-1.25,86.04,6.04,0.26,0.23,0.0,7.9,5.2,1387.0,2026
4212304,Paulo Lopes,SC,Sul,75.03,71.09,-3.94,77.13,6.05,0.26,0.23,9.0,6.6,5.59,9063.0,2027
3113701,Carlos Chagas,MG,Sudeste,68.08,67.75,-0.33,73.8,6.05,0.26,0.23,6.0,5.8,4.61,18615.0,2028
4213351,Ponte Alta do Norte,SC,Sul,65.2,71.61,6.41,77.66,6.05,0.26,0.23,5.2,6.1,5.45,3210.0,2029
3123528,Durandé,MG,Sudeste,85.97,78.99,-6.98,85.04,6.05,0.26,0.23,3.9,6.3,4.66,7817.0,2030
3138203,Lavras,MG,Sudeste,73.29,67.64,-5.65,73.7,6.05,0.26,0.23,2.7,6.5,5.34,104761.0,2031
2406601,Lagoa Salgada,RN,Nordeste,46.11,47.45,1.34,53.5,6.05,0.26,0.23,14.4,4.8,4.28,8319.0,2032
4308433,Forquetinha,RS,Sul,60.84,69.95,9.11,76.0,6.05,0.26,0.23,10.4,6.2,5.56,2393.0,2033
3104007,Araxá,MG,Sudeste,85.42,74.0,-11.42,80.06,6.07,0.26,0.23,5.5,6.7,5.43,111691.0,2034
3165578,Senador Amaral,MG,Sudeste,80.75,74.72,-6.03,80.79,6.08,0.26,0.23,1.6,6.2,5.01,6206.0,2035
5209903,Iaciara,GO,Centro-Oeste,63.42,71.57,8.15,77.65,6.09,0.26,0.23,5.5,5.3,4.75,10584.0,2036
5200308,Alexânia,GO,Centro-Oeste,80.46,77.93,-2.53,84.02,6.09,0.26,0.23,3.4,6.3,5.11,27008.0,2037
3136108,Joanésia,MG,Sudeste,92.0,80.0,-12.0,86.09,6.09,0.26,0.23,3.5,6.0,4.97,4329.0,2038
2601706,Belo Jardim,PE,Nordeste,68.24,64.27,-3.97,70.36,6.1,0.26,0.23,19.8,5.0,4.44,79507.0,2039
3114006,Carmo da Mata,MG,Sudeste,86.37,79.46,-6.91,85.56,6.1,0.26,0.23,0.6,6.3,4.97,11019.0,2040
4213807,Praia Grande,SC,Sul,71.04,72.38,1.34,78.47,6.1,0.26,0.23,1.9,6.6,5.38,8270.0,2041
2917508,Jacobina,BA,Nordeste,40.65,53.24,12.59,59.34,6.1,0.26,0.23,10.5,5.2,4.49,82590.0,2042
3140001,Mariana,MG,Sudeste,73.8,66.38,-7.42,72.49,6.1,0.26,0.23,2.0,6.2,5.22,61387.0,2043
2929107,São Felipe,BA,Nordeste,49.8,62.25,12.45,68.36,6.1,0.26,0.23,2.8,5.5,4.12,20283.0,2044
3529500,Mendonça,SP,Sudeste,79.15,74.59,-4.56,80.71,6.12,0.26,0.23,2.6,7.5,5.36,6159.0,2045
2925402,Potiraguá,BA,Nordeste,39.88,51.28,11.4,57.4,6.13,0.26,0.23,13.4,4.6,4.48,10274.0,2046
3148509,Pavão,MG,Sudeste,83.28,80.0,-3.28,86.13,6.13,0.26,0.23,3.3,6.3,4.48,8047.0,2047
2101004,Arari,MA,Nordeste,71.41,73.33,1.92,79.47,6.14,0.26,0.23,4.0,6.2,4.32,29472.0,2048
4213302,Ponte Alta,SC,Sul,53.13,59.52,6.39,65.68,6.16,0.26,0.23,7.2,5.5,5.39,4437.0,2049
2302008,Barro,CE,Nordeste,74.63,74.0,-0.63,80.16,6.16,0.26,0.23,2.9,5.9,4.34,19381.0,2050
1505031,Novo Progresso,PA,Norte,67.35,70.0,2.65,76.16,6.16,0.26,0.23,11.1,5.7,4.76,33638.0,2051
2105906,Lago Verde,MA,Nordeste,73.26,70.62,-2.64,76.79,6.18,0.26,0.23,7.1,4.8,4.27,14769.0,2052
2304277,Ereré,CE,Nordeste,86.21,80.0,-6.21,86.19,6.19,0.26,0.23,0.9,6.3,4.4,6474.0,2053
2807402,Tobias Barreto,SE,Nordeste,60.34,60.04,-0.3,66.23,6.19,0.26,0.23,7.6,5.7,4.33,50905.0,2054
2920403,Manoel Vitorino,BA,Nordeste,43.47,58.7,15.23,64.89,6.2,0.26,0.23,13.5,5.3,4.42,13860.0,2055
4200804,Anchieta,SC,Sul,87.16,78.61,-8.55,84.81,6.2,0.26,0.23,6.1,6.7,5.55,5943.0,2056
4108205,Formosa do Oeste,PR,Sul,74.1,80.0,5.9,86.2,6.2,0.26,0.23,2.8,6.7,5.5,7635.0,2057
2932101,Ubaíra,BA,Nordeste,55.1,63.05,7.95,69.25,6.2,0.26,0.23,5.8,5.3,4.3,18626.0,2058
3168408,Tarumirim,MG,Sudeste,72.41,74.62,2.21,80.82,6.2,0.26,0.23,3.1,6.9,5.03,14709.0,2059
2919702,Macarani,BA,Nordeste,61.38,63.93,2.55,70.14,6.2,0.26,0.23,17.3,5.3,4.51,21599.0,2060
3157005,Salinas,MG,Sudeste,85.24,76.18,-9.06,82.39,6.21,0.26,0.23,0.5,6.3,4.64,40178.0,2061
3538105,Pindorama,SP,Sudeste,69.18,62.59,-6.59,68.8,6.21,0.26,0.23,2.8,6.6,5.29,14542.0,2062
2501203,Areial,PB,Nordeste,82.27,80.0,-2.27,86.21,6.21,0.26,0.23,3.3,6.6,4.43,7128.0,2063
5200100,Abadiânia,GO,Centro-Oeste,81.97,79.41,-2.56,85.62,6.21,0.26,0.23,7.4,6.0,5.06,17232.0,2064
4219200,Vidal Ramos,SC,Sul,79.76,76.33,-3.43,82.54,6.21,0.26,0.23,2.7,6.8,5.52,6189.0,2065
1504752,Mojuí dos Campos,PA,Norte,64.4,67.11,2.71,73.33,6.22,0.26,0.23,7.3,5.3,4.39,23501.0,2066
4112009,Jaguariaíva,PR,Sul,79.1,80.0,0.9,86.23,6.23,0.26,0.23,1.1,7.0,5.24,35141.0,2067
4118501,Pato Branco,PR,Sul,79.34,79.0,-0.34,85.24,6.24,0.26,0.23,1.8,7.2,5.55,91836.0,2068
2608305,Jupi,PE,Nordeste,63.27,69.89,6.62,76.13,6.24,0.26,0.23,5.5,6.0,4.48,15329.0,2069
2110856,São Francisco do Brejão,MA,Nordeste,76.82,70.88,-5.94,77.14,6.25,0.26,0.23,6.1,5.1,4.56,9051.0,2070
2615904,Tuparetama,PE,Nordeste,81.05,78.38,-2.67,84.65,6.26,0.26,0.23,5.6,6.6,4.63,8005.0,2071
4202438,Bocaina do Sul,SC,Sul,32.15,58.45,26.3,64.72,6.27,0.26,0.23,11.6,6.2,5.33,3515.0,2072
2408409,Olho d'Água do Borges,RN,Nordeste,47.65,48.52,0.87,54.79,6.27,0.26,0.23,11.5,4.4,4.3,3905.0,2073
3305901,Trajano de Moraes,RJ,Sudeste,77.0,78.45,1.45,84.72,6.27,0.26,0.23,12.7,6.8,5.02,10302.0,2074
3148103,Patrocínio,MG,Sudeste,73.78,70.47,-3.31,76.75,6.28,0.26,0.23,1.2,6.3,5.21,89826.0,2075
5212600,Mairipotaba,GO,Centro-Oeste,59.78,80.0,20.22,86.28,6.28,0.26,0.23,3.8,6.2,5.22,2561.0,2076
2922003,Mucuri,BA,Nordeste,61.24,63.95,2.71,70.24,6.28,0.26,0.23,10.0,5.2,4.66,37977.0,2077
3526001,Junqueirópolis,SP,Sudeste,89.82,78.29,-11.53,84.59,6.3,0.26,0.23,1.1,8.0,5.4,20448.0,2078
3140803,Matias Barbosa,MG,Sudeste,76.02,68.96,-7.06,75.26,6.3,0.26,0.23,5.5,5.5,5.1,14121.0,2079
2304954,Guaiúba,CE,Nordeste,74.55,76.04,1.49,82.35,6.31,0.26,0.23,2.3,6.7,4.35,24325.0,2080
4303707,Campina das Missões,RS,Sul,89.23,80.0,-9.23,86.31,6.31,0.26,0.23,2.3,7.1,5.68,5882.0,2081
2903904,Bom Jesus da Lapa,BA,Nordeste,43.63,55.28,11.65,61.59,6.31,0.26,0.23,6.6,5.3,4.38,65550.0,2082
2311504,Quixeré,CE,Nordeste,83.94,80.0,-3.94,86.32,6.32,0.25,0.23,1.7,7.1,4.48,20874.0,2083
1100080,Costa Marques,RO,Norte,75.04,80.0,4.96,86.32,6.32,0.25,0.23,12.1,5.8,4.72,12627.0,2084
3540101,Pongaí,SP,Sudeste,100.0,80.0,-20.0,86.32,6.32,0.25,0.23,3.2,6.7,5.1,3395.0,2085
1502301,Capitão Poço,PA,Norte,55.47,64.94,9.47,71.27,6.32,0.25,0.23,7.1,5.3,4.12,56506.0,2086
4214508,Rio do Campo,SC,Sul,84.68,73.6,-11.08,79.93,6.33,0.25,0.23,1.8,6.0,5.6,6452.0,2087
3510708,Cardoso,SP,Sudeste,84.71,74.07,-10.64,80.4,6.33,0.25,0.23,5.3,7.6,5.19,11345.0,2088
1500909,Augusto Corrêa,PA,Norte,49.17,58.13,8.96,64.46,6.34,0.25,0.23,17.0,5.1,3.88,44573.0,2089
2924504,Pindaí,BA,Nordeste,75.72,75.15,-0.57,81.5,6.34,0.25,0.23,6.9,5.8,4.43,14731.0,2090
3104601,Astolfo Dutra,MG,Sudeste,80.77,77.18,-3.59,83.52,6.35,0.25,0.23,2.5,6.1,5.0,14138.0,2091
1505304,Oriximiná,PA,Norte,41.99,55.68,13.69,62.03,6.35,0.25,0.23,10.6,5.2,4.17,68294.0,2092
4309803,Ibiaçá,RS,Sul,87.5,74.79,-12.71,81.15,6.36,0.25,0.23,1.2,7.1,5.5,4527.0,2093
2500502,Alagoinha,PB,Nordeste,70.04,68.18,-1.86,74.55,6.37,0.25,0.22,6.5,5.5,4.25,13725.0,2094
2303600,Catarina,CE,Nordeste,82.13,79.57,-2.56,85.95,6.38,0.25,0.22,0.8,6.3,4.38,10243.0,2095
2311900,Saboeiro,CE,Nordeste,81.29,77.44,-3.85,83.83,6.38,0.25,0.22,1.6,6.4,4.26,13854.0,2096
4218251,Timbó Grande,SC,Sul,61.51,68.42,6.91,74.81,6.39,0.25,0.22,2.3,6.0,5.07,7342.0,2097
2925204,Pojuca,BA,Nordeste,68.97,69.82,0.85,76.22,6.4,0.25,0.22,5.9,6.0,4.52,32136.0,2098
4108502,General Carneiro,PR,Sul,79.22,79.46,0.24,85.87,6.41,0.25,0.22,7.1,6.1,5.1,11062.0,2099
2800308,Aracaju,SE,Nordeste,56.41,52.54,-3.87,58.94,6.41,0.25,0.22,8.8,5.7,4.73,602757.0,2100
2609105,Machados,PE,Nordeste,93.36,80.0,-13.36,86.42,6.42,0.25,0.22,3.5,6.0,4.36,11333.0,2101
3171204,Vespasiano,MG,Sudeste,69.8,66.54,-3.26,72.96,6.42,0.25,0.22,1.6,6.1,5.17,129246.0,2102
4219176,Vargem Bonita,SC,Sul,67.2,71.68,4.48,78.11,6.43,0.25,0.22,5.0,6.4,5.4,4576.0,2103
2200459,Alvorada do Gurguéia,PI,Nordeste,78.66,73.78,-4.88,80.2,6.43,0.25,0.22,2.5,4.9,4.48,5322.0,2104
2605806,Frei Miguelinho,PE,Nordeste,76.42,73.61,-2.81,80.04,6.43,0.25,0.22,22.2,5.7,4.23,13636.0,2105
3105905,Barroso,MG,Sudeste,85.73,76.55,-9.18,82.98,6.43,0.25,0.22,1.8,6.6,5.23,20080.0,2106
3557303,Estiva Gerbi,SP,Sudeste,62.29,61.84,-0.45,68.27,6.43,0.25,0.22,4.2,6.3,5.35,11295.0,2107
3201209,Cachoeiro de Itapemirim,ES,Sudeste,74.83,72.22,-2.61,78.66,6.44,0.25,0.22,7.5,6.3,5.04,185786.0,2108
1507508,São João do Araguaia,PA,Norte,42.95,55.12,12.17,61.56,6.44,0.25,0.22,16.3,5.0,4.29,13664.0,2109
3303005,Miracema,RJ,Sudeste,71.46,73.37,1.91,79.81,6.44,0.25,0.22,13.7,7.2,4.91,26881.0,2110
2411700,São Bento do Trairí,RN,Nordeste,54.35,54.95,0.6,61.39,6.45,0.25,0.22,6.2,4.6,4.39,3792.0,2111
1503200,Igarapé-Açu,PA,Norte,41.81,54.57,12.76,61.03,6.45,0.25,0.22,11.4,5.0,4.16,35797.0,2112
1501808,Breves,PA,Norte,59.78,61.21,1.43,67.67,6.46,0.25,0.22,26.6,4.6,4.22,106968.0,2113
2407203,Macau,RN,Nordeste,43.0,50.84,7.84,57.3,6.46,0.25,0.22,11.2,5.5,4.49,27369.0,2114
2807105,Simão Dias,SE,Nordeste,48.4,54.84,6.44,61.31,6.46,0.25,0.22,6.3,5.5,4.35,42578.0,2115
3537701,Piacatu,SP,Sudeste,96.52,80.0,-16.52,86.48,6.48,0.25,0.22,0.3,7.4,5.26,5519.0,2116
3170503,Urucânia,MG,Sudeste,58.54,67.3,8.76,73.78,6.48,0.25,0.22,1.4,6.3,4.89,10600.0,2117
5104104,Guarantã do Norte,MT,Centro-Oeste,69.15,69.96,0.81,76.44,6.48,0.25,0.22,1.9,6.3,5.03,31024.0,2118
1503309,Igarapé-Miri,PA,Norte,47.05,57.03,9.98,63.52,6.49,0.25,0.22,20.1,5.6,4.22,64831.0,2119
3103405,Araçuaí,MG,Sudeste,57.31,61.36,4.05,67.85,6.49,0.25,0.22,1.0,6.1,4.63,34297.0,2120
4311643,Linha Nova,RS,Sul,90.91,80.0,-10.91,86.49,6.49,0.25,0.22,0.0,7.8,5.34,1683.0,2121
3200706,Atílio Vivácqua,ES,Sudeste,81.05,77.01,-4.04,83.5,6.49,0.25,0.22,3.9,6.2,4.97,10540.0,2122
3127701,Governador Valadares,MG,Sudeste,71.88,65.5,-6.38,72.0,6.5,0.25,0.22,3.6,6.5,5.12,257171.0,2123
1718402,Presidente Kennedy,TO,Norte,70.51,74.34,3.83,80.84,6.5,0.25,0.22,5.3,6.3,4.68,3047.0,2124
4218400,Treze de Maio,SC,Sul,80.52,75.59,-4.93,82.09,6.51,0.25,0.22,3.4,6.8,5.49,7362.0,2125
5107701,Rosário Oeste,MT,Centro-Oeste,64.17,66.32,2.15,72.84,6.51,0.25,0.22,3.9,5.1,4.88,15453.0,2126
2101251,Bacabeira,MA,Nordeste,59.46,65.21,5.75,71.73,6.52,0.25,0.22,3.0,6.1,4.34,16966.0,2127
1100338,Nova Mamoré,RO,Norte,72.5,71.07,-1.43,77.59,6.52,0.25,0.22,13.6,4.9,4.72,25444.0,2128
3164704,São Sebastião do Paraíso,MG,Sudeste,77.18,72.31,-4.87,78.84,6.53,0.25,0.22,3.0,6.5,5.3,71796.0,2129
2111300,São Luís,MA,Nordeste,63.85,63.1,-0.75,69.64,6.53,0.25,0.22,10.0,6.0,4.62,1037775.0,2130
4210902,Modelo,SC,Sul,91.15,80.0,-11.15,86.55,6.55,0.25,0.22,4.1,6.8,5.64,4080.0,2131
3102050,Alto Caparaó,MG,Sudeste,88.39,80.0,-8.39,86.55,6.55,0.25,0.22,5.7,6.2,5.05,5795.0,2132
1506138,Redenção,PA,Norte,66.0,67.04,1.04,73.6,6.55,0.25,0.22,7.0,5.4,4.74,85597.0,2133
3136900,Juruaia,MG,Sudeste,84.63,79.15,-5.48,85.71,6.56,0.25,0.22,1.4,6.9,5.18,11084.0,2134
3306156,Varre-Sai,RJ,Sudeste,87.7,80.0,-7.7,86.56,6.56,0.25,0.22,7.1,6.0,4.66,10207.0,2135
2601003,Angelim,PE,Nordeste,70.12,70.58,0.46,77.14,6.56,0.25,0.22,4.0,5.6,4.42,10241.0,2136
2908705,Condeúba,BA,Nordeste,81.33,77.62,-3.71,84.18,6.57,0.25,0.22,8.4,5.7,4.75,17053.0,2137
2104305,Godofredo Viana,MA,Nordeste,92.31,80.0,-12.31,86.57,6.57,0.25,0.22,5.5,5.6,4.45,10186.0,2138
2109809,Santa Helena,MA,Nordeste,69.72,68.1,-1.62,74.68,6.58,0.25,0.22,9.0,5.2,4.39,41561.0,2139
3133303,Itaobim,MG,Sudeste,62.9,64.27,1.37,70.85,6.59,0.25,0.22,2.0,5.8,4.66,19151.0,2140
4207502,Indaial,SC,Sul,70.89,67.12,-3.77,73.7,6.59,0.25,0.22,7.1,6.9,5.62,71549.0,2141
4207577,Iomerê,SC,Sul,73.84,76.95,3.11,83.54,6.59,0.25,0.22,6.7,6.8,5.91,2877.0,2142
3152170,Ponto dos Volantes,MG,Sudeste,78.64,75.98,-2.66,82.57,6.59,0.25,0.22,2.0,6.2,4.43,10883.0,2143
5219605,Santa Tereza de Goiás,GO,Centro-Oeste,59.95,80.0,20.05,86.59,6.59,0.25,0.22,4.7,5.4,5.19,3293.0,2144
4127700,Toledo,PR,Sul,83.15,79.76,-3.39,86.35,6.59,0.25,0.22,2.0,6.9,5.5,150470.0,2145
5002209,Bonito,MS,Centro-Oeste,63.16,66.18,3.02,72.78,6.6,0.25,0.22,16.9,5.7,5.11,23659.0,2146
3530003,Mira Estrela,SP,Sudeste,65.73,69.99,4.26,76.59,6.6,0.25,0.22,0.0,7.2,5.48,3126.0,2147
4313003,Nova Bréscia,RS,Sul,88.21,78.49,-9.72,85.11,6.61,0.25,0.22,2.5,7.3,5.87,3044.0,2148
1507607,São Miguel do Guamá,PA,Norte,52.32,58.2,5.88,64.82,6.62,0.25,0.22,17.7,5.1,4.28,52894.0,2149
2211506,Vera Mendes,PI,Nordeste,86.35,80.0,-6.35,86.62,6.62,0.25,0.22,2.8,5.3,4.09,3185.0,2150
3115300,Cataguases,MG,Sudeste,51.37,56.6,5.23,63.23,6.63,0.25,0.22,2.4,6.2,5.07,66261.0,2151
2603009,Cabrobó,PE,Nordeste,79.75,73.72,-6.03,80.35,6.64,0.25,0.22,3.3,6.1,4.43,30294.0,2152
2509156,Marizópolis,PB,Nordeste,94.51,80.0,-14.51,86.66,6.66,0.24,0.22,5.6,5.7,4.51,6705.0,2153
3171303,Viçosa,MG,Sudeste,75.03,70.89,-4.14,77.56,6.66,0.24,0.22,1.6,6.4,5.13,76430.0,2154
4104808,Cascavel,PR,Sul,84.2,80.0,-4.2,86.66,6.66,0.24,0.22,1.8,7.0,5.44,348051.0,2155
4205555,Frei Rogério,SC,Sul,62.54,72.43,9.89,79.09,6.67,0.24,0.22,2.4,6.5,5.46,2411.0,2156
2100956,Arame,MA,Nordeste,82.37,77.91,-4.46,84.61,6.69,0.24,0.21,16.3,5.8,4.1,25517.0,2157
2313807,Uruburetama,CE,Nordeste,76.83,80.0,3.17,86.7,6.7,0.24,0.21,0.6,7.1,4.19,20189.0,2158
5005707,Naviraí,MS,Centro-Oeste,72.64,69.68,-2.96,76.38,6.7,0.24,0.21,18.9,5.9,5.15,50457.0,2159
2614204,Sirinhaém,PE,Nordeste,73.83,69.7,-4.13,76.4,6.7,0.24,0.21,5.4,5.3,4.34,37596.0,2160
3142601,Monsenhor Paulo,MG,Sudeste,66.96,70.9,3.94,77.6,6.7,0.24,0.21,0.6,6.2,5.16,8340.0,2161
2111748,Senador Alexandre Costa,MA,Nordeste,88.05,80.0,-8.05,86.71,6.71,0.24,0.21,4.9,5.0,4.29,10207.0,2162
3159902,Santo Antônio do Amparo,MG,Sudeste,85.12,80.0,-5.12,86.71,6.71,0.24,0.21,6.4,6.3,4.92,17285.0,2163
2913408,Igaporã,BA,Nordeste,59.8,68.12,8.32,74.84,6.72,0.24,0.21,8.4,5.6,4.47,15527.0,2164
2613701,São Lourenço da Mata,PE,Nordeste,60.31,61.25,0.94,67.97,6.72,0.24,0.21,11.7,5.2,4.51,111249.0,2165
3170909,Varzelândia,MG,Sudeste,56.58,62.72,6.14,69.45,6.73,0.24,0.21,1.1,6.1,4.42,18840.0,2166
3161601,São Geraldo da Piedade,MG,Sudeste,73.37,74.22,0.85,80.95,6.73,0.24,0.21,1.0,5.7,4.82,3305.0,2167
3536802,Pedra Bela,SP,Sudeste,59.61,60.0,0.39,66.73,6.73,0.24,0.21,5.8,,5.17,6557.0,2168
4106902,Curitiba,PR,Sul,74.03,74.83,0.8,81.57,6.74,0.24,0.21,2.2,6.9,5.59,1773718.0,2169
3302700,Maricá,RJ,Sudeste,67.76,67.85,0.09,74.59,6.75,0.24,0.21,7.8,6.4,5.17,197277.0,2170
5222203,Vila Boa,GO,Centro-Oeste,86.22,80.0,-6.22,86.75,6.75,0.24,0.21,8.8,5.7,4.63,4215.0,2171
1712702,Mateiros,TO,Norte,33.33,51.07,17.74,57.82,6.75,0.24,0.21,9.9,4.4,4.59,2748.0,2172
3205010,Sooretama,ES,Sudeste,79.82,73.19,-6.63,79.94,6.76,0.24,0.21,4.9,5.9,4.73,26502.0,2173
3302106,Itaocara,RJ,Sudeste,73.81,72.23,-1.58,78.98,6.76,0.24,0.21,19.1,6.8,5.04,22919.0,2174
1711100,Itaporã do Tocantins,TO,Norte,57.74,71.64,13.9,78.41,6.76,0.24,0.21,7.1,6.5,4.56,2404.0,2175
3106002,Bela Vista de Minas,MG,Sudeste,76.6,71.46,-5.14,78.23,6.77,0.24,0.21,0.2,5.9,5.03,10167.0,2176
2516409,Tacima,PB,Nordeste,65.46,67.49,2.03,74.25,6.77,0.24,0.21,5.5,5.6,4.29,8010.0,2177
2209401,Santo Antônio de Lisboa,PI,Nordeste,67.99,70.16,2.17,76.93,6.77,0.24,0.21,4.8,5.7,4.33,5839.0,2178
2603306,Calçado,PE,Nordeste,60.73,68.21,7.48,74.99,6.78,0.24,0.21,4.4,5.2,4.37,11093.0,2179
4118204,Paranaguá,PR,Sul,72.94,70.51,-2.43,77.29,6.78,0.24,0.21,5.7,5.8,5.26,145829.0,2180
4219408,Witmarsum,SC,Sul,82.9,79.98,-2.92,86.76,6.79,0.24,0.21,4.1,7.0,5.74,4255.0,2181
4119152,Pinhais,PR,Sul,70.27,70.93,0.66,77.71,6.79,0.24,0.21,2.3,6.4,5.49,127019.0,2182
4210308,Major Vieira,SC,Sul,84.93,74.14,-10.79,80.93,6.79,0.24,0.21,2.3,6.6,5.26,7425.0,2183
2600401,Água Preta,PE,Nordeste,77.71,70.12,-7.59,76.92,6.8,0.24,0.21,8.1,5.2,4.41,26461.0,2184
2910701,Euclides da Cunha,BA,Nordeste,51.42,54.77,3.35,61.57,6.8,0.24,0.21,16.3,5.2,4.4,61456.0,2185
2112902,Vitória do Mearim,MA,Nordeste,64.53,63.89,-0.64,70.71,6.81,0.24,0.21,5.1,5.4,4.31,30805.0,2186
2607752,Itapissuma,PE,Nordeste,87.6,78.7,-8.9,85.52,6.81,0.24,0.21,5.9,5.9,4.48,27749.0,2187
3159357,Santa Rita de Minas,MG,Sudeste,75.5,70.21,-5.29,77.02,6.82,0.24,0.21,1.9,5.6,4.93,6773.0,2188
3151107,Pirapetinga,MG,Sudeste,73.93,70.89,-3.04,77.71,6.82,0.24,0.21,3.9,5.9,4.93,11077.0,2189
1506302,Salvaterra,PA,Norte,61.88,65.45,3.57,72.27,6.83,0.24,0.21,14.8,5.3,4.28,24129.0,2190
5107297,São José do Povo,MT,Centro-Oeste,85.71,80.0,-5.71,86.83,6.83,0.24,0.21,1.8,6.5,5.14,2875.0,2191
4217402,Schroeder,SC,Sul,75.4,71.08,-4.32,77.91,6.83,0.24,0.21,3.8,6.9,5.63,20061.0,2192
2106672,Milagres do Maranhão,MA,Nordeste,90.68,80.0,-10.68,86.84,6.84,0.24,0.21,2.5,4.5,3.95,8818.0,2193
1720499,São Valério,TO,Norte,65.52,72.36,6.84,79.21,6.85,0.24,0.21,4.6,5.5,4.7,4422.0,2194
4119509,Piraquara,PR,Sul,68.01,68.7,0.69,75.56,6.86,0.24,0.21,5.3,5.9,5.24,118730.0,2195
3551207,Sarutaiá,SP,Sudeste,89.24,79.41,-9.83,86.27,6.86,0.24,0.21,5.0,7.2,4.84,3704.0,2196
4120002,Porecatu,PR,Sul,75.82,76.89,1.07,83.75,6.86,0.24,0.21,2.4,6.3,5.33,11624.0,2197
3162450,São João das Missões,MG,Sudeste,48.75,59.48,10.73,66.35,6.87,0.24,0.21,4.6,5.9,4.38,13024.0,2198
3534104,Oriente,SP,Sudeste,79.29,69.3,-9.99,76.17,6.87,0.24,0.21,0.3,7.0,5.29,6085.0,2199
2804508,Nossa Senhora da Glória,SE,Nordeste,45.95,52.44,6.49,59.31,6.87,0.24,0.21,9.5,5.7,4.54,41212.0,2200
2904902,Cachoeira,BA,Nordeste,49.31,49.04,-0.27,55.92,6.87,0.24,0.21,21.4,4.6,4.27,29250.0,2201
3501103,Alto Alegre,SP,Sudeste,73.15,69.37,-3.78,76.24,6.87,0.24,0.21,0.5,6.5,5.29,3841.0,2202
3204005,Pancas,ES,Sudeste,90.23,80.0,-10.23,86.88,6.88,0.24,0.21,2.1,6.1,4.76,18893.0,2203
5004601,Itaquiraí,MS,Centro-Oeste,90.01,76.36,-13.65,83.25,6.88,0.24,0.21,17.8,5.3,5.13,19423.0,2204
3141405,Medina,MG,Sudeste,81.16,74.76,-6.4,81.64,6.88,0.24,0.21,1.2,6.2,4.59,20156.0,2205
2610103,Palmeirina,PE,Nordeste,70.48,69.83,-0.65,76.73,6.9,0.24,0.21,7.0,5.1,4.35,7031.0,2206
5217401,Pires do Rio,GO,Centro-Oeste,76.73,73.27,-3.46,80.16,6.9,0.24,0.21,11.1,6.2,5.15,32373.0,2207
2402402,Carnaúba dos Dantas,RN,Nordeste,76.15,72.33,-3.82,79.23,6.9,0.24,0.21,1.4,6.2,4.75,7992.0,2208
2300903,Apuiarés,CE,Nordeste,77.03,80.0,2.97,86.9,6.9,0.24,0.21,0.5,6.6,4.17,12928.0,2209
3110509,Camanducaia,MG,Sudeste,73.53,66.83,-6.7,73.73,6.9,0.24,0.21,3.3,6.3,5.14,26097.0,2210
3135100,Janaúba,MG,Sudeste,63.91,64.24,0.33,71.16,6.91,0.24,0.21,1.2,6.1,4.69,70699.0,2211
3100401,Acaiaca,MG,Sudeste,89.17,80.0,-9.17,86.92,6.92,0.24,0.21,0.0,6.0,4.99,3909.0,2212
2616308,Vicência,PE,Nordeste,69.69,68.26,-1.43,75.18,6.92,0.24,0.21,6.1,5.1,4.17,26359.0,2213
3203205,Linhares,ES,Sudeste,75.01,71.64,-3.37,78.58,6.93,0.24,0.21,8.9,6.2,5.01,166786.0,2214
3159001,Santana do Riacho,MG,Sudeste,78.02,70.0,-8.02,76.95,6.96,0.24,0.21,2.7,6.2,5.11,5313.0,2215
5100359,Alto Boa Vista,MT,Centro-Oeste,82.38,80.0,-2.38,86.96,6.96,0.24,0.21,3.1,,5.01,5715.0,2216
5201702,Aragarças,GO,Centro-Oeste,72.55,71.34,-1.21,78.3,6.96,0.24,0.21,6.6,6.3,5.13,18390.0,2217
2103125,Central do Maranhão,MA,Nordeste,95.05,80.0,-15.05,86.96,6.96,0.24,0.21,4.2,4.8,4.16,7094.0,2218
2108454,Peritoró,MA,Nordeste,68.14,68.18,0.04,75.15,6.97,0.24,0.21,8.0,6.0,4.29,20479.0,2219
1500503,Almeirim,PA,Norte,45.64,53.2,7.56,60.2,6.99,0.24,0.21,23.2,4.5,4.42,34280.0,2220
2209302,Santa Luz,PI,Nordeste,88.07,80.0,-8.07,86.99,6.99,0.24,0.21,6.5,5.1,4.33,5336.0,2221
3544509,Rubinéia,SP,Sudeste,84.68,69.81,-14.87,76.81,7.0,0.24,0.21,1.6,6.9,5.46,3833.0,2222
2611002,Petrolândia,PE,Nordeste,61.03,65.4,4.37,72.41,7.01,0.23,0.21,2.5,5.9,4.56,34161.0,2223
2919926,Madre de Deus,BA,Nordeste,59.77,59.37,-0.4,66.38,7.01,0.23,0.21,6.7,5.2,4.52,18504.0,2224
3516705,Garça,SP,Sudeste,77.64,65.43,-12.21,72.44,7.01,0.23,0.21,1.2,6.2,5.34,42110.0,2225
2501104,Areia,PB,Nordeste,95.29,80.0,-15.29,87.01,7.01,0.23,0.21,7.4,5.2,4.25,22633.0,2226
3151503,Piumhi,MG,Sudeste,73.29,68.17,-5.12,75.19,7.02,0.23,0.21,1.4,6.4,5.09,36062.0,2227
4115200,Maringá,PR,Sul,84.71,80.0,-4.71,87.02,7.02,0.23,0.21,7.9,7.4,5.6,409657.0,2228
2105351,Itaipava do Grajaú,MA,Nordeste,90.95,80.0,-10.95,87.03,7.03,0.23,0.21,10.1,5.2,4.3,13828.0,2229
4211207,Morro da Fumaça,SC,Sul,77.71,73.6,-4.11,80.63,7.03,0.23,0.21,6.1,7.0,5.47,18537.0,2230
4119905,Ponta Grossa,PR,Sul,82.7,77.66,-5.04,84.7,7.03,0.23,0.21,1.2,6.9,5.31,358371.0,2231
4200408,Água Doce,SC,Sul,69.72,71.94,2.22,78.98,7.03,0.23,0.21,9.0,6.7,5.43,6508.0,2232
1302801,Maraã,AM,Norte,44.76,45.89,1.13,52.93,7.03,0.23,0.21,10.7,4.4,4.13,15529.0,2233
3302056,Italva,RJ,Sudeste,64.84,66.75,1.91,73.79,7.03,0.23,0.21,14.6,6.5,5.03,14073.0,2234
4211603,Nova Veneza,SC,Sul,77.9,74.4,-3.5,81.44,7.04,0.23,0.21,1.7,7.1,5.65,13664.0,2235
4304671,Capivari do Sul,RS,Sul,51.12,59.68,8.56,66.73,7.06,0.23,0.2,2.6,6.1,5.66,3991.0,2236
4314548,Pinto Bandeira,RS,Sul,88.89,80.0,-8.89,87.06,7.06,0.23,0.2,3.9,5.9,5.92,2723.0,2237
4123204,Santa Cecília do Pavão,PR,Sul,74.08,80.0,5.92,87.06,7.06,0.23,0.2,6.9,6.3,5.44,3365.0,2238
2613800,São Vicente Férrer,PE,Nordeste,59.41,63.7,4.29,70.77,7.07,0.23,0.2,8.4,5.5,3.96,16677.0,2239
3555356,Ubarana,SP,Sudeste,82.39,69.87,-12.52,76.94,7.07,0.23,0.2,2.5,6.5,5.15,5365.0,2240
1300102,Anori,AM,Norte,85.46,77.77,-7.69,84.85,7.08,0.23,0.2,14.0,6.6,4.26,17194.0,2241
4322558,Vanini,RS,Sul,85.95,80.0,-5.95,87.08,7.08,0.23,0.2,3.8,7.0,5.77,2004.0,2242
4105201,Cerro Azul,PR,Sul,58.95,66.9,7.95,73.98,7.09,0.23,0.2,3.9,5.7,4.83,16134.0,2243
4200705,Alfredo Wagner,SC,Sul,56.98,60.6,3.62,67.69,7.09,0.23,0.2,5.7,6.5,5.57,10481.0,2244
4214151,Princesa,SC,Sul,91.25,80.0,-11.25,87.09,7.09,0.23,0.2,2.6,6.8,5.47,2964.0,2245
1300904,Canutama,AM,Norte,75.18,64.3,-10.88,71.4,7.1,0.23,0.2,20.7,4.5,4.35,16869.0,2246
1600303,Macapá,AP,Norte,62.72,60.84,-1.88,67.94,7.1,0.23,0.2,15.4,5.6,4.82,442933.0,2247
3113206,Carandaí,MG,Sudeste,82.02,75.55,-6.47,82.65,7.1,0.23,0.2,0.7,7.0,5.1,23812.0,2248
2601052,Araçoiaba,PE,Nordeste,57.64,62.15,4.51,69.25,7.1,0.23,0.2,6.3,5.2,4.39,19243.0,2249
2800670,Boquim,SE,Nordeste,47.28,47.4,0.12,54.5,7.1,0.23,0.2,14.4,4.9,4.49,24636.0,2250
4304804,Carlos Barbosa,RS,Sul,76.32,73.29,-3.03,80.39,7.11,0.23,0.2,2.8,7.3,5.79,30420.0,2251
4103503,Califórnia,PR,Sul,80.19,80.0,-0.19,87.11,7.11,0.23,0.2,4.0,6.4,5.28,8710.0,2252
3161700,São Gonçalo do Abaeté,MG,Sudeste,89.67,80.0,-9.67,87.14,7.14,0.23,0.2,0.0,6.5,4.98,7375.0,2253
2601508,Belém de Maria,PE,Nordeste,83.12,75.26,-7.86,82.4,7.14,0.23,0.2,2.5,5.4,4.23,10378.0,2254
3304151,Quissamã,RJ,Sudeste,75.88,72.69,-3.19,79.83,7.14,0.23,0.2,14.0,6.4,5.04,22393.0,2255
1200138,Bujari,AC,Norte,35.56,45.0,9.44,52.16,7.16,0.23,0.2,15.4,5.4,4.45,12917.0,2256
4103453,Cafelândia,PR,Sul,82.68,80.0,-2.68,87.16,7.16,0.23,0.2,2.3,7.1,5.38,18997.0,2257
2101731,Belágua,MA,Nordeste,75.16,70.11,-5.05,77.28,7.17,0.23,0.2,4.2,4.6,3.74,8460.0,2258
3170404,Unaí,MG,Sudeste,66.44,67.74,1.3,74.93,7.19,0.23,0.2,1.7,6.3,5.14,86619.0,2259
2105302,Imperatriz,MA,Nordeste,60.08,61.87,1.79,69.07,7.2,0.23,0.2,6.3,5.7,4.75,273110.0,2260
3168606,Teófilo Otoni,MG,Sudeste,69.59,64.82,-4.77,72.03,7.2,0.23,0.2,3.6,6.0,4.84,137418.0,2261
3147204,Paraguaçu,MG,Sudeste,76.0,70.78,-5.22,77.99,7.21,0.23,0.2,1.1,6.2,5.23,21723.0,2262
3122504,Dom Cavati,MG,Sudeste,87.1,77.1,-10.0,84.31,7.21,0.23,0.2,0.4,6.4,5.16,4904.0,2263
3170701,Varginha,MG,Sudeste,69.43,64.79,-4.64,72.0,7.21,0.23,0.2,3.4,6.2,5.37,136467.0,2264
4106407,Cornélio Procópio,PR,Sul,83.83,78.2,-5.63,85.42,7.22,0.23,0.2,13.2,6.7,5.56,45206.0,2265
2920502,Maracás,BA,Nordeste,62.77,65.72,2.95,72.93,7.22,0.23,0.2,3.0,5.6,4.52,27620.0,2266
2301208,Aracoiaba,CE,Nordeste,82.89,80.0,-2.89,87.22,7.22,0.23,0.2,1.2,7.0,4.27,25553.0,2267
4104659,Carambeí,PR,Sul,77.01,77.29,0.28,84.51,7.22,0.23,0.2,2.4,6.5,5.32,23283.0,2268
4106209,Contenda,PR,Sul,75.33,79.09,3.76,86.31,7.23,0.23,0.2,11.6,6.8,5.31,19128.0,2269
2506103,Fagundes,PB,Nordeste,61.76,69.9,8.14,77.14,7.23,0.23,0.2,20.7,5.4,4.17,11049.0,2270
2414902,Viçosa,RN,Nordeste,60.87,69.01,8.14,76.24,7.23,0.23,0.2,4.9,6.4,4.83,1822.0,2271
2806404,Santana do São Francisco,SE,Nordeste,46.98,51.98,5.0,59.22,7.23,0.23,0.2,4.4,4.9,4.34,7346.0,2272
2110237,Santana do Maranhão,MA,Nordeste,78.97,80.0,1.03,87.24,7.24,0.23,0.2,4.0,6.2,4.13,10567.0,2273
4215075,Riqueza,SC,Sul,87.91,80.0,-7.91,87.24,7.24,0.23,0.2,2.5,6.8,5.36,4768.0,2274
1302306,Jutaí,AM,Norte,54.12,56.98,2.86,64.23,7.25,0.23,0.2,8.9,4.9,4.13,25172.0,2275
2606309,Granito,PE,Nordeste,62.65,65.73,3.08,72.98,7.25,0.23,0.2,5.8,5.5,4.3,6967.0,2276
5220009,São João d'Aliança,GO,Centro-Oeste,81.09,80.0,-1.09,87.25,7.25,0.23,0.2,11.3,6.4,4.96,14041.0,2277
2205532,Jurema,PI,Nordeste,98.31,80.0,-18.31,87.26,7.26,0.23,0.2,12.7,4.8,4.06,4425.0,2278
4315453,Relvado,RS,Sul,94.12,80.0,-14.12,87.27,7.27,0.23,0.2,10.3,7.2,5.49,1796.0,2279
3164605,São Sebastião do Oeste,MG,Sudeste,82.62,75.39,-7.23,82.67,7.28,0.23,0.2,1.8,6.0,4.82,8815.0,2280
3535309,Palmital,SP,Sudeste,65.5,62.55,-2.95,69.83,7.28,0.23,0.2,0.6,6.9,5.37,19594.0,2281
4202206,Benedito Novo,SC,Sul,77.0,70.25,-6.75,77.54,7.28,0.23,0.2,7.4,6.4,5.65,10520.0,2282
3205309,Vitória,ES,Sudeste,79.24,72.51,-6.73,79.8,7.29,0.23,0.2,5.2,6.4,5.11,322869.0,2283
3111507,Campos Altos,MG,Sudeste,77.37,68.67,-8.7,75.97,7.29,0.23,0.2,7.9,5.8,5.28,12979.0,2284
3518909,Guzolândia,SP,Sudeste,95.31,80.0,-15.31,87.3,7.3,0.23,0.2,4.2,7.3,5.13,4246.0,2285
4306452,Dois Lajeados,RS,Sul,92.86,80.0,-12.86,87.31,7.31,0.23,0.2,4.1,8.0,5.66,3097.0,2286
4305157,Cerro Grande,RS,Sul,50.0,64.43,14.43,71.74,7.31,0.23,0.2,1.4,6.0,5.29,2379.0,2287
3163201,São José do Alegre,MG,Sudeste,85.35,78.52,-6.83,85.84,7.32,0.23,0.2,7.5,6.4,5.19,4133.0,2288
3142007,Mirabela,MG,Sudeste,66.99,69.03,2.04,76.35,7.32,0.23,0.2,2.2,6.3,4.53,13651.0,2289
3521606,Irapuru,SP,Sudeste,97.29,80.0,-17.29,87.32,7.32,0.23,0.2,2.3,7.2,5.26,7085.0,2290
2406007,José da Penha,RN,Nordeste,52.17,61.0,8.83,68.33,7.33,0.23,0.2,7.1,5.9,4.53,5803.0,2291
4314134,Paulo Bento,RS,Sul,65.22,70.81,5.59,78.14,7.33,0.23,0.2,2.8,6.8,5.7,2144.0,2292
4219606,Xavantina,SC,Sul,84.85,75.44,-9.41,82.77,7.33,0.23,0.2,2.6,6.7,5.5,3653.0,2293
4210407,Maracajá,SC,Sul,65.88,68.79,2.91,76.13,7.33,0.23,0.2,3.2,6.7,5.39,7815.0,2294
4314456,Pinhal,RS,Sul,71.43,67.75,-3.68,75.08,7.33,0.23,0.2,3.3,7.1,5.3,2959.0,2295
1503457,Ipixuna do Pará,PA,Norte,55.48,58.79,3.31,66.12,7.33,0.23,0.2,16.8,5.1,4.14,30329.0,2296
3153004,Pratinha,MG,Sudeste,93.9,80.0,-13.9,87.33,7.33,0.23,0.2,4.4,6.3,5.33,3559.0,2297
3135407,Jeceaba,MG,Sudeste,67.22,73.37,6.15,80.71,7.34,0.23,0.2,1.1,6.8,5.08,6197.0,2298
3153202,Presidente Juscelino,MG,Sudeste,86.09,80.0,-6.09,87.34,7.34,0.23,0.2,0.7,6.6,4.65,3465.0,2299
2205276,Jatobá do Piauí,PI,Nordeste,78.45,76.62,-1.83,83.96,7.34,0.23,0.2,4.8,5.4,4.17,4494.0,2300
3152501,Pouso Alegre,MG,Sudeste,76.54,69.0,-7.54,76.34,7.34,0.23,0.2,3.8,6.4,5.33,152217.0,2301
1502855,Curuá,PA,Norte,50.92,57.52,6.6,64.86,7.34,0.23,0.2,13.2,4.6,4.06,14117.0,2302
3204500,Santa Leopoldina,ES,Sudeste,85.4,80.0,-5.4,87.34,7.34,0.23,0.19,6.0,6.9,5.01,13106.0,2303
3203908,Nova Venécia,ES,Sudeste,84.68,80.0,-4.68,87.35,7.35,0.22,0.19,4.0,7.1,5.04,49065.0,2304
4214300,Rancho Queimado,SC,Sul,80.9,76.04,-4.86,83.39,7.35,0.22,0.19,7.0,6.7,5.76,3279.0,2305
2928703,Santo Antônio de Jesus,BA,Nordeste,55.76,55.02,-0.74,62.39,7.37,0.22,0.19,15.6,4.9,4.49,103055.0,2306
3537206,Pedro de Toledo,SP,Sudeste,55.23,56.06,0.83,63.43,7.37,0.22,0.19,1.3,6.6,4.98,11281.0,2307
3123205,Dores do Indaiá,MG,Sudeste,71.22,72.46,1.24,79.85,7.39,0.22,0.19,3.1,6.8,5.08,12630.0,2308
2925501,Prado,BA,Nordeste,54.1,55.91,1.81,63.3,7.39,0.22,0.19,17.6,4.6,4.47,35003.0,2309
2803005,Itabaianinha,SE,Nordeste,74.37,69.07,-5.3,76.46,7.39,0.22,0.19,3.1,6.2,4.09,40678.0,2310
3157252,Santa Bárbara do Leste,MG,Sudeste,74.13,74.0,-0.13,81.4,7.4,0.22,0.19,3.1,6.7,4.88,8458.0,2311
3114204,Carmo do Cajuru,MG,Sudeste,82.14,73.19,-8.95,80.6,7.41,0.22,0.19,1.4,6.4,5.23,23479.0,2312
4218350,Treviso,SC,Sul,72.77,73.89,1.12,81.31,7.42,0.22,0.19,10.2,7.2,5.84,3782.0,2313
1700350,Aliança do Tocantins,TO,Norte,85.87,80.0,-5.87,87.43,7.43,0.22,0.19,3.8,6.2,4.74,5147.0,2314
2615706,Triunfo,PE,Nordeste,86.94,80.0,-6.94,87.43,7.43,0.22,0.19,0.7,6.4,4.61,14705.0,2315
3523008,Itapura,SP,Sudeste,64.54,64.22,-0.32,71.65,7.43,0.22,0.19,1.2,6.3,5.11,3979.0,2316
3147907,Passos,MG,Sudeste,81.12,72.3,-8.82,79.73,7.44,0.22,0.19,1.5,6.8,5.33,111939.0,2317
3153608,Prudente de Morais,MG,Sudeste,67.15,65.95,-1.2,73.39,7.44,0.22,0.19,1.7,5.9,5.01,11466.0,2318
4201604,Arroio Trinta,SC,Sul,100.0,80.0,-20.0,87.44,7.44,0.22,0.19,8.4,,5.6,3556.0,2319
3137205,Lagoa da Prata,MG,Sudeste,81.01,75.95,-5.06,83.41,7.46,0.22,0.19,0.8,7.2,5.2,51412.0,2320
3552551,Suzanápolis,SP,Sudeste,100.0,80.0,-20.0,87.46,7.46,0.22,0.19,2.3,7.8,5.32,3408.0,2321
5103809,Figueirópolis D'Oeste,MT,Centro-Oeste,81.15,80.0,-1.15,87.48,7.48,0.22,0.19,0.4,6.3,5.12,3187.0,2322
3135076,Jampruca,MG,Sudeste,62.16,65.39,3.23,72.88,7.48,0.22,0.19,10.5,5.6,4.56,4296.0,2323
2105963,Lagoa Grande do Maranhão,MA,Nordeste,91.69,80.0,-11.69,87.49,7.49,0.22,0.19,4.6,4.8,4.17,11411.0,2324
1707009,Dianópolis,TO,Norte,67.39,65.37,-2.02,72.87,7.49,0.22,0.19,8.7,5.3,4.95,17739.0,2325
2512408,Puxinanã,PB,Nordeste,75.23,77.55,2.32,85.04,7.49,0.22,0.19,1.5,6.4,4.49,14277.0,2326
1505205,Oeiras do Pará,PA,Norte,35.58,43.74,8.16,51.24,7.5,0.22,0.19,23.5,4.6,4.0,33844.0,2327
1302207,Juruá,AM,Norte,61.55,59.31,-2.24,66.81,7.5,0.22,0.19,22.2,4.5,4.04,10742.0,2328
3162203,São João Batista do Glória,MG,Sudeste,87.34,80.0,-7.34,87.5,7.5,0.22,0.19,0.4,6.8,5.32,7652.0,2329
2512705,Remígio,PB,Nordeste,68.86,68.92,0.06,76.43,7.51,0.22,0.19,3.3,5.7,4.41,17885.0,2330
5210802,Itajá,GO,Centro-Oeste,92.64,80.0,-12.64,87.51,7.51,0.22,0.19,2.0,6.2,5.27,4380.0,2331
3146404,Paineiras,MG,Sudeste,75.0,79.4,4.4,86.92,7.51,0.22,0.19,4.4,7.5,5.08,4224.0,2332
3121001,Datas,MG,Sudeste,84.84,80.0,-4.84,87.52,7.52,0.22,0.19,0.7,7.1,4.78,5465.0,2333
4109302,Guaraniaçu,PR,Sul,81.48,80.0,-1.48,87.53,7.53,0.22,0.19,6.9,6.8,5.11,13735.0,2334
2300101,Abaiara,CE,Nordeste,81.9,80.0,-1.9,87.54,7.54,0.22,0.19,1.9,6.8,4.35,10038.0,2335
4217907,Tangará,SC,Sul,93.82,80.0,-13.82,87.54,7.54,0.22,0.19,3.7,6.7,5.4,8143.0,2336
3202306,Guaçuí,ES,Sudeste,82.76,76.73,-6.03,84.27,7.55,0.22,0.19,6.0,6.5,4.88,29358.0,2337
2309904,Pacujá,CE,Nordeste,98.5,80.0,-18.5,87.55,7.55,0.22,0.19,0.5,5.8,4.24,6175.0,2338
4128559,Vera Cruz do Oeste,PR,Sul,,65.66,,73.21,7.55,0.22,0.19,4.5,6.8,5.28,8215.0,2339
2606804,Igarassu,PE,Nordeste,75.35,70.86,-4.49,78.41,7.55,0.22,0.19,9.1,6.0,4.62,115196.0,2340
5205307,Cavalcante,GO,Centro-Oeste,58.69,70.0,11.31,77.55,7.55,0.22,0.19,10.3,5.5,4.45,9583.0,2341
4126256,Sarandi,PR,Sul,64.82,68.53,3.71,76.09,7.56,0.22,0.19,15.5,6.3,5.29,118455.0,2342
2612000,Sairé,PE,Nordeste,70.22,73.44,3.22,81.02,7.58,0.22,0.19,7.4,7.0,4.29,10887.0,2343
5209705,Hidrolândia,GO,Centro-Oeste,80.39,74.09,-6.3,81.67,7.58,0.22,0.19,9.4,5.4,5.11,27742.0,2344
3204104,Pinheiros,ES,Sudeste,81.65,78.48,-3.17,86.06,7.58,0.22,0.19,5.1,6.7,4.75,23915.0,2345
5101001,Araguaiana,MT,Centro-Oeste,81.72,80.0,-1.72,87.6,7.6,0.22,0.19,4.4,6.1,5.09,3795.0,2346
2909802,Cruz das Almas,BA,Nordeste,53.65,55.76,2.11,63.36,7.6,0.22,0.19,18.4,5.5,4.44,60348.0,2347
3131158,Ipaba,MG,Sudeste,73.03,71.04,-1.99,78.65,7.61,0.22,0.19,1.2,6.6,5.02,17136.0,2348
4124301,Santo Antônio do Paraíso,PR,Sul,69.47,80.0,10.53,87.61,7.61,0.22,0.19,4.8,6.7,5.27,2125.0,2349
3504404,Avanhandava,SP,Sudeste,86.33,75.1,-11.23,82.71,7.61,0.22,0.19,1.1,7.4,5.08,11263.0,2350
2610509,Passira,PE,Nordeste,84.81,77.18,-7.63,84.81,7.63,0.22,0.19,5.4,6.0,4.23,28340.0,2351
3160009,Santo Antônio do Aventureiro,MG,Sudeste,93.64,80.0,-13.64,87.63,7.63,0.22,0.19,1.4,5.9,4.78,3769.0,2352
2919959,Maetinga,BA,Nordeste,74.43,70.04,-4.39,77.67,7.63,0.22,0.19,13.4,5.5,4.44,6973.0,2353
1502806,Curralinho,PA,Norte,35.12,49.2,14.08,56.84,7.64,0.22,0.19,20.8,4.7,3.77,33903.0,2354
2401453,Baraúna,RN,Nordeste,48.1,54.08,5.98,61.73,7.64,0.22,0.19,12.2,5.7,4.41,26913.0,2355
2409605,Pedra Preta,RN,Nordeste,64.62,60.16,-4.46,67.81,7.64,0.22,0.19,22.3,4.8,4.25,2441.0,2356
4116950,Nova Esperança do Sudoeste,PR,Sul,80.98,80.0,-0.98,87.65,7.65,0.22,0.19,1.4,6.8,5.31,5597.0,2357
1504000,Limoeiro do Ajuru,PA,Norte,61.26,63.18,1.92,70.83,7.65,0.22,0.19,20.8,5.4,3.95,29569.0,2358
2926301,Riachão do Jacuípe,BA,Nordeste,54.91,58.04,3.13,65.69,7.66,0.22,0.19,14.1,4.8,4.3,33386.0,2359
3505104,Barbosa,SP,Sudeste,84.04,71.98,-12.06,79.64,7.66,0.22,0.19,1.7,7.0,5.09,5640.0,2360
2601904,Bezerros,PE,Nordeste,65.6,65.2,-0.4,72.89,7.69,0.22,0.19,6.9,5.7,4.51,61694.0,2361
1718865,Santa Fé do Araguaia,TO,Norte,27.63,41.94,14.31,49.63,7.69,0.22,0.19,8.7,4.7,4.5,7216.0,2362
1506500,Santa Izabel do Pará,PA,Norte,55.05,59.42,4.37,67.11,7.69,0.22,0.19,8.7,5.5,4.32,73019.0,2363
4107306,Doutor Camargo,PR,Sul,78.09,79.5,1.41,87.19,7.69,0.22,0.19,3.8,6.6,5.48,6327.0,2364
2109502,Riachão,MA,Nordeste,58.5,63.0,4.5,70.7,7.7,0.22,0.19,5.4,4.8,4.36,22145.0,2365
2804102,Moita Bonita,SE,Nordeste,62.74,60.75,-1.99,68.45,7.7,0.22,0.19,16.3,5.6,4.57,11050.0,2366
4107603,Faxinal,PR,Sul,83.04,80.0,-3.04,87.71,7.71,0.22,0.19,4.2,6.8,5.15,16389.0,2367
4109401,Guarapuava,PR,Sul,75.11,76.92,1.81,84.63,7.71,0.22,0.19,7.5,6.7,5.33,182093.0,2368
4206801,Ibicaré,SC,Sul,88.5,77.61,-10.89,85.32,7.71,0.22,0.19,9.9,6.6,5.68,3269.0,2369
3515608,Fernando Prestes,SP,Sudeste,98.0,80.0,-18.0,87.72,7.72,0.22,0.19,1.2,8.7,5.34,5942.0,2370
4123857,Santa Maria do Oeste,PR,Sul,79.22,77.91,-1.31,85.63,7.72,0.22,0.19,7.5,6.1,5.05,9934.0,2371
4218905,Urubici,SC,Sul,73.7,70.0,-3.7,77.72,7.72,0.22,0.19,3.1,6.5,5.47,10834.0,2372
3522653,Itapirapuã Paulista,SP,Sudeste,44.07,62.16,18.09,69.88,7.72,0.22,0.19,0.3,7.5,4.97,4306.0,2373
2606507,Iati,PE,Nordeste,78.66,72.75,-5.91,80.47,7.73,0.22,0.19,7.2,5.3,4.01,17165.0,2374
3109253,Bugre,MG,Sudeste,86.76,80.0,-6.76,87.74,7.74,0.21,0.19,0.0,6.8,5.03,4041.0,2375
2931509,Teofilândia,BA,Nordeste,44.51,51.4,6.89,59.14,7.74,0.21,0.19,17.3,4.6,4.33,21176.0,2376
3127404,Gonçalves,MG,Sudeste,73.79,70.63,-3.16,78.37,7.74,0.21,0.19,4.4,,5.26,4727.0,2377
3101706,Almenara,MG,Sudeste,58.54,58.52,-0.02,66.27,7.74,0.21,0.19,6.3,5.7,4.63,40364.0,2378
3536604,Paulo de Faria,SP,Sudeste,75.08,64.62,-10.46,72.36,7.74,0.21,0.19,1.2,6.3,5.1,7400.0,2379
2105476,Jenipapo dos Vieiras,MA,Nordeste,72.41,62.89,-9.52,70.64,7.74,0.21,0.19,27.6,4.0,4.35,17076.0,2380
3305158,São José do Vale do Rio Preto,RJ,Sudeste,81.54,75.35,-6.19,83.1,7.76,0.21,0.19,15.0,5.9,5.2,22080.0,2381
5204409,Caiapônia,GO,Centro-Oeste,82.96,78.1,-4.86,85.86,7.76,0.21,0.19,2.3,6.1,5.24,16513.0,2382
4208500,Ituporanga,SC,Sul,81.89,71.65,-10.24,79.41,7.77,0.21,0.19,4.0,6.7,5.62,26525.0,2383
2107258,Nova Colinas,MA,Nordeste,87.14,80.0,-7.14,87.77,7.77,0.21,0.19,6.3,5.7,4.42,5021.0,2384
4323606,Vista Alegre do Prata,RS,Sul,100.0,80.0,-20.0,87.77,7.77,0.21,0.19,5.7,7.5,5.57,1590.0,2385
3541653,Quadra,SP,Sudeste,61.83,64.77,2.94,72.55,7.78,0.21,0.19,2.2,6.5,5.3,3405.0,2386
3128501,Guarará,MG,Sudeste,90.21,80.0,-10.21,87.78,7.78,0.21,0.19,7.3,6.2,5.16,3149.0,2387
4125506,São José dos Pinhais,PR,Sul,74.09,73.18,-0.91,80.96,7.78,0.21,0.19,8.2,6.3,5.45,329628.0,2388
4128203,União da Vitória,PR,Sul,81.75,77.21,-4.54,85.0,7.79,0.21,0.18,3.6,6.6,5.42,55033.0,2389
5217203,Piranhas,GO,Centro-Oeste,84.7,78.93,-5.77,86.74,7.81,0.21,0.18,2.6,6.5,5.03,11712.0,2390
3143302,Montes Claros,MG,Sudeste,75.4,70.34,-5.06,78.16,7.81,0.21,0.18,1.8,6.7,4.99,414240.0,2391
2313500,Trairi,CE,Nordeste,94.39,80.0,-14.39,87.82,7.82,0.21,0.18,1.2,6.1,4.32,58415.0,2392
3133402,Itapagipe,MG,Sudeste,67.01,71.49,4.48,79.31,7.82,0.21,0.18,3.3,7.0,5.29,13690.0,2393
3169307,Três Corações,MG,Sudeste,71.07,64.79,-6.28,72.62,7.82,0.21,0.18,2.0,6.1,5.2,75485.0,2394
4110201,Inácio Martins,PR,Sul,71.31,76.4,5.09,84.24,7.83,0.21,0.18,8.5,6.5,5.04,9670.0,2395
1506161,Rio Maria,PA,Norte,51.37,59.98,8.61,67.82,7.84,0.21,0.18,6.7,5.2,4.67,18384.0,2396
4216057,São Cristóvão do Sul,SC,Sul,60.9,68.1,7.2,75.93,7.84,0.21,0.18,4.2,6.1,5.33,6084.0,2397
2414704,Várzea,RN,Nordeste,50.0,42.51,-7.49,50.35,7.84,0.21,0.18,17.3,4.6,4.18,5233.0,2398
2400901,Antônio Martins,RN,Nordeste,48.0,49.33,1.33,57.18,7.84,0.21,0.18,16.7,4.4,4.49,6577.0,2399
3529609,Meridiano,SP,Sudeste,83.34,73.22,-10.12,81.08,7.86,0.21,0.18,3.7,7.4,5.3,4572.0,2400
3524808,Jales,SP,Sudeste,77.95,67.18,-10.77,75.05,7.87,0.21,0.18,2.4,7.6,5.52,48776.0,2401
2510402,Olho d'Água,PB,Nordeste,60.47,71.65,11.18,79.52,7.87,0.21,0.18,4.1,5.3,4.27,6060.0,2402
2109239,Presidente Médici,MA,Nordeste,88.77,77.49,-11.28,85.36,7.88,0.21,0.18,5.8,5.7,4.37,4696.0,2403
2905701,Camaçari,BA,Nordeste,48.95,55.07,6.12,62.95,7.88,0.21,0.18,13.1,5.3,4.65,300372.0,2404
5200829,Amaralina,GO,Centro-Oeste,88.27,80.0,-8.27,87.88,7.88,0.21,0.18,3.1,6.0,4.88,3268.0,2405
2108900,Poção de Pedras,MA,Nordeste,84.2,80.0,-4.2,87.88,7.88,0.21,0.18,6.1,6.2,4.2,17161.0,2406
3127107,Frutal,MG,Sudeste,70.41,66.46,-3.95,74.35,7.89,0.21,0.18,3.6,6.1,5.17,58588.0,2407
2302107,Baturité,CE,Nordeste,87.79,78.8,-8.99,86.69,7.89,0.21,0.18,1.0,5.5,4.25,35218.0,2408
5107107,São José dos Quatro Marcos,MT,Centro-Oeste,89.46,80.0,-9.46,87.9,7.9,0.21,0.18,2.3,5.8,5.12,17849.0,2409
2307007,Jaguaruana,CE,Nordeste,86.26,80.0,-6.26,87.9,7.9,0.21,0.18,0.2,6.7,4.27,31701.0,2410
2707701,Rio Largo,AL,Nordeste,52.06,57.13,5.07,65.03,7.9,0.21,0.18,8.9,5.7,4.58,93927.0,2411
5002100,Bela Vista,MS,Centro-Oeste,60.37,61.09,0.72,69.0,7.91,0.21,0.18,11.5,5.0,4.95,21613.0,2412
2802304,Frei Paulo,SE,Nordeste,41.37,44.38,3.01,52.29,7.92,0.21,0.18,17.7,5.3,4.47,14530.0,2413
4204103,Caxambu do Sul,SC,Sul,78.9,74.38,-4.52,82.3,7.92,0.21,0.18,2.2,6.2,5.38,4614.0,2414
2803302,Japaratuba,SE,Nordeste,65.83,60.18,-5.65,68.11,7.93,0.21,0.18,8.7,5.3,4.53,16209.0,2415
3131406,Ipiaçu,MG,Sudeste,79.59,77.33,-2.26,85.27,7.94,0.21,0.18,0.5,5.7,5.04,3775.0,2416
3161205,São Francisco de Paula,MG,Sudeste,89.97,79.25,-10.72,87.19,7.95,0.21,0.18,4.0,6.5,4.99,6187.0,2417
2103554,Conceição do Lago-Açu,MA,Nordeste,51.14,61.15,10.01,69.1,7.95,0.21,0.18,11.7,5.2,4.21,14915.0,2418
3124906,Eugenópolis,MG,Sudeste,67.87,67.78,-0.09,75.73,7.95,0.21,0.18,6.2,6.2,4.99,10801.0,2419
3120409,Cristiano Otoni,MG,Sudeste,81.96,75.72,-6.24,83.69,7.97,0.21,0.18,2.4,6.6,5.29,4667.0,2420
2905602,Camacan,BA,Nordeste,52.87,55.36,2.49,63.33,7.97,0.21,0.18,18.5,4.5,4.39,22579.0,2421
4307054,Ernestina,RS,Sul,82.22,70.51,-11.71,78.49,7.98,0.21,0.18,1.8,6.7,5.69,3034.0,2422
3512605,Coronel Macedo,SP,Sudeste,58.75,62.46,3.71,70.44,7.98,0.21,0.18,0.8,6.2,5.09,4280.0,2423
4209201,Lacerdópolis,SC,Sul,69.57,74.62,5.05,82.6,7.98,0.21,0.18,1.3,6.9,5.63,2248.0,2424
5215231,Novo Gama,GO,Centro-Oeste,67.05,65.62,-1.43,73.61,7.98,0.21,0.18,15.2,5.3,4.92,103804.0,2425
2610905,Pesqueira,PE,Nordeste,69.62,69.37,-0.25,77.36,7.99,0.21,0.18,11.3,6.4,4.41,62722.0,2426
3167806,Soledade de Minas,MG,Sudeste,80.9,76.24,-4.66,84.23,7.99,0.21,0.18,8.2,6.7,5.16,5613.0,2427
1100098,Espigão D'Oeste,RO,Norte,81.85,80.0,-1.85,87.99,7.99,0.21,0.18,7.1,6.5,4.87,29414.0,2428
4101804,Araucária,PR,Sul,75.91,74.37,-1.54,82.36,7.99,0.21,0.18,6.4,6.5,5.42,151666.0,2429
5208707,Goiânia,GO,Centro-Oeste,80.01,72.86,-7.15,80.85,7.99,0.21,0.18,4.8,6.6,5.21,1437366.0,2430
4105409,Chopinzinho,PR,Sul,82.14,80.0,-2.14,87.99,7.99,0.21,0.18,4.0,7.2,5.31,21085.0,2431
2111722,Satubinha,MA,Nordeste,91.46,80.0,-11.46,88.0,8.0,0.21,0.18,11.3,5.4,4.01,8784.0,2432
3112059,Cantagalo,MG,Sudeste,61.4,70.0,8.6,78.0,8.0,0.21,0.18,0.8,5.9,4.72,3974.0,2433
2918100,Jeremoabo,BA,Nordeste,43.85,50.67,6.82,58.68,8.01,0.21,0.18,14.2,4.9,4.22,37626.0,2434
1719004,Santa Tereza do Tocantins,TO,Norte,51.46,63.42,11.96,71.43,8.01,0.21,0.18,1.8,5.2,4.66,2781.0,2435
2407609,Messias Targino,RN,Nordeste,33.84,42.0,8.16,50.01,8.01,0.21,0.18,5.8,4.7,4.36,4274.0,2436
3121407,Desterro de Entre Rios,MG,Sudeste,90.56,80.0,-10.56,88.01,8.01,0.21,0.18,2.0,7.2,5.25,7653.0,2437
4105300,Céu Azul,PR,Sul,78.22,80.0,1.78,88.01,8.01,0.21,0.18,1.0,7.2,5.44,11087.0,2438
4205209,Erval Velho,SC,Sul,71.45,67.77,-3.68,75.78,8.01,0.21,0.18,6.7,6.7,5.51,4885.0,2439
2921500,Monte Santo,BA,Nordeste,50.26,53.35,3.09,61.37,8.01,0.21,0.18,14.3,4.5,4.14,47780.0,2440
5221403,Trindade,GO,Centro-Oeste,73.78,72.75,-1.03,80.77,8.02,0.21,0.18,4.1,6.9,5.11,142431.0,2441
2111631,São Raimundo do Doca Bezerra,MA,Nordeste,72.36,67.67,-4.69,75.69,8.02,0.21,0.18,9.6,4.6,4.26,5650.0,2442
3202009,Dores do Rio Preto,ES,Sudeste,82.23,80.0,-2.23,88.02,8.02,0.21,0.18,2.4,6.8,4.93,6596.0,2443
4201273,Arabutã,SC,Sul,88.57,79.65,-8.92,87.68,8.03,0.21,0.18,4.5,7.5,5.5,4378.0,2444
3555109,Tupi Paulista,SP,Sudeste,98.24,80.0,-18.24,88.03,8.03,0.21,0.18,1.2,7.9,5.5,15854.0,2445
2406809,Lajes Pintadas,RN,Nordeste,70.0,60.0,-10.0,68.04,8.04,0.21,0.18,9.6,5.2,4.41,4787.0,2446
2501906,Belém,PB,Nordeste,57.08,67.93,10.85,75.97,8.04,0.21,0.18,7.1,5.7,4.19,16401.0,2447
4102307,Balsa Nova,PR,Sul,82.56,77.69,-4.87,85.73,8.05,0.21,0.18,11.2,6.3,5.42,13395.0,2448
4116208,Morretes,PR,Sul,73.24,73.81,0.57,81.85,8.05,0.21,0.18,14.2,6.1,5.14,18309.0,2449
2912301,Ibicuí,BA,Nordeste,77.26,69.01,-8.25,77.06,8.05,0.21,0.18,20.7,5.1,4.29,13934.0,2450
3513108,Cravinhos,SP,Sudeste,69.73,60.04,-9.69,68.09,8.05,0.21,0.18,6.6,6.2,5.49,33281.0,2451
2910206,Dom Macedo Costa,BA,Nordeste,80.78,80.0,-0.78,88.05,8.05,0.21,0.18,1.7,6.3,4.44,4407.0,2452
3139706,Maravilhas,MG,Sudeste,80.81,74.65,-6.16,82.7,8.06,0.21,0.18,1.1,6.2,4.82,7333.0,2453
3503406,Arealva,SP,Sudeste,88.19,75.98,-12.21,84.04,8.06,0.21,0.18,0.7,8.2,5.37,8130.0,2454
2602407,Brejão,PE,Nordeste,73.85,73.09,-0.76,81.15,8.06,0.21,0.18,8.7,6.2,4.28,9079.0,2455
3203056,Jaguaré,ES,Sudeste,81.02,75.75,-5.27,83.82,8.06,0.21,0.18,5.9,6.5,4.83,28931.0,2456
3157708,Santa Juliana,MG,Sudeste,65.31,71.01,5.7,79.08,8.07,0.21,0.18,2.5,7.2,5.19,15734.0,2457
2515104,São Sebastião de Lagoa de Roça,PB,Nordeste,76.24,71.76,-4.48,79.83,8.07,0.21,0.18,18.5,5.9,4.41,11040.0,2458
5105903,Nobres,MT,Centro-Oeste,63.49,68.0,4.51,76.08,8.08,0.21,0.18,1.2,5.6,5.02,15492.0,2459
3164308,São Roque de Minas,MG,Sudeste,80.33,75.22,-5.11,83.3,8.08,0.21,0.18,1.5,6.3,5.14,7129.0,2460
1302108,Japurá,AM,Norte,79.79,78.49,-1.3,86.57,8.08,0.21,0.18,21.3,7.4,4.14,8858.0,2461
2916807,Itarantim,BA,Nordeste,60.77,57.9,-2.87,65.98,8.09,0.21,0.18,9.8,4.7,4.52,17052.0,2462
3532702,Nipoã,SP,Sudeste,93.7,80.0,-13.7,88.09,8.09,0.21,0.18,1.8,8.3,5.18,4750.0,2463
3550506,São Pedro do Turvo,SP,Sudeste,88.44,74.21,-14.23,82.31,8.1,0.2,0.18,2.6,7.0,5.28,7217.0,2464
5101308,Arenápolis,MT,Centro-Oeste,63.64,70.72,7.08,78.83,8.11,0.2,0.18,2.6,6.2,5.05,10576.0,2465
2100709,Anajatuba,MA,Nordeste,82.89,76.07,-6.82,84.18,8.11,0.2,0.18,6.8,5.6,4.1,25322.0,2466
2203404,Dom Expedito Lopes,PI,Nordeste,84.73,78.39,-6.34,86.51,8.11,0.2,0.18,9.7,5.9,4.39,6320.0,2467
1706001,Couto Magalhães,TO,Norte,52.59,63.47,10.88,71.59,8.12,0.2,0.18,5.8,5.5,4.56,5331.0,2468
3106309,Belo Oriente,MG,Sudeste,72.38,68.0,-4.38,76.13,8.13,0.2,0.18,0.8,6.5,5.12,23928.0,2469
2929503,São Sebastião do Passé,BA,Nordeste,67.42,64.4,-3.02,72.53,8.13,0.2,0.18,13.6,5.5,4.51,40958.0,2470
3169604,Tupaciguara,MG,Sudeste,59.16,58.4,-0.76,66.53,8.13,0.2,0.18,3.0,5.8,5.13,25470.0,2471
4309407,Guaporé,RS,Sul,63.21,61.0,-2.21,69.14,8.14,0.2,0.18,3.9,6.5,5.66,25268.0,2472
2306405,Itapipoca,CE,Nordeste,88.17,80.0,-8.17,88.14,8.14,0.2,0.18,1.3,6.7,4.27,131123.0,2473
2615607,Trindade,PE,Nordeste,76.24,69.39,-6.85,77.53,8.14,0.2,0.18,5.4,5.8,4.26,30321.0,2474
3105608,Barbacena,MG,Sudeste,76.66,69.18,-7.48,77.33,8.15,0.2,0.17,4.7,6.7,5.34,125317.0,2475
4108403,Francisco Beltrão,PR,Sul,84.44,79.81,-4.63,87.97,8.16,0.2,0.17,1.9,7.3,5.49,96666.0,2476
2916005,Itanhém,BA,Nordeste,67.69,68.11,0.42,76.27,8.17,0.2,0.17,19.8,5.3,4.58,17813.0,2477
3109808,Cachoeira Dourada,MG,Sudeste,90.0,80.0,-10.0,88.17,8.17,0.2,0.17,2.2,6.5,5.23,2315.0,2478
2202752,Colônia do Gurguéia,PI,Nordeste,82.58,66.72,-15.86,74.9,8.17,0.2,0.17,14.9,4.6,4.56,6150.0,2479
5206909,Davinópolis,GO,Centro-Oeste,80.77,80.0,-0.77,88.18,8.18,0.2,0.17,8.9,6.2,5.06,1902.0,2480
4118105,Paranacity,PR,Sul,85.89,80.0,-5.89,88.18,8.18,0.2,0.17,5.5,6.8,5.17,9557.0,2481
2904100,Boquira,BA,Nordeste,44.68,58.66,13.98,66.85,8.19,0.2,0.17,2.9,5.7,4.3,19322.0,2482
2609501,Nazaré da Mata,PE,Nordeste,72.17,66.88,-5.29,75.08,8.2,0.2,0.17,9.7,5.2,4.53,30648.0,2483
3112208,Capela Nova,MG,Sudeste,79.33,80.0,0.67,88.21,8.21,0.2,0.17,3.9,7.2,4.9,4362.0,2484
2611507,Quipapá,PE,Nordeste,62.58,63.44,0.86,71.65,8.21,0.2,0.17,3.6,5.5,4.28,17928.0,2485
3148202,Patrocínio do Muriaé,MG,Sudeste,86.5,75.99,-10.51,84.2,8.21,0.2,0.17,1.9,6.1,4.81,5576.0,2486
5008305,Três Lagoas,MS,Centro-Oeste,80.95,74.55,-6.4,82.76,8.22,0.2,0.17,4.6,6.2,5.26,132152.0,2487
3142502,Monjolos,MG,Sudeste,85.71,80.0,-5.71,88.22,8.22,0.2,0.17,5.2,6.6,4.4,2169.0,2488
4217253,São Pedro de Alcântara,SC,Sul,92.0,76.7,-15.3,84.92,8.22,0.2,0.17,3.4,6.5,5.87,5776.0,2489
4306932,Entre-Ijuís,RS,Sul,68.18,62.0,-6.18,70.24,8.24,0.2,0.17,8.2,6.5,5.28,9158.0,2490
2927200,Ruy Barbosa,BA,Nordeste,52.8,57.94,5.14,66.19,8.24,0.2,0.17,12.5,4.8,4.16,28282.0,2491
3510104,Cândido Rodrigues,SP,Sudeste,84.06,74.4,-9.66,82.64,8.24,0.2,0.17,1.3,7.5,5.34,2889.0,2492
2208700,Redenção do Gurguéia,PI,Nordeste,92.09,80.0,-12.09,88.24,8.24,0.2,0.17,9.6,5.1,4.31,8394.0,2493
2902609,Baixa Grande,BA,Nordeste,56.15,56.77,0.62,65.02,8.25,0.2,0.17,17.0,5.0,4.23,18220.0,2494
3205101,Viana,ES,Sudeste,78.23,74.69,-3.54,82.94,8.25,0.2,0.17,3.9,6.9,5.01,73423.0,2495
2800605,Barra dos Coqueiros,SE,Nordeste,46.88,46.89,0.01,55.14,8.25,0.2,0.17,13.5,5.5,4.71,41511.0,2496
3151008,Piranguinho,MG,Sudeste,81.32,74.28,-7.04,82.54,8.25,0.2,0.17,0.8,6.6,5.18,9120.0,2497
4101507,Arapongas,PR,Sul,79.69,77.77,-1.92,86.03,8.26,0.2,0.17,3.0,7.3,5.45,119138.0,2498
2926806,Rio do Antônio,BA,Nordeste,69.8,70.83,1.03,79.09,8.26,0.2,0.17,5.9,5.7,4.65,13146.0,2499
3548054,Santo Antônio do Aracanguá,SP,Sudeste,72.53,64.51,-8.02,72.78,8.27,0.2,0.17,1.8,6.9,5.35,8379.0,2500
2110039,Santa Luzia do Paruá,MA,Nordeste,96.42,80.0,-16.42,88.28,8.28,0.2,0.17,5.0,5.2,4.35,24307.0,2501
3109303,Buritis,MG,Sudeste,63.78,65.54,1.76,73.83,8.28,0.2,0.17,1.8,5.9,4.79,24030.0,2502
4207908,Irineópolis,SC,Sul,84.51,75.56,-8.95,83.84,8.28,0.2,0.17,3.9,7.0,5.38,10285.0,2503
4205803,Garuva,SC,Sul,73.88,66.87,-7.01,75.16,8.29,0.2,0.17,4.4,6.3,5.46,18545.0,2504
2108009,Pastos Bons,MA,Nordeste,84.11,76.79,-7.32,85.09,8.3,0.2,0.17,4.3,6.0,4.4,18802.0,2505
4313011,Nova Candelária,RS,Sul,89.01,80.0,-9.01,88.31,8.31,0.2,0.17,1.6,7.1,5.69,3061.0,2506
4321626,Travesseiro,RS,Sul,75.86,80.0,4.14,88.31,8.31,0.2,0.17,0.0,7.6,5.73,2152.0,2507
2110005,Santa Luzia,MA,Nordeste,67.09,66.72,-0.37,75.03,8.31,0.2,0.17,3.9,5.8,4.34,57635.0,2508
3536307,Patrocínio Paulista,SP,Sudeste,65.89,61.58,-4.31,69.89,8.31,0.2,0.17,0.8,7.0,5.41,14512.0,2509
2404200,Goianinha,RN,Nordeste,46.43,47.22,0.79,55.54,8.32,0.2,0.17,17.0,4.9,4.54,26741.0,2510
3161908,São Gonçalo do Rio Abaixo,MG,Sudeste,89.57,80.0,-9.57,88.32,8.32,0.2,0.17,0.9,7.4,5.28,11850.0,2511
3203007,Iúna,ES,Sudeste,78.19,75.62,-2.57,83.94,8.32,0.2,0.17,8.8,6.3,5.01,28590.0,2512
1713304,Miranorte,TO,Norte,64.82,65.76,0.94,74.11,8.36,0.2,0.17,2.1,5.4,4.73,12701.0,2513
3305133,São José de Ubá,RJ,Sudeste,79.79,77.3,-2.49,85.66,8.36,0.2,0.17,3.0,7.3,4.99,7070.0,2514
5204805,Campo Alegre de Goiás,GO,Centro-Oeste,83.95,79.94,-4.01,88.3,8.36,0.2,0.17,7.4,5.9,5.13,7422.0,2515
1503077,Garrafão do Norte,PA,Norte,50.19,57.77,7.58,66.13,8.36,0.2,0.17,22.0,5.5,3.94,24703.0,2516
4216107,São Domingos,SC,Sul,94.0,79.12,-14.88,87.48,8.36,0.2,0.17,1.6,6.7,5.53,9226.0,2517
2100832,Apicum-Açu,MA,Nordeste,48.95,53.75,4.8,62.12,8.36,0.2,0.17,6.4,4.3,4.06,17519.0,2518
3155702,Rio Piracicaba,MG,Sudeste,85.63,78.33,-7.3,86.69,8.36,0.2,0.17,1.0,7.3,5.13,14631.0,2519
2505204,Cuitegi,PB,Nordeste,42.35,52.23,9.88,60.6,8.37,0.2,0.17,14.8,5.1,4.24,6730.0,2520
3557154,Zacarias,SP,Sudeste,46.42,57.99,11.57,66.37,8.38,0.2,0.17,0.6,7.1,5.31,2692.0,2521
5204250,Cachoeira Dourada,GO,Centro-Oeste,75.46,75.92,0.46,84.31,8.39,0.2,0.17,5.0,6.5,5.21,7782.0,2522
4110102,Imbituva,PR,Sul,81.72,80.0,-1.72,88.39,8.39,0.2,0.17,8.6,6.4,5.17,29924.0,2523
4205191,Ermo,SC,Sul,79.5,74.0,-5.5,82.39,8.39,0.2,0.17,1.0,,5.4,2269.0,2524
2403301,Encanto,RN,Nordeste,67.45,63.13,-4.32,71.52,8.4,0.2,0.17,8.7,5.5,4.55,6016.0,2525
4119707,Planaltina do Paraná,PR,Sul,85.92,79.88,-6.04,88.28,8.4,0.2,0.17,10.8,6.4,5.15,4070.0,2526
3201506,Colatina,ES,Sudeste,86.44,76.58,-9.86,84.98,8.41,0.2,0.17,4.8,6.5,5.13,120033.0,2527
5005608,Miranda,MS,Centro-Oeste,42.69,50.36,7.67,58.77,8.41,0.2,0.17,25.2,4.6,4.85,25536.0,2528
4121356,Rancho Alegre D'Oeste,PR,Sul,73.4,78.9,5.5,87.31,8.41,0.2,0.17,6.1,6.8,5.14,2618.0,2529
3166204,Senhora dos Remédios,MG,Sudeste,81.58,80.0,-1.58,88.41,8.41,0.2,0.17,0.0,7.8,4.79,10384.0,2530
3169901,Ubá,MG,Sudeste,81.12,71.82,-9.3,80.24,8.42,0.2,0.17,1.7,6.8,5.11,103365.0,2531
2805505,Poço Verde,SE,Nordeste,47.72,53.26,5.54,61.71,8.45,0.2,0.17,4.2,6.2,4.36,21794.0,2532
2108207,Pedreiras,MA,Nordeste,85.22,73.64,-11.58,82.09,8.44,0.2,0.17,4.9,6.0,4.45,37050.0,2533
4216701,São José do Cedro,SC,Sul,87.28,77.98,-9.3,86.44,8.45,0.2,0.17,4.5,7.2,5.53,14167.0,2534
4115358,Maripá,PR,Sul,83.65,80.0,-3.65,88.45,8.45,0.2,0.17,9.3,6.6,5.61,6555.0,2535
2112209,Timon,MA,Nordeste,76.33,73.49,-2.84,81.95,8.46,0.2,0.17,2.7,6.7,4.51,174465.0,2536
1702158,Araguanã,TO,Norte,52.23,57.63,5.4,66.09,8.46,0.2,0.17,15.1,5.3,4.52,4310.0,2537
2933307,Vitória da Conquista,BA,Nordeste,62.12,63.3,1.18,71.77,8.47,0.2,0.17,14.8,6.1,4.75,370879.0,2538
3119807,Córrego Danta,MG,Sudeste,93.07,80.0,-13.07,88.47,8.47,0.2,0.17,0.8,6.3,4.98,2960.0,2539
3104205,Arcos,MG,Sudeste,88.92,79.34,-9.58,87.81,8.48,0.2,0.17,0.9,7.1,5.34,41416.0,2540
2210904,Socorro do Piauí,PI,Nordeste,74.76,73.82,-0.94,82.3,8.48,0.2,0.17,8.1,5.2,4.3,4141.0,2541
2509503,Montadas,PB,Nordeste,78.09,72.51,-5.58,81.0,8.48,0.2,0.17,6.3,6.5,4.63,5812.0,2542
2614501,Surubim,PE,Nordeste,71.09,67.22,-3.87,75.71,8.49,0.2,0.17,9.1,6.2,4.49,64120.0,2543
4321006,Tapera,RS,Sul,79.91,70.23,-9.68,78.72,8.49,0.2,0.17,3.1,7.2,5.49,10592.0,2544
2802700,Ilha das Flores,SE,Nordeste,55.93,50.62,-5.31,59.12,8.5,0.2,0.17,2.4,5.1,4.32,8321.0,2545
4309126,Gramado dos Loureiros,RS,Sul,31.25,53.0,21.75,61.51,8.51,0.19,0.16,7.4,7.3,5.35,2014.0,2546
5200050,Abadia de Goiás,GO,Centro-Oeste,72.55,69.47,-3.08,77.98,8.51,0.19,0.16,4.8,6.1,5.0,19128.0,2547
5201207,Anhanguera,GO,Centro-Oeste,85.71,80.0,-5.71,88.51,8.51,0.19,0.16,0.0,,5.04,924.0,2548
2107803,Parnarama,MA,Nordeste,83.57,80.0,-3.57,88.52,8.52,0.19,0.16,9.2,6.8,4.15,31250.0,2549
4213401,Ponte Serrada,SC,Sul,71.08,66.02,-5.06,74.55,8.52,0.19,0.16,6.6,6.1,5.29,10649.0,2550
4106605,Cruzeiro do Oeste,PR,Sul,84.06,76.74,-7.32,85.27,8.53,0.19,0.16,2.7,7.0,5.27,23831.0,2551
3112000,Candeias,MG,Sudeste,91.28,80.0,-11.28,88.53,8.53,0.19,0.16,1.8,6.9,5.12,14001.0,2552
4103354,Braganey,PR,Sul,82.86,80.0,-2.86,88.53,8.53,0.19,0.16,0.4,6.8,5.3,4854.0,2553
4215356,Saltinho,SC,Sul,94.5,80.0,-14.5,88.54,8.54,0.19,0.16,8.9,7.0,5.22,3632.0,2554
2610004,Palmares,PE,Nordeste,59.69,60.67,0.98,69.21,8.54,0.19,0.16,9.9,5.9,4.45,54584.0,2555
3144672,Nova Belém,MG,Sudeste,62.32,64.43,2.11,72.98,8.54,0.19,0.16,3.5,5.8,4.76,3151.0,2556
3162302,São João da Mata,MG,Sudeste,76.26,78.95,2.69,87.49,8.54,0.19,0.16,2.8,7.5,5.26,2914.0,2557
3160207,Santo Antônio do Itambé,MG,Sudeste,68.92,62.82,-6.1,71.37,8.55,0.19,0.16,1.4,5.0,4.25,3915.0,2558
3532306,Natividade da Serra,SP,Sudeste,62.04,59.15,-2.89,67.69,8.55,0.19,0.16,1.0,6.1,5.12,6999.0,2559
4322103,Tucunduva,RS,Sul,85.71,71.71,-14.0,80.26,8.55,0.19,0.16,1.6,6.9,5.47,5542.0,2560
4205456,Forquilhinha,SC,Sul,73.15,68.9,-4.25,77.45,8.55,0.19,0.16,2.1,7.1,5.42,31431.0,2561
4310462,Ipiranga do Sul,RS,Sul,84.21,80.0,-4.21,88.56,8.56,0.19,0.16,7.4,7.0,5.96,1720.0,2562
2922854,Nova Redenção,BA,Nordeste,,54.02,,62.57,8.56,0.19,0.16,9.8,4.8,4.32,7538.0,2563
2102077,Bom Lugar,MA,Nordeste,91.84,80.0,-11.84,88.56,8.56,0.19,0.16,1.7,5.6,4.19,12212.0,2564
2921708,Morro do Chapéu,BA,Nordeste,47.03,56.72,9.69,65.29,8.57,0.19,0.16,5.1,5.6,4.36,33594.0,2565
4113205,Lapa,PR,Sul,85.11,80.0,-5.11,88.57,8.57,0.19,0.16,6.4,6.9,5.38,45003.0,2566
2903300,Barro Preto,BA,Nordeste,50.32,58.55,8.23,67.12,8.57,0.19,0.16,8.8,5.0,4.4,5833.0,2567
2411403,Santana do Matos,RN,Nordeste,51.46,46.53,-4.93,55.1,8.57,0.19,0.16,13.2,5.2,4.53,12456.0,2568
2312106,Santana do Cariri,CE,Nordeste,94.68,80.0,-14.68,88.58,8.58,0.19,0.16,1.1,5.4,4.08,16954.0,2569
4316477,Salvador das Missões,RS,Sul,90.91,80.0,-10.91,88.59,8.59,0.19,0.16,1.8,7.0,5.85,2877.0,2570
4105508,Cianorte,PR,Sul,85.94,79.75,-6.19,88.34,8.59,0.19,0.16,8.1,7.1,5.42,79527.0,2571
2802502,General Maynard,SE,Nordeste,39.6,45.07,5.47,53.66,8.6,0.19,0.16,3.0,4.7,4.56,3037.0,2572
2613206,São João,PE,Nordeste,72.92,69.96,-2.96,78.55,8.6,0.19,0.16,5.8,5.8,4.39,23837.0,2573
4115754,Mauá da Serra,PR,Sul,84.9,80.0,-4.9,88.6,8.6,0.19,0.16,10.6,6.5,5.18,9383.0,2574
2502052,Bernardino Batista,PB,Nordeste,33.33,70.24,36.91,78.86,8.61,0.19,0.16,3.4,7.2,4.44,3504.0,2575
3202801,Itapemirim,ES,Sudeste,76.86,70.01,-6.85,78.63,8.62,0.19,0.16,13.1,6.1,5.09,39832.0,2576
4310306,Ilópolis,RS,Sul,100.0,80.0,-20.0,88.62,8.62,0.19,0.16,0.4,7.3,5.77,4157.0,2577
2301109,Aracati,CE,Nordeste,86.79,80.0,-6.79,88.63,8.63,0.19,0.16,1.2,6.9,4.43,75113.0,2578
3145703,Oliveira Fortes,MG,Sudeste,92.31,75.36,-16.95,83.99,8.63,0.19,0.16,1.1,5.5,4.78,2027.0,2579
2922730,Nova Fátima,BA,Nordeste,64.84,62.74,-2.1,71.38,8.64,0.19,0.16,16.2,4.7,4.47,7967.0,2580
4113700,Londrina,PR,Sul,80.34,76.64,-3.7,85.28,8.64,0.19,0.16,5.1,7.0,5.51,555965.0,2581
2924405,Pilão Arcado,BA,Nordeste,45.04,48.31,3.27,56.95,8.65,0.19,0.16,24.9,4.1,3.95,35357.0,2582
4204004,Catanduvas,SC,Sul,80.06,73.74,-6.32,82.39,8.65,0.19,0.16,6.1,6.3,5.4,10566.0,2583
2103000,Caxias,MA,Nordeste,61.08,61.08,-0.0,69.73,8.65,0.19,0.16,8.1,5.5,4.44,156973.0,2584
2313401,Tianguá,CE,Nordeste,90.31,80.0,-10.31,88.65,8.65,0.19,0.16,0.7,6.4,4.38,81506.0,2585
4217550,Serra Alta,SC,Sul,92.68,80.0,-12.68,88.66,8.66,0.19,0.16,2.4,6.6,5.74,3303.0,2586
4216255,São João do Oeste,SC,Sul,93.06,80.0,-13.06,88.66,8.66,0.19,0.16,3.0,7.6,5.73,6295.0,2587
3202553,Ibitirama,ES,Sudeste,82.56,76.66,-5.9,85.32,8.67,0.19,0.16,6.6,6.4,4.84,9520.0,2588
4208401,Itapiranga,SC,Sul,85.98,75.44,-10.54,84.1,8.67,0.19,0.16,5.7,7.2,5.57,16638.0,2589
1503507,Irituia,PA,Norte,54.52,61.91,7.39,70.59,8.67,0.19,0.16,14.8,5.7,4.17,30955.0,2590
2904605,Brumado,BA,Nordeste,69.01,66.13,-2.88,74.8,8.67,0.19,0.16,10.6,5.8,4.66,70510.0,2591
2605400,Feira Nova,PE,Nordeste,89.69,80.0,-9.69,88.67,8.67,0.19,0.16,6.9,6.1,4.37,21427.0,2592
2510907,Paulista,PB,Nordeste,52.36,70.49,18.13,79.17,8.68,0.19,0.16,5.8,6.3,4.49,11834.0,2593
5201405,Aparecida de Goiânia,GO,Centro-Oeste,74.89,69.88,-5.01,78.56,8.68,0.19,0.16,7.3,5.9,5.11,527796.0,2594
2313559,Tururu,CE,Nordeste,95.46,80.0,-15.46,88.69,8.69,0.19,0.16,0.6,5.4,4.06,15412.0,2595
5220405,São Simão,GO,Centro-Oeste,83.52,76.06,-7.46,84.76,8.69,0.19,0.16,8.7,6.6,5.34,17020.0,2596
1505486,Pacajá,PA,Norte,54.82,57.39,2.57,66.09,8.7,0.19,0.16,18.3,5.0,4.47,41097.0,2597
4106456,Coronel Domingos Soares,PR,Sul,80.56,79.03,-1.53,87.73,8.7,0.19,0.16,3.0,6.4,4.88,5649.0,2598
2405405,Japi,RN,Nordeste,39.53,40.54,1.01,49.24,8.7,0.19,0.16,10.2,4.6,4.44,5117.0,2599
4321329,Taquaruçu do Sul,RS,Sul,92.86,80.0,-12.86,88.71,8.71,0.19,0.16,1.5,7.6,5.69,3119.0,2600
2507903,Juripiranga,PB,Nordeste,49.89,64.65,14.76,73.35,8.71,0.19,0.16,4.8,5.7,4.27,10012.0,2601
4105706,Clevelândia,PR,Sul,78.69,76.24,-2.45,84.95,8.71,0.19,0.16,3.3,6.3,5.25,15070.0,2602
3515905,Floreal,SP,Sudeste,92.78,80.0,-12.78,88.71,8.71,0.19,0.16,2.3,8.8,5.23,2733.0,2603
4207650,Iporã do Oeste,SC,Sul,94.29,80.0,-14.29,88.71,8.71,0.19,0.16,4.5,7.3,5.74,9335.0,2604
5220454,Senador Canedo,GO,Centro-Oeste,68.86,63.65,-5.21,72.37,8.72,0.19,0.16,8.4,5.6,5.06,155635.0,2605
1707405,Esperantina,TO,Norte,63.43,59.43,-4.0,68.15,8.71,0.19,0.16,13.6,4.6,4.33,7530.0,2606
3115706,Central de Minas,MG,Sudeste,85.56,75.27,-10.29,83.99,8.72,0.19,0.16,1.9,6.5,4.9,6171.0,2607
3129608,Ibiaí,MG,Sudeste,72.73,68.01,-4.72,76.72,8.72,0.19,0.16,1.2,5.7,4.5,6286.0,2608
3157658,Santa Helena de Minas,MG,Sudeste,73.98,69.2,-4.78,77.93,8.72,0.19,0.16,7.1,5.7,4.53,5938.0,2609
4127502,Tibagi,PR,Sul,84.41,78.74,-5.67,87.47,8.73,0.19,0.16,15.9,6.4,5.07,19961.0,2610
1507953,Tailândia,PA,Norte,56.13,57.6,1.47,66.33,8.73,0.19,0.16,13.7,5.2,4.35,72493.0,2611
3138906,Machacalis,MG,Sudeste,75.27,70.56,-4.71,79.29,8.73,0.19,0.16,0.5,5.8,4.71,6487.0,2612
4107009,Curiúva,PR,Sul,84.43,80.0,-4.43,88.73,8.73,0.19,0.16,6.5,6.6,5.16,13647.0,2613
4128807,Xambrê,PR,Sul,72.7,76.62,3.92,85.36,8.73,0.19,0.16,3.7,7.0,5.14,5798.0,2614
4205506,Fraiburgo,SC,Sul,79.6,72.85,-6.75,81.59,8.74,0.19,0.16,5.0,7.1,5.38,33481.0,2615
3120904,Curvelo,MG,Sudeste,74.51,72.24,-2.27,80.98,8.74,0.19,0.16,4.9,6.7,4.97,80665.0,2616
3110707,Cambuquira,MG,Sudeste,82.72,74.25,-8.47,82.99,8.74,0.19,0.16,2.9,6.4,5.04,12313.0,2617
3302452,Macuco,RJ,Sudeste,80.89,71.37,-9.52,80.11,8.74,0.19,0.16,20.0,6.4,5.14,5415.0,2618
2607653,Itambé,PE,Nordeste,66.87,64.0,-2.87,72.74,8.74,0.19,0.16,11.8,5.0,4.32,34935.0,2619
5003702,Dourados,MS,Centro-Oeste,62.01,59.21,-2.8,67.95,8.74,0.19,0.16,22.5,5.4,5.16,243367.0,2620
4126207,Sapopema,PR,Sul,72.57,76.35,3.78,85.09,8.74,0.19,0.16,15.9,7.2,5.07,6695.0,2621
1505007,Nova Timboteua,PA,Norte,59.2,64.6,5.4,73.37,8.77,0.19,0.16,5.6,5.8,4.24,12806.0,2622
3512704,Corumbataí,SP,Sudeste,63.36,61.01,-2.35,69.79,8.78,0.19,0.16,2.9,6.8,5.29,4195.0,2623
2109551,Ribamar Fiquene,MA,Nordeste,72.26,66.63,-5.63,75.41,8.79,0.19,0.16,4.5,4.6,4.5,7420.0,2624
5004700,Ivinhema,MS,Centro-Oeste,74.13,70.46,-3.67,79.25,8.79,0.19,0.16,17.3,6.3,5.26,27821.0,2625
2805307,Pirambu,SE,Nordeste,48.09,49.77,1.68,58.56,8.79,0.19,0.16,17.7,4.9,4.52,7913.0,2626
2210201,São José do Piauí,PI,Nordeste,94.44,80.0,-14.44,88.8,8.8,0.19,0.16,1.0,5.2,4.39,6597.0,2627
3204351,Rio Bananal,ES,Sudeste,83.29,77.04,-6.25,85.83,8.8,0.19,0.16,10.5,6.6,5.04,19274.0,2628
5107925,Sorriso,MT,Centro-Oeste,86.67,79.48,-7.19,88.28,8.8,0.19,0.16,0.5,6.4,5.13,110635.0,2629
3145208,Nova Serrana,MG,Sudeste,74.65,66.99,-7.66,75.79,8.8,0.19,0.16,1.2,6.3,5.03,105552.0,2630
2511004,Pedra Branca,PB,Nordeste,92.03,80.0,-12.03,88.8,8.8,0.19,0.16,4.7,6.0,4.33,3739.0,2631
4107900,Floresta,PR,Sul,72.93,77.99,5.06,86.8,8.81,0.19,0.16,5.2,6.7,5.09,10458.0,2632
4213203,Pomerode,SC,Sul,78.75,71.14,-7.61,79.95,8.81,0.19,0.16,3.1,7.2,5.69,34289.0,2633
2922706,Nova Canaã,BA,Nordeste,49.53,52.39,2.86,61.2,8.81,0.19,0.16,18.8,4.8,4.39,13715.0,2634
2616183,Vertente do Lério,PE,Nordeste,87.33,80.0,-7.33,88.81,8.81,0.19,0.16,5.3,7.2,4.45,7558.0,2635
2312502,São João do Jaguaribe,CE,Nordeste,85.2,79.9,-5.3,88.72,8.82,0.19,0.16,0.0,7.4,4.6,5855.0,2636
5106257,Nova Xavantina,MT,Centro-Oeste,78.46,75.45,-3.01,84.28,8.83,0.19,0.16,2.7,6.3,5.12,24345.0,2637
2100873,Araguanã,MA,Nordeste,92.19,80.0,-12.19,88.83,8.83,0.19,0.16,7.4,5.8,4.11,11181.0,2638
4127882,Tunas do Paraná,PR,Sul,70.22,71.29,1.07,80.13,8.84,0.19,0.16,4.8,5.9,4.84,6219.0,2639
2403806,Florânia,RN,Nordeste,54.27,56.75,2.48,65.59,8.84,0.19,0.16,6.3,5.3,4.4,10196.0,2640
2512309,Princesa Isabel,PB,Nordeste,75.87,80.0,4.13,88.84,8.84,0.19,0.16,1.3,8.0,4.47,21114.0,2641
2504504,Condado,PB,Nordeste,64.95,67.64,2.69,76.49,8.84,0.19,0.16,6.4,5.1,4.41,6451.0,2642
4128633,Doutor Ulysses,PR,Sul,86.47,77.95,-8.52,86.8,8.85,0.19,0.16,4.0,6.0,4.69,5697.0,2643
4106506,Coronel Vivida,PR,Sul,82.31,80.0,-2.31,88.85,8.85,0.19,0.16,3.2,7.2,5.37,23331.0,2644
3110202,Cajuri,MG,Sudeste,65.48,71.67,6.19,80.56,8.89,0.19,0.16,1.7,6.7,5.03,4088.0,2645
5002704,Campo Grande,MS,Centro-Oeste,63.52,59.88,-3.64,68.78,8.9,0.19,0.16,11.7,5.7,5.25,898100.0,2646
3112901,Caputira,MG,Sudeste,73.79,69.24,-4.55,78.15,8.91,0.19,0.16,2.7,5.7,4.76,8936.0,2647
3522000,Itaju,SP,Sudeste,65.74,66.42,0.68,75.33,8.91,0.19,0.16,0.0,7.1,5.17,3618.0,2648
2916401,Itapetinga,BA,Nordeste,57.24,58.75,1.51,67.67,8.92,0.18,0.16,22.2,5.5,4.64,65897.0,2649
2933257,Vereda,BA,Nordeste,72.2,74.0,1.8,82.93,8.93,0.18,0.16,10.5,6.0,4.56,6003.0,2650
3125101,Extrema,MG,Sudeste,74.91,68.38,-6.53,77.31,8.93,0.18,0.16,4.8,6.5,5.34,53482.0,2651
2311108,Porteiras,CE,Nordeste,94.06,80.0,-14.06,88.94,8.94,0.18,0.16,0.3,6.1,4.4,17050.0,2652
1710706,Itaguatins,TO,Norte,43.34,54.42,11.08,63.36,8.94,0.18,0.16,2.2,5.0,4.36,5172.0,2653
3115805,Centralina,MG,Sudeste,88.9,79.04,-9.86,87.98,8.94,0.18,0.16,1.6,6.0,5.08,10207.0,2654
1101708,Urupá,RO,Norte,79.23,75.09,-4.14,84.04,8.95,0.18,0.16,2.2,5.9,4.85,10725.0,2655
3145372,Novorizonte,MG,Sudeste,83.67,73.62,-10.05,82.57,8.96,0.18,0.16,0.7,,4.49,4571.0,2656
3515202,Estrela d'Oeste,SP,Sudeste,82.91,66.48,-16.43,75.44,8.96,0.18,0.15,5.8,6.8,5.31,9417.0,2657
2704104,Lagoa da Canoa,AL,Nordeste,51.97,62.07,10.1,71.03,8.96,0.18,0.15,4.3,6.7,4.4,18457.0,2658
3151206,Pirapora,MG,Sudeste,68.95,64.17,-4.78,73.14,8.97,0.18,0.15,1.9,6.0,4.96,55606.0,2659
4104204,Campo Largo,PR,Sul,77.25,76.36,-0.89,85.32,8.97,0.18,0.15,9.1,7.1,5.52,136327.0,2660
2100105,Afonso Cunha,MA,Nordeste,83.87,75.72,-8.15,84.69,8.97,0.18,0.15,5.4,5.1,3.97,6144.0,2661
1504703,Moju,PA,Norte,45.42,54.15,8.73,63.11,8.97,0.18,0.15,4.1,5.6,4.07,84094.0,2662
2409704,Pedro Avelino,RN,Nordeste,36.69,44.6,7.91,53.57,8.97,0.18,0.15,8.4,5.2,4.28,6242.0,2663
3126109,Formiga,MG,Sudeste,84.33,73.05,-11.28,82.02,8.98,0.18,0.15,0.5,7.1,5.32,68248.0,2664
4214003,Presidente Getúlio,SC,Sul,81.57,70.66,-10.91,79.64,8.98,0.18,0.15,5.2,6.5,5.52,20010.0,2665
4215653,Santa Rosa do Sul,SC,Sul,68.89,67.26,-1.63,76.25,8.99,0.18,0.15,6.6,6.8,5.43,9792.0,2666
4124053,Santa Terezinha de Itaipu,PR,Sul,84.53,80.0,-4.53,88.99,8.99,0.18,0.15,2.5,7.8,5.36,24262.0,2667
2918704,Lafaiete Coutinho,BA,Nordeste,71.27,73.41,2.14,82.4,8.99,0.18,0.15,2.2,6.2,4.59,4075.0,2668
2929354,São José da Vitória,BA,Nordeste,41.29,53.62,12.33,62.61,8.99,0.18,0.15,20.2,5.3,4.29,5315.0,2669
3126802,Frei Gaspar,MG,Sudeste,68.21,65.38,-2.83,74.38,9.0,0.18,0.15,2.4,5.7,4.66,5640.0,2670
4125605,São Mateus do Sul,PR,Sul,80.74,80.0,-0.74,89.02,9.02,0.18,0.15,5.7,7.3,5.37,42366.0,2671
3123700,Engenheiro Caldas,MG,Sudeste,73.92,68.65,-5.27,77.67,9.02,0.18,0.15,3.6,6.3,4.98,13622.0,2672
2110104,Santa Quitéria do Maranhão,MA,Nordeste,94.64,80.0,-14.64,89.02,9.02,0.18,0.15,3.3,5.6,4.14,23957.0,2673
2209104,Santa Cruz do Piauí,PI,Nordeste,77.87,80.0,2.13,89.03,9.03,0.18,0.15,5.1,6.7,4.2,5831.0,2674
1720200,São Miguel do Tocantins,TO,Norte,53.09,50.63,-2.46,59.66,9.03,0.18,0.15,9.4,4.5,4.49,13241.0,2675
5206305,Cristianópolis,GO,Centro-Oeste,84.16,80.0,-4.16,89.04,9.04,0.18,0.15,4.2,6.1,5.21,3504.0,2676
2103158,Centro do Guilherme,MA,Nordeste,89.96,80.0,-9.96,89.04,9.04,0.18,0.15,3.4,6.0,4.18,12342.0,2677
4125456,São José das Palmeiras,PR,Sul,80.7,80.0,-0.7,89.04,9.04,0.18,0.15,7.9,6.8,5.28,3957.0,2678
2304202,Crato,CE,Nordeste,91.83,80.0,-11.83,89.05,9.05,0.18,0.15,1.2,6.6,4.37,131050.0,2679
3145109,Nova Resende,MG,Sudeste,86.77,74.26,-12.51,83.32,9.07,0.18,0.15,1.3,6.6,5.28,16387.0,2680
2921203,Miguel Calmon,BA,Nordeste,64.36,63.27,-1.09,72.34,9.07,0.18,0.15,14.1,5.1,4.32,24661.0,2681
2206209,Miguel Alves,PI,Nordeste,57.46,58.41,0.95,67.48,9.07,0.18,0.15,15.4,4.4,4.07,32150.0,2682
1705102,Chapada da Natividade,TO,Norte,53.78,63.91,10.13,73.0,9.09,0.18,0.15,8.2,5.1,4.56,3117.0,2683
4305603,Colorado,RS,Sul,81.82,71.38,-10.44,80.48,9.09,0.18,0.15,4.0,7.2,5.85,3258.0,2684
4217600,Siderópolis,SC,Sul,81.82,70.39,-11.43,79.5,9.1,0.18,0.15,4.3,6.5,5.51,13714.0,2685
4128609,Verê,PR,Sul,79.08,80.0,0.92,89.1,9.1,0.18,0.15,0.6,7.3,5.41,7932.0,2686
2803807,Malhada dos Bois,SE,Nordeste,65.52,58.96,-6.56,68.07,9.11,0.18,0.15,3.5,5.6,4.53,3579.0,2687
2201606,Beneditinos,PI,Nordeste,76.31,78.64,2.33,87.75,9.11,0.18,0.15,7.7,6.1,4.09,9929.0,2688
5200902,Amorinópolis,GO,Centro-Oeste,85.0,75.0,-10.0,84.11,9.11,0.18,0.15,0.6,5.8,5.11,3007.0,2689
3144607,Nepomuceno,MG,Sudeste,70.92,66.33,-4.59,75.44,9.11,0.18,0.15,0.6,6.2,4.97,25018.0,2690
3151800,Poços de Caldas,MG,Sudeste,81.97,68.59,-13.38,77.7,9.12,0.18,0.15,8.0,6.1,5.47,163742.0,2691
2509008,Manaíra,PB,Nordeste,87.54,80.0,-7.54,89.13,9.13,0.18,0.15,4.0,6.1,4.1,10434.0,2692
4304309,Cândido Godói,RS,Sul,88.24,77.52,-10.72,86.65,9.13,0.18,0.15,2.5,7.4,5.71,6294.0,2693
2806206,Salgado,SE,Nordeste,57.2,55.21,-1.99,64.34,9.13,0.18,0.15,12.2,5.6,4.42,20279.0,2694
4323770,Westfália,RS,Sul,92.0,80.0,-12.0,89.14,9.14,0.18,0.15,3.1,7.0,5.93,3098.0,2695
5215306,Orizona,GO,Centro-Oeste,89.4,80.0,-9.4,89.14,9.14,0.18,0.15,2.4,6.3,5.16,16399.0,2696
4119400,Piraí do Sul,PR,Sul,81.51,76.17,-5.34,85.32,9.14,0.18,0.15,2.5,6.8,5.26,23651.0,2697
1507466,São João da Ponta,PA,Norte,46.8,57.09,10.29,66.24,9.16,0.18,0.15,7.3,5.6,4.17,4430.0,2698
2306702,Jaguaretama,CE,Nordeste,88.5,80.0,-8.5,89.16,9.16,0.18,0.15,1.4,6.8,4.45,17232.0,2699
2210805,Simplício Mendes,PI,Nordeste,80.44,80.0,-0.44,89.17,9.17,0.18,0.15,0.9,6.4,4.26,13870.0,2700
2927804,Santa Cruz da Vitória,BA,Nordeste,66.27,61.83,-4.44,71.01,9.17,0.18,0.15,13.7,4.9,4.44,4681.0,2701
2404002,Frutuoso Gomes,RN,Nordeste,10.71,45.07,34.36,54.24,9.18,0.18,0.15,5.8,5.5,4.51,4122.0,2702
3165552,Setubinha,MG,Sudeste,60.0,63.76,3.76,72.93,9.18,0.18,0.15,0.4,5.9,4.3,9917.0,2703
1301704,Humaitá,AM,Norte,62.62,64.56,1.94,73.75,9.19,0.18,0.15,7.0,6.0,4.45,57473.0,2704
2205854,Madeiro,PI,Nordeste,70.08,70.58,0.5,79.77,9.19,0.18,0.15,1.9,5.1,4.19,8032.0,2705
3201704,Conceição do Castelo,ES,Sudeste,86.81,78.58,-8.23,87.76,9.19,0.18,0.15,4.6,6.2,5.16,11937.0,2706
3200409,Anchieta,ES,Sudeste,87.28,80.0,-7.28,89.19,9.19,0.18,0.15,7.0,7.0,5.26,29984.0,2707
2307403,Jucás,CE,Nordeste,83.97,80.0,-3.97,89.2,9.2,0.18,0.15,0.3,6.8,4.22,23922.0,2708
1101104,Itapuã do Oeste,RO,Norte,85.43,80.0,-5.43,89.2,9.2,0.18,0.15,4.9,6.0,4.71,8548.0,2709
3133758,Itaú de Minas,MG,Sudeste,88.88,76.88,-12.0,86.09,9.2,0.18,0.15,0.0,7.2,5.31,14406.0,2710
3543253,Ribeirão Grande,SP,Sudeste,83.0,71.41,-11.59,80.61,9.21,0.18,0.15,1.8,7.3,5.1,7450.0,2711
1505908,Porto de Moz,PA,Norte,74.5,75.93,1.43,85.15,9.22,0.18,0.15,14.2,7.0,3.67,40597.0,2712
2926657,Ribeirão do Largo,BA,Nordeste,64.7,62.98,-1.72,72.2,9.22,0.18,0.15,17.5,4.8,4.38,9740.0,2713
4117701,Palmeira,PR,Sul,79.37,75.47,-3.9,84.69,9.22,0.18,0.15,8.4,6.6,5.37,33855.0,2714
5207535,Faina,GO,Centro-Oeste,78.58,76.51,-2.07,85.73,9.22,0.18,0.15,8.5,5.8,4.92,7070.0,2715
3110608,Cambuí,MG,Sudeste,81.6,72.15,-9.45,81.38,9.22,0.18,0.15,1.4,6.8,5.35,29536.0,2716
5213103,Mineiros,GO,Centro-Oeste,87.0,80.0,-7.0,89.23,9.23,0.18,0.15,5.3,6.6,5.19,70081.0,2717
3114303,Carmo do Paranaíba,MG,Sudeste,80.71,74.83,-5.88,84.07,9.23,0.18,0.15,1.4,7.3,5.23,29011.0,2718
3134400,Iturama,MG,Sudeste,71.07,67.44,-3.63,76.68,9.23,0.18,0.15,2.8,6.3,5.11,38295.0,2719
4124004,Santana do Itararé,PR,Sul,74.52,79.02,4.5,88.26,9.23,0.18,0.15,2.7,6.8,5.13,5514.0,2720
3100807,Aguanil,MG,Sudeste,89.63,80.0,-9.63,89.24,9.24,0.18,0.15,2.5,6.9,5.18,4357.0,2721
2801900,Cumbe,SE,Nordeste,70.77,61.28,-9.49,70.52,9.24,0.18,0.15,13.1,5.0,4.62,3824.0,2722
3113503,Carbonita,MG,Sudeste,79.7,71.84,-7.86,81.08,9.24,0.18,0.15,0.2,6.1,4.92,8512.0,2723
3304706,Santo Antônio de Pádua,RJ,Sudeste,81.37,72.76,-8.61,82.01,9.25,0.18,0.15,7.6,6.6,5.0,41325.0,2724
5205497,Cidade Ocidental,GO,Centro-Oeste,66.36,65.11,-1.25,74.35,9.25,0.18,0.15,9.0,5.8,5.04,91767.0,2725
4203154,Calmon,SC,Sul,65.79,71.04,5.25,80.29,9.25,0.18,0.15,3.4,6.2,5.0,3443.0,2726
2929057,São Félix do Coribe,BA,Nordeste,63.83,66.96,3.13,76.21,9.26,0.18,0.15,2.1,6.2,4.55,15194.0,2727
2600104,Afogados da Ingazeira,PE,Nordeste,85.05,72.87,-12.18,82.13,9.26,0.18,0.15,6.3,6.4,4.6,40241.0,2728
2302404,Boa Viagem,CE,Nordeste,90.27,80.0,-10.27,89.26,9.26,0.18,0.15,4.2,6.6,4.26,50411.0,2729
3544707,Sagres,SP,Sudeste,88.57,74.76,-13.81,84.02,9.26,0.18,0.15,5.1,6.5,5.22,2474.0,2730
2515930,Sertãozinho,PB,Nordeste,66.75,65.47,-1.28,74.74,9.27,0.18,0.15,8.0,5.6,4.32,5054.0,2731
3201902,Domingos Martins,ES,Sudeste,85.66,80.0,-5.66,89.27,9.27,0.18,0.15,3.5,7.1,5.2,35416.0,2732
3131703,Itabira,MG,Sudeste,75.02,68.12,-6.9,77.4,9.29,0.18,0.15,2.5,6.3,5.28,113343.0,2733
2513943,São Domingos do Cariri,PB,Nordeste,69.0,80.0,11.0,89.29,9.29,0.18,0.15,1.5,8.0,4.47,2585.0,2734
3144300,Nanuque,MG,Sudeste,67.46,65.46,-2.0,74.75,9.29,0.18,0.15,3.4,6.3,4.82,35038.0,2735
3133501,Itapecerica,MG,Sudeste,81.09,75.85,-5.24,85.14,9.3,0.18,0.15,1.3,7.0,5.01,21046.0,2736
2112456,Turilândia,MA,Nordeste,72.43,67.74,-4.69,77.04,9.3,0.18,0.15,8.7,4.9,4.19,31638.0,2737
3551306,Sebastianópolis do Sul,SP,Sudeste,100.0,80.0,-20.0,89.3,9.3,0.18,0.15,0.9,7.9,5.54,3130.0,2738
3103751,Araporã,MG,Sudeste,79.46,70.92,-8.54,80.22,9.3,0.18,0.15,10.9,5.8,5.13,8479.0,2739
2513505,Santana de Mangueira,PB,Nordeste,96.96,80.0,-16.96,89.32,9.32,0.18,0.15,8.9,6.3,4.13,5010.0,2740
2918803,Laje,BA,Nordeste,64.4,62.63,-1.77,71.96,9.32,0.18,0.15,11.3,5.4,4.42,21052.0,2741
3118304,Conselheiro Lafaiete,MG,Sudeste,84.05,72.06,-11.99,81.38,9.32,0.18,0.15,4.8,7.0,5.42,131621.0,2742
2915502,Itajuípe,BA,Nordeste,60.8,55.59,-5.21,64.92,9.33,0.18,0.15,25.0,4.6,4.33,18781.0,2743
3169000,Tocantins,MG,Sudeste,74.26,68.72,-5.54,78.06,9.34,0.18,0.15,1.3,6.3,5.01,16185.0,2744
2403905,Francisco Dantas,RN,Nordeste,61.9,61.76,-0.14,71.11,9.34,0.18,0.15,11.9,5.7,4.53,2700.0,2745
3203601,Mucurici,ES,Sudeste,86.5,80.0,-6.5,89.35,9.35,0.18,0.15,6.7,6.6,4.65,5466.0,2746
3126703,Francisco Sá,MG,Sudeste,61.63,59.89,-1.74,69.24,9.35,0.18,0.15,1.0,5.6,4.51,23476.0,2747
2400109,Acari,RN,Nordeste,54.07,61.25,7.18,70.61,9.35,0.17,0.15,2.1,6.4,4.63,10597.0,2748
2507408,Jericó,PB,Nordeste,47.37,66.22,18.85,75.57,9.35,0.17,0.15,18.2,6.3,4.39,7516.0,2749
5208905,Goiás,GO,Centro-Oeste,79.76,73.32,-6.44,82.68,9.36,0.17,0.15,6.3,6.2,5.09,24071.0,2750
2902906,Barra do Choça,BA,Nordeste,52.15,56.65,4.5,66.01,9.36,0.17,0.15,15.9,5.1,4.47,36539.0,2751
3110103,Caiana,MG,Sudeste,61.76,68.81,7.05,78.19,9.38,0.17,0.15,10.7,6.6,4.98,5304.0,2752
3141603,Mercês,MG,Sudeste,93.14,80.0,-13.14,89.38,9.38,0.17,0.15,1.6,6.5,4.79,10373.0,2753
1720853,Sucupira,TO,Norte,76.26,78.65,2.39,88.03,9.38,0.17,0.15,3.0,6.0,4.79,1577.0,2754
3301876,Iguaba Grande,RJ,Sudeste,78.1,70.78,-7.32,80.17,9.39,0.17,0.15,15.0,6.8,5.18,27920.0,2755
3127800,Grão Mogol,MG,Sudeste,83.02,75.43,-7.59,84.82,9.39,0.17,0.15,0.9,6.5,4.5,13901.0,2756
5107883,Serra Nova Dourada,MT,Centro-Oeste,84.38,72.24,-12.14,81.64,9.4,0.17,0.15,5.6,4.8,4.85,1800.0,2757
1501782,Breu Branco,PA,Norte,55.7,53.58,-2.12,62.98,9.4,0.17,0.15,14.6,4.6,4.3,45712.0,2758
2410801,Riacho de Santana,RN,Nordeste,72.21,63.11,-9.1,72.51,9.4,0.17,0.15,7.1,5.5,4.53,4127.0,2759
3154903,Rio Casca,MG,Sudeste,76.05,69.36,-6.69,78.77,9.41,0.17,0.15,13.0,5.4,4.95,12789.0,2760
3109105,Bueno Brandão,MG,Sudeste,69.34,71.06,1.72,80.47,9.41,0.17,0.15,1.2,7.1,5.18,10911.0,2761
3127370,Goiabeira,MG,Sudeste,82.13,73.47,-8.66,82.88,9.41,0.17,0.15,2.5,5.8,5.0,2830.0,2762
1200427,Rodrigues Alves,AC,Norte,67.07,65.0,-2.07,74.41,9.41,0.17,0.15,7.9,5.6,4.18,14938.0,2763
3529807,Mineiros do Tietê,SP,Sudeste,71.04,62.17,-8.87,71.59,9.41,0.17,0.15,3.9,6.8,5.2,11230.0,2764
3543006,Ribeirão Branco,SP,Sudeste,80.17,66.05,-14.12,75.46,9.41,0.17,0.15,1.2,6.7,4.82,18627.0,2765
1506583,Santa Maria das Barreiras,PA,Norte,73.35,66.32,-7.03,75.74,9.42,0.17,0.15,12.9,4.8,4.53,16548.0,2766
3138609,Lima Duarte,MG,Sudeste,63.47,62.57,-0.9,72.0,9.43,0.17,0.15,1.6,6.1,4.9,17221.0,2767
2104602,Governador Eugênio Barros,MA,Nordeste,74.83,65.93,-8.9,75.37,9.44,0.17,0.15,9.5,4.7,4.47,13930.0,2768
3105400,Barão de Cocais,MG,Sudeste,78.21,68.92,-9.29,78.36,9.44,0.17,0.15,7.6,6.1,5.32,30778.0,2769
2309607,Pacajus,CE,Nordeste,87.37,80.0,-7.37,89.44,9.44,0.17,0.15,1.8,7.1,4.59,70983.0,2770
2509339,Matinhas,PB,Nordeste,94.53,79.59,-14.94,89.03,9.44,0.17,0.15,8.2,6.1,4.42,4571.0,2771
2925105,Poções,BA,Nordeste,59.99,61.22,1.23,70.67,9.45,0.17,0.15,15.4,5.7,4.51,48293.0,2772
3157278,Santa Bárbara do Monte Verde,MG,Sudeste,53.89,65.47,11.58,74.91,9.45,0.17,0.15,11.9,6.3,4.87,3095.0,2773
5007406,Rio Verde de Mato Grosso,MS,Centro-Oeste,60.78,63.0,2.22,72.46,9.45,0.17,0.15,13.8,5.6,5.11,19818.0,2774
3103900,Araújos,MG,Sudeste,84.27,76.71,-7.56,86.16,9.46,0.17,0.15,0.9,7.2,5.24,9199.0,2775
3101607,Alfenas,MG,Sudeste,76.61,69.07,-7.54,78.53,9.46,0.17,0.15,1.7,6.8,5.27,78970.0,2776
4104253,Campo Magro,PR,Sul,73.73,69.47,-4.26,78.93,9.46,0.17,0.15,6.7,6.0,5.36,30160.0,2777
4108320,Francisco Alves,PR,Sul,80.06,73.95,-6.11,83.42,9.47,0.17,0.15,13.4,5.6,5.21,8116.0,2778
2312403,São Gonçalo do Amarante,CE,Nordeste,94.34,80.0,-14.34,89.47,9.47,0.17,0.15,1.2,6.8,4.59,54143.0,2779
2508703,Mãe d'Água,PB,Nordeste,74.19,74.62,0.43,84.09,9.48,0.17,0.15,1.9,6.4,4.33,3583.0,2780
4125704,São Miguel do Iguaçu,PR,Sul,83.09,76.48,-6.61,85.96,9.48,0.17,0.15,4.5,6.6,5.27,29122.0,2781
2101400,Balsas,MA,Nordeste,53.24,58.86,5.62,68.35,9.49,0.17,0.15,11.2,5.5,4.65,101767.0,2782
5105606,Matupá,MT,Centro-Oeste,76.58,72.37,-4.21,81.86,9.49,0.17,0.15,1.8,6.6,5.07,20091.0,2783
3548203,Santo Antônio do Pinhal,SP,Sudeste,62.03,60.59,-1.44,70.08,9.49,0.17,0.15,1.3,6.7,5.25,7133.0,2784
3124609,Estrela Dalva,MG,Sudeste,93.79,80.0,-13.79,89.49,9.49,0.17,0.15,15.1,6.2,4.88,2186.0,2785
2603603,Camutanga,PE,Nordeste,71.45,67.57,-3.88,77.07,9.49,0.17,0.15,6.2,5.3,4.13,7750.0,2786
5000856,Angélica,MS,Centro-Oeste,88.05,80.0,-8.05,89.49,9.49,0.17,0.15,15.8,6.2,5.16,10729.0,2787
2800209,Aquidabã,SE,Nordeste,37.51,46.3,8.79,55.8,9.5,0.17,0.15,7.6,4.8,4.23,20131.0,2788
1502400,Castanhal,PA,Norte,43.11,50.0,6.89,59.51,9.51,0.17,0.15,17.2,5.3,4.46,192256.0,2789
3101631,Alfredo Vasconcelos,MG,Sudeste,85.44,75.66,-9.78,85.17,9.51,0.17,0.15,1.6,6.5,5.36,6931.0,2790
3150703,Pirajuba,MG,Sudeste,76.2,71.26,-4.94,80.77,9.51,0.17,0.15,8.8,6.2,5.08,5537.0,2791
4208955,Jardinópolis,SC,Sul,92.31,80.0,-12.31,89.51,9.51,0.17,0.15,4.0,7.1,5.55,1776.0,2792
3119906,Córrego do Bom Jesus,MG,Sudeste,86.96,76.6,-10.36,86.12,9.52,0.17,0.15,0.8,6.4,5.47,4272.0,2793
3108008,Bom Sucesso,MG,Sudeste,80.64,73.22,-7.42,82.74,9.52,0.17,0.15,3.5,6.7,4.87,17151.0,2794
3201407,Castelo,ES,Sudeste,83.91,75.76,-8.15,85.28,9.52,0.17,0.15,8.2,6.6,5.16,36930.0,2795
5207402,Edéia,GO,Centro-Oeste,90.53,80.0,-10.53,89.53,9.53,0.17,0.15,1.7,6.6,5.24,11747.0,2796
2932002,Uauá,BA,Nordeste,63.29,61.72,-1.57,71.25,9.53,0.17,0.15,4.1,5.2,4.53,24665.0,2797
4305934,Coronel Pilar,RS,Sul,83.33,80.0,-3.33,89.53,9.53,0.17,0.15,0.0,6.8,5.79,1607.0,2798
1703800,Buriti do Tocantins,TO,Norte,60.7,62.0,1.3,71.53,9.53,0.17,0.15,15.5,5.5,4.47,10307.0,2799
3506409,Bilac,SP,Sudeste,83.12,69.54,-13.58,79.09,9.54,0.17,0.15,3.0,7.4,5.56,7319.0,2800
3104908,Baependi,MG,Sudeste,85.34,74.77,-10.57,84.31,9.55,0.17,0.14,5.2,6.3,4.97,18366.0,2801
3133907,Itaverava,MG,Sudeste,82.35,78.0,-4.35,87.55,9.55,0.17,0.14,1.1,6.8,4.83,5642.0,2802
4214201,Quilombo,SC,Sul,76.54,73.15,-3.39,82.7,9.55,0.17,0.14,4.0,6.9,5.35,11022.0,2803
4202073,Balneário Gaivota,SC,Sul,63.82,61.0,-2.82,70.56,9.56,0.17,0.14,8.3,5.9,5.39,15669.0,2804
4207858,Irati,SC,Sul,90.0,80.0,-10.0,89.56,9.56,0.17,0.14,0.7,6.7,5.34,2069.0,2805
3203106,Jerônimo Monteiro,ES,Sudeste,80.6,74.69,-5.91,84.27,9.58,0.17,0.14,5.4,6.4,4.8,11575.0,2806
5204508,Caldas Novas,GO,Centro-Oeste,69.0,68.96,-0.04,78.54,9.59,0.17,0.14,7.3,6.1,5.15,98622.0,2807
4211256,Morro Grande,SC,Sul,95.65,75.36,-20.29,84.95,9.59,0.17,0.14,2.4,6.1,5.58,3010.0,2808
2110609,São Bernardo,MA,Nordeste,85.86,76.94,-8.92,86.53,9.6,0.17,0.14,3.8,6.0,4.11,26943.0,2809
4102901,Bituruna,PR,Sul,86.8,80.0,-6.8,89.6,9.6,0.17,0.14,2.3,7.0,5.22,15533.0,2810
2414605,Upanema,RN,Nordeste,50.85,49.01,-1.84,58.61,9.6,0.17,0.14,9.2,5.2,4.42,13577.0,2811
2513968,São Domingos,PB,Nordeste,86.21,80.0,-6.21,89.6,9.6,0.17,0.14,14.0,7.1,4.51,2595.0,2812
3118007,Congonhas,MG,Sudeste,80.9,67.6,-13.3,77.2,9.6,0.17,0.14,4.3,6.7,5.26,52890.0,2813
4123501,Santa Helena,PR,Sul,85.67,79.55,-6.12,89.16,9.61,0.17,0.14,4.3,7.5,5.45,25492.0,2814
3532868,Nova Castilho,SP,Sudeste,,58.96,,68.57,9.61,0.17,0.14,0.0,6.6,4.98,1062.0,2815
4120655,Quarto Centenário,PR,Sul,82.5,79.93,-2.57,89.55,9.61,0.17,0.14,4.0,6.8,5.19,4201.0,2816
3536257,Parisi,SP,Sudeste,87.47,78.18,-9.29,87.8,9.62,0.17,0.14,1.6,7.1,5.05,2892.0,2817
3141207,Matutina,MG,Sudeste,87.82,80.0,-7.82,89.62,9.62,0.17,0.14,2.2,6.4,5.07,3814.0,2818
4128500,Wenceslau Braz,PR,Sul,81.88,80.0,-1.88,89.63,9.63,0.17,0.14,8.9,7.3,5.13,19188.0,2819
4309258,Guabiju,RS,Sul,90.0,72.0,-18.0,81.63,9.63,0.17,0.14,1.5,7.8,5.7,1417.0,2820
2928109,Santa Maria da Vitória,BA,Nordeste,54.2,54.29,0.09,63.93,9.64,0.17,0.14,7.5,5.0,4.34,38604.0,2821
2708709,São Miguel dos Milagres,AL,Nordeste,50.23,55.68,5.45,65.31,9.64,0.17,0.14,3.9,5.0,4.65,8482.0,2822
3201001,Boa Esperança,ES,Sudeste,86.03,78.15,-7.88,87.79,9.64,0.17,0.14,4.7,6.5,4.83,13608.0,2823
4102000,Assis Chateaubriand,PR,Sul,86.35,80.0,-6.35,89.64,9.64,0.17,0.14,2.4,7.2,5.51,36808.0,2824
3142403,Moema,MG,Sudeste,88.97,80.0,-8.97,89.64,9.64,0.17,0.14,0.9,7.4,5.31,7548.0,2825
4122404,Rolândia,PR,Sul,80.13,76.39,-3.74,86.03,9.64,0.17,0.14,8.5,6.9,5.31,71670.0,2826
2920106,Mairi,BA,Nordeste,56.32,59.43,3.11,69.08,9.65,0.17,0.14,9.5,5.2,4.23,17674.0,2827
2301406,Aratuba,CE,Nordeste,87.27,80.0,-7.27,89.65,9.65,0.17,0.14,0.8,6.5,4.37,11224.0,2828
4117057,Nova Laranjeiras,PR,Sul,83.28,78.59,-4.69,88.24,9.66,0.17,0.14,10.9,7.3,5.08,12074.0,2829
1303957,São Sebastião do Uatumã,AM,Norte,61.82,65.35,3.53,75.01,9.66,0.17,0.14,4.9,5.7,4.08,11670.0,2830
4100806,Alvorada do Sul,PR,Sul,68.46,74.3,5.84,83.97,9.66,0.17,0.14,7.1,6.8,5.14,10326.0,2831
2406155,Jundiá,RN,Nordeste,55.56,50.0,-5.56,59.66,9.66,0.17,0.14,20.2,5.5,4.28,3739.0,2832
2927705,Santa Cruz Cabrália,BA,Nordeste,53.7,59.22,5.52,68.9,9.68,0.17,0.14,13.0,5.6,4.6,29185.0,2833
3159704,Santa Rosa da Serra,MG,Sudeste,85.0,76.16,-8.84,85.85,9.69,0.17,0.14,0.9,6.8,5.02,3382.0,2834
4202537,Bom Jesus,SC,Sul,83.79,71.9,-11.89,81.59,9.69,0.17,0.14,12.1,6.3,5.41,2777.0,2835
2103802,Dom Pedro,MA,Nordeste,60.8,59.19,-1.61,68.88,9.69,0.17,0.14,4.9,5.8,4.42,23053.0,2836
5205208,Caturaí,GO,Centro-Oeste,86.32,73.8,-12.52,83.49,9.69,0.17,0.14,6.6,5.4,5.07,5184.0,2837
4101606,Arapoti,PR,Sul,82.84,77.47,-5.37,87.16,9.69,0.17,0.14,7.5,6.9,5.27,25777.0,2838
3163805,São Miguel do Anta,MG,Sudeste,91.64,77.17,-14.47,86.87,9.7,0.17,0.14,5.6,6.2,4.75,6334.0,2839
2207306,Paes Landim,PI,Nordeste,55.56,65.35,9.79,75.05,9.71,0.17,0.14,4.2,5.8,4.31,4088.0,2840
1721208,Tocantinópolis,TO,Norte,48.57,55.61,7.04,65.33,9.71,0.17,0.14,6.3,5.7,4.64,22615.0,2841
2111573,São Pedro dos Crentes,MA,Nordeste,56.89,59.12,2.23,68.84,9.72,0.17,0.14,3.7,5.3,4.51,5783.0,2842
1709500,Gurupi,TO,Norte,64.26,61.46,-2.8,71.18,9.72,0.17,0.14,4.2,6.3,5.12,85125.0,2843
3129509,Ibiá,MG,Sudeste,70.04,65.74,-4.3,75.47,9.73,0.17,0.14,4.9,6.1,5.2,22229.0,2844
2508307,Lagoa Seca,PB,Nordeste,79.17,72.85,-6.32,82.58,9.73,0.17,0.14,4.2,6.0,4.47,27730.0,2845
2411908,São Francisco do Oeste,RN,Nordeste,84.13,67.95,-16.18,77.69,9.73,0.17,0.14,8.6,5.7,4.51,4161.0,2846
2102036,Bom Jesus das Selvas,MA,Nordeste,80.43,71.37,-9.06,81.1,9.73,0.17,0.14,3.6,5.5,4.29,28599.0,2847
4124400,Santo Antônio do Sudoeste,PR,Sul,87.66,79.72,-7.94,89.46,9.74,0.17,0.14,5.1,6.6,5.29,23673.0,2848
3522158,Itaoca,SP,Sudeste,81.82,69.99,-11.83,79.72,9.74,0.17,0.14,0.4,6.7,4.83,3422.0,2849
3204658,São Domingos do Norte,ES,Sudeste,94.48,80.0,-14.48,89.75,9.75,0.17,0.14,3.4,6.4,4.92,8589.0,2850
2104651,Governador Newton Bello,MA,Nordeste,88.84,74.17,-14.67,83.92,9.75,0.17,0.14,12.5,4.8,4.24,10713.0,2851
3111200,Campo Belo,MG,Sudeste,86.6,74.35,-12.25,84.11,9.75,0.17,0.14,0.9,6.7,5.27,52277.0,2852
3147501,Passabém,MG,Sudeste,100.0,80.0,-20.0,89.76,9.76,0.17,0.14,0.0,,5.12,1600.0,2853
2923357,Ourolândia,BA,Nordeste,52.24,47.31,-4.93,57.08,9.77,0.17,0.14,17.6,4.5,4.35,19243.0,2854
5005004,Jardim,MS,Centro-Oeste,58.31,56.15,-2.16,65.93,9.77,0.17,0.14,18.0,5.5,5.1,23981.0,2855
3108305,Borda da Mata,MG,Sudeste,80.2,72.35,-7.85,82.12,9.78,0.17,0.14,1.4,7.0,5.24,17404.0,2856
2702405,Delmiro Gouveia,AL,Nordeste,49.8,53.49,3.69,63.28,9.79,0.17,0.14,7.5,5.3,4.54,51318.0,2857
3202900,Itarana,ES,Sudeste,82.99,78.9,-4.09,88.68,9.79,0.17,0.14,4.6,7.1,5.11,10597.0,2858
5106752,Pontes e Lacerda,MT,Centro-Oeste,78.48,73.6,-4.88,83.39,9.79,0.17,0.14,2.6,6.2,5.08,52018.0,2859
3149705,Perdigão,MG,Sudeste,92.23,80.0,-12.23,89.79,9.79,0.16,0.14,1.6,7.3,5.18,12268.0,2860
2205904,Manoel Emídio,PI,Nordeste,91.1,80.0,-11.1,89.79,9.79,0.16,0.14,6.2,5.5,4.54,5209.0,2861
2300804,Antonina do Norte,CE,Nordeste,95.45,80.0,-15.45,89.8,9.8,0.16,0.14,2.2,6.1,4.2,7245.0,2862
4126504,Sertanópolis,PR,Sul,71.2,72.96,1.76,82.77,9.81,0.16,0.14,12.3,6.6,5.28,15930.0,2863
3122355,Divisa Alegre,MG,Sudeste,73.58,64.92,-8.66,74.73,9.81,0.16,0.14,1.2,6.0,4.72,6321.0,2864
5104542,Itanhangá,MT,Centro-Oeste,82.62,80.0,-2.62,89.81,9.81,0.16,0.14,0.9,6.8,5.32,7539.0,2865
1702109,Araguaína,TO,Norte,55.46,56.25,0.79,66.07,9.82,0.16,0.14,3.4,6.0,4.88,171301.0,2866
2904308,Brejões,BA,Nordeste,71.35,66.23,-5.12,76.05,9.82,0.16,0.14,5.8,5.7,4.38,12943.0,2867
3123908,Entre Rios de Minas,MG,Sudeste,89.88,80.0,-9.88,89.82,9.82,0.16,0.14,4.2,7.5,5.24,14746.0,2868
3152105,Ponte Nova,MG,Sudeste,74.0,65.81,-8.19,75.63,9.82,0.16,0.14,5.7,6.2,5.06,57776.0,2869
2913804,Ipecaetá,BA,Nordeste,49.37,55.88,6.51,65.7,9.83,0.16,0.14,12.9,5.2,4.17,13709.0,2870
4100707,Alto Piquiri,PR,Sul,78.02,77.1,-0.92,86.92,9.83,0.16,0.14,4.0,6.5,5.16,9727.0,2871
3161007,São Domingos do Prata,MG,Sudeste,76.01,74.0,-2.01,83.83,9.83,0.16,0.14,0.8,7.0,4.96,17392.0,2872
4210035,Luzerna,SC,Sul,79.67,76.13,-3.54,85.97,9.84,0.16,0.14,3.6,7.0,5.93,5794.0,2873
2610400,Parnamirim,PE,Nordeste,66.47,63.73,-2.74,73.58,9.85,0.16,0.14,2.9,5.5,4.27,18612.0,2874
5106505,Poconé,MT,Centro-Oeste,56.23,53.7,-2.53,63.56,9.86,0.16,0.14,4.1,4.6,4.78,31217.0,2875
3106606,Bertópolis,MG,Sudeste,74.81,69.28,-5.53,79.14,9.86,0.16,0.14,4.9,5.9,4.67,4451.0,2876
4117404,Ourizona,PR,Sul,91.56,80.0,-11.56,89.87,9.87,0.16,0.14,7.7,7.1,5.48,3187.0,2877
4211454,Nova Itaberaba,SC,Sul,85.66,73.29,-12.37,83.17,9.88,0.16,0.14,4.6,6.6,5.4,4536.0,2878
2207793,Pau D'Arco do Piauí,PI,Nordeste,90.91,80.0,-10.91,89.88,9.88,0.16,0.14,7.5,,3.94,3880.0,2879
3148806,Pedra do Anta,MG,Sudeste,88.94,80.0,-8.94,89.88,9.88,0.16,0.14,9.9,6.5,4.63,3311.0,2880
2614600,Tabira,PE,Nordeste,87.1,76.14,-10.96,86.03,9.89,0.16,0.14,3.3,6.1,4.5,27681.0,2881
3114402,Carmo do Rio Claro,MG,Sudeste,78.7,71.16,-7.54,81.05,9.89,0.16,0.14,1.0,6.7,5.22,20954.0,2882
2607802,Itaquitinga,PE,Nordeste,68.81,63.53,-5.28,73.43,9.9,0.16,0.14,13.1,5.3,4.29,16554.0,2883
2510709,Passagem,PB,Nordeste,87.87,79.73,-8.14,89.63,9.9,0.16,0.14,4.0,5.9,4.57,2463.0,2884
5219258,Santa Fé de Goiás,GO,Centro-Oeste,83.33,78.26,-5.07,88.16,9.9,0.16,0.14,2.5,6.1,4.86,4951.0,2885
2508802,Malta,PB,Nordeste,83.1,73.81,-9.29,83.71,9.9,0.16,0.14,1.7,5.9,4.38,6046.0,2886
4108601,Goioerê,PR,Sul,79.8,74.87,-4.93,84.77,9.9,0.16,0.14,12.6,6.5,5.33,28437.0,2887
2506509,Gurjão,PB,Nordeste,93.53,76.34,-17.19,86.24,9.9,0.16,0.14,4.4,5.6,4.69,3242.0,2888
3127305,Galiléia,MG,Sudeste,70.16,62.98,-7.18,72.89,9.9,0.16,0.14,2.5,5.7,5.07,6222.0,2889
2414100,Tenente Ananias,RN,Nordeste,58.05,60.59,2.54,70.5,9.91,0.16,0.14,3.8,6.5,4.46,10262.0,2890
4109807,Ibiporã,PR,Sul,79.41,76.37,-3.04,86.28,9.91,0.16,0.14,12.6,6.7,5.35,51603.0,2891
1304203,Tefé,AM,Norte,50.64,53.0,2.36,62.91,9.91,0.16,0.14,9.6,5.5,4.26,73669.0,2892
3528908,Mariápolis,SP,Sudeste,68.18,66.0,-2.18,75.91,9.92,0.16,0.14,0.0,7.0,5.15,3513.0,2893
1708304,Goianorte,TO,Norte,75.32,66.28,-9.04,76.19,9.91,0.16,0.14,3.9,4.9,4.82,4738.0,2894
2806503,Santa Rosa de Lima,SE,Nordeste,52.33,49.16,-3.17,59.08,9.92,0.16,0.14,5.3,4.2,4.41,3937.0,2895
3139300,Manga,MG,Sudeste,31.37,48.4,17.03,58.32,9.92,0.16,0.14,2.9,5.8,4.46,18886.0,2896
4115309,Mariópolis,PR,Sul,78.14,78.0,-0.14,87.92,9.93,0.16,0.14,2.2,7.3,5.43,6371.0,2897
3520707,Indiaporã,SP,Sudeste,76.67,73.37,-3.3,83.3,9.93,0.16,0.14,1.6,8.0,5.09,4035.0,2898
2916104,Itaparica,BA,Nordeste,53.78,57.94,4.16,67.87,9.93,0.16,0.14,11.7,5.2,4.31,19789.0,2899
4124707,São Jerônimo da Serra,PR,Sul,87.65,80.0,-7.65,89.93,9.93,0.16,0.14,5.9,6.8,5.02,10830.0,2900
3133808,Itaúna,MG,Sudeste,89.2,74.51,-14.69,84.45,9.93,0.16,0.14,1.3,6.9,5.37,97669.0,2901
4211751,Otacílio Costa,SC,Sul,67.82,67.04,-0.78,76.98,9.93,0.16,0.14,4.9,6.7,5.66,17312.0,2902
1505700,Ponta de Pedras,PA,Norte,54.51,58.21,3.7,68.15,9.94,0.16,0.14,5.4,5.4,3.96,24984.0,2903
3202207,Fundão,ES,Sudeste,72.63,70.22,-2.41,80.16,9.94,0.16,0.14,10.6,6.5,4.99,18014.0,2904
3205069,Venda Nova do Imigrante,ES,Sudeste,89.6,80.0,-9.6,89.94,9.94,0.16,0.14,2.3,7.2,5.32,23831.0,2905
3544400,Rubiácea,SP,Sudeste,63.6,66.2,2.6,76.15,9.95,0.16,0.14,2.8,7.8,5.23,2700.0,2906
5206206,Cristalina,GO,Centro-Oeste,74.92,73.55,-1.37,83.5,9.95,0.16,0.14,5.5,5.9,5.08,62337.0,2907
2919009,Lajedinho,BA,Nordeste,71.36,64.43,-6.93,74.38,9.95,0.16,0.14,14.2,4.7,4.28,3527.0,2908
4114609,Marechal Cândido Rondon,PR,Sul,82.9,77.4,-5.5,87.36,9.96,0.16,0.14,5.9,7.0,5.42,55836.0,2909
4104501,Capanema,PR,Sul,82.16,79.13,-3.03,89.09,9.96,0.16,0.14,6.0,7.4,5.46,20481.0,2910
3513900,Divinolândia,SP,Sudeste,81.98,65.64,-16.34,75.61,9.97,0.16,0.14,0.7,6.7,5.47,11158.0,2911
4103222,Bom Sucesso do Sul,PR,Sul,86.22,80.0,-6.22,89.97,9.97,0.16,0.14,0.4,7.6,5.62,3202.0,2912
4103701,Cambé,PR,Sul,88.5,79.49,-9.01,89.47,9.98,0.16,0.14,13.1,7.0,5.46,107208.0,2913
3534203,Orindiúva,SP,Sudeste,65.13,60.97,-4.16,70.94,9.98,0.16,0.14,1.4,6.8,5.33,6024.0,2914
3300605,Bom Jesus do Itabapoana,RJ,Sudeste,72.82,68.49,-4.33,78.47,9.98,0.16,0.14,7.2,6.5,4.99,35173.0,2915
2100154,Água Doce do Maranhão,MA,Nordeste,77.15,73.23,-3.92,83.22,9.99,0.16,0.14,7.2,5.9,4.11,12142.0,2916
4113809,Lupionópolis,PR,Sul,79.91,80.0,0.09,89.99,9.99,0.16,0.14,15.8,7.1,5.36,4813.0,2917
1300029,Alvarães,AM,Norte,67.85,58.91,-8.94,68.9,9.99,0.16,0.14,12.8,4.6,4.07,15866.0,2918
3204609,Santa Teresa,ES,Sudeste,90.21,80.0,-10.21,89.99,9.99,0.16,0.14,3.7,7.1,5.27,22808.0,2919
2603702,Canhotinho,PE,Nordeste,60.49,63.51,3.02,73.54,10.02,0.16,0.14,8.9,5.9,4.38,24329.0,2920
2314003,Várzea Alegre,CE,Nordeste,93.2,80.0,-13.2,90.03,10.03,0.16,0.14,1.6,6.6,4.29,38984.0,2921
3131901,Itabirito,MG,Sudeste,85.16,69.54,-15.62,79.58,10.04,0.16,0.14,5.8,6.8,5.4,53365.0,2922
2109700,Sambaíba,MA,Nordeste,81.77,80.0,-1.77,90.05,10.05,0.16,0.14,2.7,6.8,4.33,5568.0,2923
5200159,Adelândia,GO,Centro-Oeste,81.82,80.0,-1.82,90.05,10.05,0.16,0.14,6.3,6.3,5.14,2297.0,2924
5218003,Porangatu,GO,Centro-Oeste,65.5,65.3,-0.2,75.35,10.06,0.16,0.14,5.5,5.6,5.05,44317.0,2925
3148400,Paulistas,MG,Sudeste,85.82,74.81,-11.01,84.87,10.06,0.16,0.14,0.7,5.8,4.57,4389.0,2926
3152204,Porteirinha,MG,Sudeste,79.13,71.33,-7.8,81.4,10.07,0.16,0.14,0.9,6.7,4.6,37438.0,2927
2604908,Cumaru,PE,Nordeste,85.7,78.01,-7.69,88.09,10.07,0.16,0.14,5.5,6.5,4.17,15920.0,2928
2610608,Paudalho,PE,Nordeste,75.52,71.05,-4.47,81.12,10.07,0.16,0.14,8.1,6.0,4.43,56665.0,2929
1718899,Santa Rita do Tocantins,TO,Norte,67.74,71.13,3.39,81.21,10.08,0.16,0.14,5.4,,4.68,2219.0,2930
2706505,Passo de Camaragibe,AL,Nordeste,55.07,60.12,5.05,70.2,10.08,0.16,0.14,2.2,5.6,4.42,13804.0,2931
4127858,Três Barras do Paraná,PR,Sul,92.08,79.64,-12.44,89.73,10.09,0.16,0.13,0.7,6.8,5.28,11135.0,2932
3156502,Rubelita,MG,Sudeste,84.18,80.0,-4.18,90.09,10.09,0.16,0.13,0.0,8.6,4.22,5679.0,2933
4125100,São João do Triunfo,PR,Sul,86.63,79.2,-7.43,89.29,10.09,0.16,0.13,3.2,6.8,5.08,13726.0,2934
4110805,Iretama,PR,Sul,85.78,80.0,-5.78,90.09,10.09,0.16,0.13,13.3,6.5,5.11,10684.0,2935
3111002,Campestre,MG,Sudeste,87.4,74.61,-12.79,84.7,10.1,0.16,0.13,6.8,6.7,5.27,20696.0,2936
3125606,Felisburgo,MG,Sudeste,68.9,65.58,-3.32,75.68,10.1,0.16,0.13,1.4,6.1,4.4,6489.0,2937
5006275,Paraíso das Águas,MS,Centro-Oeste,86.41,77.98,-8.43,88.08,10.1,0.16,0.13,10.5,6.1,5.17,5510.0,2938
2304459,Fortim,CE,Nordeste,88.64,80.0,-8.64,90.1,10.1,0.16,0.13,1.4,6.8,4.55,17294.0,2939
2102101,Brejo,MA,Nordeste,65.26,64.59,-0.67,74.69,10.1,0.16,0.13,6.2,5.0,4.11,34120.0,2940
5211206,Itapuranga,GO,Centro-Oeste,92.31,80.0,-12.31,90.11,10.11,0.16,0.13,4.3,6.3,5.25,26113.0,2941
4126108,São Tomé,PR,Sul,84.37,80.0,-4.37,90.11,10.11,0.16,0.13,4.1,7.4,5.26,5232.0,2942
4107736,Fernandes Pinheiro,PR,Sul,93.25,80.0,-13.25,90.12,10.12,0.16,0.13,3.7,5.8,5.07,6255.0,2943
4118402,Paranavaí,PR,Sul,86.9,80.0,-6.9,90.13,10.13,0.16,0.13,4.3,8.2,5.38,92001.0,2944
2933208,Vera Cruz,BA,Nordeste,62.65,58.46,-4.19,68.59,10.13,0.16,0.13,16.4,5.2,4.52,42529.0,2945
3303856,Paty do Alferes,RJ,Sudeste,81.04,72.82,-8.22,82.95,10.13,0.16,0.13,16.3,6.3,5.0,29619.0,2946
1506203,Salinópolis,PA,Norte,62.07,60.81,-1.26,70.94,10.14,0.16,0.13,3.8,5.3,4.22,44772.0,2947
3102407,Alvorada de Minas,MG,Sudeste,,60.0,,70.14,10.14,0.16,0.13,1.2,6.1,4.55,4159.0,2948
3147402,Paraopeba,MG,Sudeste,65.99,63.82,-2.17,73.97,10.15,0.16,0.13,1.1,6.6,5.03,24107.0,2949
3132404,Itajubá,MG,Sudeste,81.13,69.43,-11.7,79.58,10.15,0.16,0.13,3.9,6.4,5.25,93073.0,2950
2412302,São José do Campestre,RN,Nordeste,,43.28,,53.44,10.16,0.16,0.13,8.5,4.8,4.35,11121.0,2951
4215208,Romelândia,SC,Sul,60.32,65.51,5.19,75.68,10.17,0.16,0.13,5.6,6.3,5.24,4823.0,2952
2106003,Lima Campos,MA,Nordeste,84.9,80.0,-4.9,90.17,10.17,0.16,0.13,1.8,7.0,4.28,11297.0,2953
4304101,Campos Borges,RS,Sul,36.66,50.25,13.59,60.42,10.17,0.16,0.13,0.4,6.2,5.65,3613.0,2954
4111001,Itambaracá,PR,Sul,89.07,79.5,-9.57,89.67,10.17,0.16,0.13,4.7,6.1,5.02,5908.0,2955
2513356,Santa Inês,PB,Nordeste,63.16,65.81,2.65,75.99,10.17,0.16,0.13,6.6,5.2,4.64,3227.0,2956
5103452,Denise,MT,Centro-Oeste,70.87,68.63,-2.24,78.81,10.19,0.16,0.13,4.0,5.6,4.94,7014.0,2957
3122207,Divinolândia de Minas,MG,Sudeste,82.4,73.35,-9.05,83.55,10.2,0.16,0.13,5.7,6.2,4.9,6516.0,2958
2904704,Buerarema,BA,Nordeste,47.2,48.6,1.4,58.8,10.2,0.16,0.13,20.7,4.4,4.35,14804.0,2959
2301950,Barreira,CE,Nordeste,90.47,80.0,-10.47,90.21,10.21,0.16,0.13,1.0,6.5,4.4,22392.0,2960
2613602,São José do Egito,PE,Nordeste,81.49,73.35,-8.14,83.56,10.22,0.16,0.13,3.7,6.0,4.52,31004.0,2961
4318481,São José do Hortêncio,RS,Sul,87.76,79.3,-8.46,89.51,10.22,0.16,0.13,2.4,6.7,5.81,4447.0,2962
4124608,São Carlos do Ivaí,PR,Sul,93.11,79.04,-14.07,89.26,10.22,0.16,0.13,2.6,6.1,5.29,6587.0,2963
4124103,Santo Antônio da Platina,PR,Sul,69.84,69.75,-0.09,79.97,10.23,0.16,0.13,12.8,6.8,5.21,44369.0,2964
2608453,Lagoa do Carro,PE,Nordeste,63.8,63.57,-0.23,73.8,10.23,0.16,0.13,6.0,6.0,4.33,17981.0,2965
3115102,Cássia,MG,Sudeste,87.92,74.96,-12.96,85.19,10.23,0.16,0.13,1.1,6.4,5.21,17155.0,2966
5202502,Aruanã,GO,Centro-Oeste,87.59,79.9,-7.69,90.13,10.23,0.16,0.13,2.2,7.2,5.0,8300.0,2967
2807600,Umbaúba,SE,Nordeste,52.71,49.46,-3.25,59.71,10.24,0.16,0.13,14.0,5.3,4.38,23917.0,2968
2703304,Inhapi,AL,Nordeste,74.43,72.09,-2.34,82.34,10.25,0.16,0.13,4.9,6.6,4.17,15167.0,2969
2503001,Caaporã,PB,Nordeste,64.59,57.67,-6.92,67.91,10.25,0.16,0.13,14.3,4.6,4.48,21193.0,2970
2314102,Viçosa do Ceará,CE,Nordeste,87.03,80.0,-7.03,90.25,10.25,0.16,0.13,0.9,6.7,4.05,59712.0,2971
3547908,Santo Antônio da Alegria,SP,Sudeste,66.29,64.25,-2.04,74.52,10.26,0.16,0.13,1.9,7.3,5.21,6775.0,2972
3105301,Bandeira do Sul,MG,Sudeste,97.53,76.39,-21.14,86.66,10.26,0.16,0.13,2.2,6.3,5.28,5943.0,2973
2608404,Jurema,PE,Nordeste,72.72,66.23,-6.49,76.5,10.27,0.15,0.13,5.9,5.2,4.3,13648.0,2974
3169059,Tocos do Moji,MG,Sudeste,77.19,79.1,1.91,89.38,10.28,0.15,0.13,1.7,7.5,5.39,3826.0,2975
3532843,Nova Canaã Paulista,SP,Sudeste,100.0,79.4,-20.6,89.69,10.29,0.15,0.13,0.0,7.6,5.38,2032.0,2976
3125804,Fernandes Tourinho,MG,Sudeste,80.13,71.29,-8.84,81.58,10.29,0.15,0.13,2.0,5.7,4.82,2789.0,2977
3162252,São João da Lagoa,MG,Sudeste,59.19,64.42,5.23,74.71,10.3,0.15,0.13,1.3,6.2,4.56,4822.0,2978
3141801,Minas Novas,MG,Sudeste,82.11,74.69,-7.42,85.0,10.3,0.15,0.13,1.7,6.6,4.57,24405.0,2979
3117900,Congonhal,MG,Sudeste,93.7,76.42,-17.28,86.73,10.31,0.15,0.13,3.4,6.9,5.12,11083.0,2980
5008008,Terenos,MS,Centro-Oeste,82.48,69.76,-12.72,80.07,10.31,0.15,0.13,7.9,5.4,5.09,17652.0,2981
4215604,Santa Rosa de Lima,SC,Sul,90.63,80.0,-10.63,90.31,10.31,0.15,0.13,7.1,6.8,5.79,2088.0,2982
2202711,Cocal de Telha,PI,Nordeste,79.03,73.36,-5.67,83.67,10.31,0.15,0.13,11.1,5.2,4.18,4911.0,2983
2609204,Maraial,PE,Nordeste,81.54,74.21,-7.33,84.55,10.34,0.15,0.13,3.0,6.6,4.33,9359.0,2984
2901205,Anagé,BA,Nordeste,60.54,56.92,-3.62,67.27,10.35,0.15,0.13,10.9,4.7,4.37,25438.0,2985
3131802,Itabirinha,MG,Sudeste,82.44,71.96,-10.48,82.31,10.35,0.15,0.13,5.1,6.3,5.02,10362.0,2986
1501907,Bujaru,PA,Norte,64.48,65.16,0.68,75.52,10.36,0.15,0.13,6.6,5.4,3.96,24383.0,2987
2507705,Juazeirinho,PB,Nordeste,66.42,64.93,-1.49,75.29,10.36,0.15,0.13,14.6,5.3,4.54,17007.0,2988
5211503,Itumbiara,GO,Centro-Oeste,80.69,74.5,-6.19,84.88,10.37,0.15,0.13,6.2,6.9,5.29,107970.0,2989
2615201,Terra Nova,PE,Nordeste,73.23,70.57,-2.66,80.95,10.38,0.15,0.13,3.5,6.4,4.31,8920.0,2990
4117602,Palmas,PR,Sul,64.81,67.35,2.54,77.73,10.38,0.15,0.13,6.8,6.2,5.14,48247.0,2991
3105509,Barão de Monte Alto,MG,Sudeste,74.47,71.33,-3.14,81.71,10.38,0.15,0.13,1.5,6.7,4.82,4964.0,2992
3204252,Ponto Belo,ES,Sudeste,90.87,80.0,-10.87,90.39,10.39,0.15,0.13,2.4,6.3,4.79,6497.0,2993
3117504,Conceição do Mato Dentro,MG,Sudeste,83.66,68.91,-14.75,79.3,10.39,0.15,0.13,1.6,6.1,4.89,23163.0,2994
5219407,Santa Rita do Araguaia,GO,Centro-Oeste,85.73,79.29,-6.44,89.68,10.39,0.15,0.13,8.3,6.7,5.26,5924.0,2995
2600807,Altinho,PE,Nordeste,72.44,68.74,-3.7,79.14,10.39,0.15,0.13,11.3,5.9,4.25,20674.0,2996
2914901,Itacaré,BA,Nordeste,49.86,54.28,4.42,64.68,10.4,0.15,0.13,13.9,5.2,4.36,27704.0,2997
3114501,Carmópolis de Minas,MG,Sudeste,88.08,78.28,-9.8,88.68,10.4,0.15,0.13,2.3,7.1,5.11,18003.0,2998
4109757,Ibema,PR,Sul,83.17,76.09,-7.08,86.5,10.41,0.15,0.13,13.0,6.6,4.89,6218.0,2999
3507209,Borá,SP,Sudeste,75.0,67.0,-8.0,77.41,10.41,0.15,0.13,3.2,6.6,5.42,907.0,3000
2901957,Apuarema,BA,Nordeste,62.45,57.2,-5.25,67.61,10.41,0.15,0.13,17.9,4.4,4.5,6913.0,3001
3140407,Marmelópolis,MG,Sudeste,85.5,78.22,-7.28,88.64,10.42,0.15,0.13,0.5,7.1,4.71,3200.0,3002
3547403,Santa Rita d'Oeste,SP,Sudeste,78.95,69.73,-9.22,80.16,10.42,0.15,0.13,1.6,7.1,5.57,2733.0,3003
3145455,Olhos-d'Água,MG,Sudeste,74.79,73.71,-1.08,84.13,10.42,0.15,0.13,0.3,6.2,4.6,5385.0,3004
5214507,Nerópolis,GO,Centro-Oeste,81.85,73.63,-8.22,84.06,10.43,0.15,0.13,2.9,6.4,5.22,31932.0,3005
3150901,Piranguçu,MG,Sudeste,89.75,72.71,-17.04,83.15,10.43,0.15,0.13,6.0,5.7,5.32,6041.0,3006
3169802,Turvolândia,MG,Sudeste,73.96,70.39,-3.57,80.83,10.44,0.15,0.13,2.8,6.2,5.09,4935.0,3007
3117306,Conceição das Alagoas,MG,Sudeste,69.52,67.21,-2.31,77.66,10.45,0.15,0.13,3.3,6.0,5.0,28381.0,3008
2905800,Camamu,BA,Nordeste,51.44,49.88,-1.56,60.35,10.47,0.15,0.13,14.7,4.8,4.26,30469.0,3009
2503605,Caiçara,PB,Nordeste,80.29,66.42,-13.87,76.89,10.47,0.15,0.13,15.1,5.2,4.18,6602.0,3010
4108452,Foz do Jordão,PR,Sul,88.04,80.0,-8.04,90.48,10.48,0.15,0.13,14.5,6.6,5.16,4926.0,3011
3128204,Guaraciaba,MG,Sudeste,90.91,77.0,-13.91,87.48,10.48,0.15,0.13,5.1,6.5,4.79,9753.0,3012
5107305,São José do Rio Claro,MT,Centro-Oeste,84.23,76.27,-7.96,86.75,10.48,0.15,0.13,0.1,,5.02,14911.0,3013
5205059,Castelândia,GO,Centro-Oeste,84.21,80.0,-4.21,90.48,10.48,0.15,0.13,6.8,6.9,5.01,2985.0,3014
2918902,Lajedão,BA,Nordeste,81.34,68.73,-12.61,79.23,10.5,0.15,0.13,17.9,5.5,4.42,3845.0,3015
4204194,Chapadão do Lageado,SC,Sul,60.59,65.7,5.11,76.2,10.5,0.15,0.13,7.0,6.3,5.45,2950.0,3016
2917300,Ituberá,BA,Nordeste,63.98,61.26,-2.72,71.76,10.5,0.15,0.13,18.0,5.3,4.42,21902.0,3017
4114906,Marilândia do Sul,PR,Sul,84.67,75.71,-8.96,86.21,10.5,0.15,0.13,2.7,6.3,5.22,8677.0,3018
5217104,Piracanjuba,GO,Centro-Oeste,84.22,73.57,-10.65,84.08,10.51,0.15,0.13,9.9,6.2,5.31,24883.0,3019
5210000,Inhumas,GO,Centro-Oeste,93.05,80.0,-13.05,90.51,10.51,0.15,0.13,1.3,6.7,5.17,52204.0,3020
3152600,Pouso Alto,MG,Sudeste,92.17,79.12,-13.05,89.64,10.52,0.15,0.13,3.6,6.8,5.11,6566.0,3021
3140100,Marilac,MG,Sudeste,74.19,71.1,-3.09,81.63,10.52,0.15,0.13,4.1,6.6,4.77,4224.0,3022
3153905,Raposos,MG,Sudeste,67.57,63.59,-3.98,74.12,10.53,0.15,0.13,1.9,6.5,5.36,16279.0,3023
3116407,Claraval,MG,Sudeste,97.95,77.22,-20.73,87.75,10.53,0.15,0.13,1.8,6.3,5.28,4658.0,3024
3170057,Ubaporanga,MG,Sudeste,82.42,73.83,-8.59,84.37,10.54,0.15,0.13,1.7,6.5,4.88,13017.0,3025
4115853,Mercedes,PR,Sul,87.56,80.0,-7.56,90.55,10.55,0.15,0.13,1.1,8.6,5.62,5931.0,3026
3138682,Luislândia,MG,Sudeste,68.75,64.43,-4.32,74.98,10.55,0.15,0.13,1.2,5.8,4.29,6210.0,3027
4128401,Uraí,PR,Sul,84.77,78.08,-6.69,88.63,10.55,0.15,0.12,8.6,6.4,5.32,10406.0,3028
2312601,São Luís do Curu,CE,Nordeste,96.05,80.0,-16.05,90.56,10.56,0.15,0.12,2.9,5.9,4.08,10822.0,3029
2602803,Buíque,PE,Nordeste,70.19,65.75,-4.44,76.31,10.56,0.15,0.12,6.8,5.8,4.08,52097.0,3030
5215702,Palmeiras de Goiás,GO,Centro-Oeste,77.06,73.58,-3.48,84.14,10.56,0.15,0.12,4.3,6.3,5.14,31858.0,3031
3300902,Cambuci,RJ,Sudeste,82.34,74.1,-8.24,84.67,10.57,0.15,0.12,7.0,6.0,4.78,14616.0,3032
3122801,Dom Viçoso,MG,Sudeste,100.0,80.0,-20.0,90.57,10.57,0.15,0.12,2.6,7.5,5.16,3095.0,3033
2918456,Jucuruçu,BA,Nordeste,73.31,68.16,-5.15,78.74,10.58,0.15,0.12,9.6,5.4,4.4,9655.0,3034
3518008,Guarani d'Oeste,SP,Sudeste,100.0,80.0,-20.0,90.59,10.59,0.15,0.12,1.0,6.3,5.15,1968.0,3035
2924801,Piritiba,BA,Nordeste,63.07,60.7,-2.37,71.29,10.59,0.15,0.12,8.6,5.1,4.3,17566.0,3036
2931202,Taperoá,BA,Nordeste,59.61,58.28,-1.33,68.88,10.59,0.15,0.12,11.5,5.0,4.38,18044.0,3037
3136652,Juatuba,MG,Sudeste,68.37,63.15,-5.22,73.75,10.6,0.15,0.12,2.9,6.4,5.14,30716.0,3038
4100301,Agudos do Sul,PR,Sul,90.22,77.69,-12.53,88.3,10.61,0.15,0.12,5.3,6.7,5.26,10233.0,3039
3141108,Matozinhos,MG,Sudeste,73.4,63.1,-10.3,73.72,10.62,0.15,0.12,2.0,6.1,5.12,37618.0,3040
4201653,Arvoredo,SC,Sul,85.76,77.62,-8.14,88.25,10.62,0.15,0.12,1.8,7.1,5.29,2510.0,3041
3103207,Araçaí,MG,Sudeste,90.55,80.0,-10.55,90.63,10.63,0.15,0.12,1.5,6.3,4.62,2181.0,3042
3153301,Presidente Kubitschek,MG,Sudeste,92.99,77.64,-15.35,88.27,10.63,0.15,0.12,0.0,6.4,4.52,3071.0,3043
4102505,Barbosa Ferraz,PR,Sul,85.04,80.0,-5.04,90.63,10.63,0.15,0.12,6.0,7.1,5.02,10795.0,3044
3119708,Coronel Xavier Chaves,MG,Sudeste,78.52,75.91,-2.61,86.56,10.64,0.15,0.12,11.3,7.2,5.35,3486.0,3045
5200605,Alto Paraíso de Goiás,GO,Centro-Oeste,90.91,80.0,-10.91,90.65,10.65,0.15,0.12,11.3,6.0,5.09,10306.0,3046
2606002,Garanhuns,PE,Nordeste,71.64,65.62,-6.02,76.27,10.66,0.15,0.12,11.0,6.0,4.75,142506.0,3047
4119202,Pinhalão,PR,Sul,72.57,76.69,4.12,87.35,10.66,0.15,0.12,9.7,7.1,5.04,6566.0,3048
3300159,Aperibé,RJ,Sudeste,75.2,69.21,-5.99,79.88,10.66,0.15,0.12,13.2,6.3,5.13,11034.0,3049
5210901,Itapaci,GO,Centro-Oeste,94.2,79.34,-14.86,90.01,10.66,0.15,0.12,4.5,6.8,5.12,21087.0,3050
4110078,Imbaú,PR,Sul,86.18,75.61,-10.57,86.28,10.67,0.15,0.12,2.7,6.6,5.01,14249.0,3051
4218855,União do Oeste,SC,Sul,85.95,73.29,-12.66,83.96,10.67,0.15,0.12,2.9,7.1,5.45,2774.0,3052
2801702,Cristinápolis,SE,Nordeste,44.43,48.96,4.53,59.63,10.67,0.15,0.12,5.3,5.0,4.25,17100.0,3053
3168309,Taquaraçu de Minas,MG,Sudeste,81.84,72.61,-9.23,83.29,10.68,0.15,0.12,5.8,5.9,5.08,4224.0,3054
2102903,Carutapera,MA,Nordeste,71.29,67.31,-3.98,77.99,10.68,0.15,0.12,7.0,5.6,4.19,24238.0,3055
3154507,Riacho dos Machados,MG,Sudeste,79.14,73.36,-5.78,84.04,10.68,0.15,0.12,0.6,6.6,4.62,8756.0,3056
1508308,Viseu,PA,Norte,50.84,55.53,4.69,66.21,10.68,0.15,0.12,6.4,5.1,3.91,58692.0,3057
2107407,Olho d'Água das Cunhãs,MA,Nordeste,69.51,66.47,-3.04,77.15,10.68,0.15,0.12,16.1,5.7,4.33,17919.0,3058
2915809,Itambé,BA,Nordeste,41.23,46.95,5.72,57.63,10.68,0.15,0.12,18.9,4.4,4.47,24394.0,3059
4100202,Adrianópolis,PR,Sul,63.6,69.59,5.99,80.27,10.68,0.15,0.12,1.0,6.2,4.82,6256.0,3060
5000807,Anaurilândia,MS,Centro-Oeste,74.99,72.16,-2.83,82.85,10.68,0.15,0.12,15.2,5.9,5.32,7653.0,3061
2912806,Ibirapuã,BA,Nordeste,73.7,69.79,-3.91,80.47,10.69,0.15,0.12,9.8,5.8,4.61,8896.0,3062
3112604,Capinópolis,MG,Sudeste,65.12,65.05,-0.07,75.75,10.7,0.15,0.12,2.6,6.1,5.23,14655.0,3063
3202603,Iconha,ES,Sudeste,87.7,77.96,-9.74,88.67,10.7,0.15,0.12,3.4,6.8,5.27,12326.0,3064
3549250,São João de Iracema,SP,Sudeste,57.14,61.21,4.07,71.92,10.7,0.15,0.12,1.8,6.5,5.05,1846.0,3065
4103370,Brasilândia do Sul,PR,Sul,75.0,76.88,1.88,87.59,10.71,0.15,0.12,2.8,6.7,5.17,3708.0,3066
3137007,Ladainha,MG,Sudeste,40.81,48.23,7.42,58.94,10.71,0.15,0.12,3.7,,4.43,14383.0,3067
3106101,Belmiro Braga,MG,Sudeste,73.88,66.0,-7.88,76.71,10.71,0.15,0.12,10.2,5.3,4.98,3244.0,3068
5104203,Guiratinga,MT,Centro-Oeste,98.2,80.0,-18.2,90.72,10.72,0.15,0.12,1.7,5.7,5.1,10966.0,3069
3112406,Capetinga,MG,Sudeste,69.82,66.92,-2.9,77.64,10.72,0.15,0.12,3.3,6.0,5.18,6562.0,3070
3300951,Comendador Levy Gasparian,RJ,Sudeste,61.46,65.29,3.83,76.01,10.72,0.15,0.12,15.3,6.9,4.94,8741.0,3071
3136009,Joaíma,MG,Sudeste,62.17,60.67,-1.5,71.39,10.72,0.15,0.12,2.2,5.8,4.3,13888.0,3072
2902708,Barra,BA,Nordeste,43.97,50.53,6.56,61.26,10.73,0.15,0.12,12.1,4.9,4.3,51092.0,3073
3108800,Braúnas,MG,Sudeste,93.33,75.77,-17.56,86.51,10.73,0.15,0.12,6.6,6.6,4.76,4441.0,3074
4121802,Ribeirão Claro,PR,Sul,88.77,77.02,-11.75,87.75,10.74,0.15,0.12,3.3,6.6,5.29,12364.0,3075
2615508,Tracunhaém,PE,Nordeste,78.75,69.2,-9.55,79.95,10.75,0.15,0.12,5.7,5.7,4.37,13867.0,3076
3155603,Rio Pardo de Minas,MG,Sudeste,83.77,76.37,-7.4,87.12,10.75,0.15,0.12,0.6,7.1,4.6,28271.0,3077
5205109,Catalão,GO,Centro-Oeste,79.19,72.01,-7.18,82.76,10.76,0.15,0.12,7.9,6.3,5.28,114427.0,3078
4119608,Pitanga,PR,Sul,80.45,76.17,-4.28,86.93,10.76,0.15,0.12,2.8,6.9,5.08,33567.0,3079
5100300,Alto Araguaia,MT,Centro-Oeste,83.69,76.62,-7.07,87.39,10.77,0.15,0.12,3.6,6.8,5.25,17193.0,3080
4215695,Santiago do Sul,SC,Sul,81.25,76.54,-4.71,87.31,10.77,0.15,0.12,9.3,6.6,5.46,1651.0,3081
2308377,Miraíma,CE,Nordeste,92.66,80.0,-12.66,90.78,10.78,0.15,0.12,0.6,6.3,4.22,14196.0,3082
3145877,Orizânia,MG,Sudeste,78.3,70.93,-7.37,81.71,10.78,0.15,0.12,1.7,6.1,4.77,8437.0,3083
2933604,Xique-Xique,BA,Nordeste,49.84,53.43,3.59,64.21,10.78,0.14,0.12,9.4,5.3,4.25,44757.0,3084
2608701,Lagoa dos Gatos,PE,Nordeste,96.3,75.1,-21.2,85.89,10.79,0.14,0.12,6.3,6.2,4.36,14076.0,3085
3515301,Estrela do Norte,SP,Sudeste,90.91,76.17,-14.74,86.96,10.79,0.14,0.12,2.9,8.0,5.2,2703.0,3086
4123105,Santa Amélia,PR,Sul,100.0,80.0,-20.0,90.79,10.79,0.14,0.12,6.5,6.6,5.13,3394.0,3087
2605608,Flores,PE,Nordeste,89.78,76.84,-12.94,87.64,10.8,0.14,0.12,2.9,6.3,4.42,20347.0,3088
2111029,São João do Carú,MA,Nordeste,77.08,72.15,-4.93,82.96,10.8,0.14,0.12,2.9,5.6,3.99,12251.0,3089
3152131,Ponto Chique,MG,Sudeste,82.21,70.21,-12.0,81.02,10.81,0.14,0.12,33.7,,4.46,3747.0,3090
2208908,Ribeiro Gonçalves,PI,Nordeste,80.17,80.0,-0.17,90.81,10.81,0.14,0.12,1.2,7.0,4.57,6164.0,3091
4113452,Lindoeste,PR,Sul,91.57,80.0,-11.57,90.81,10.81,0.14,0.12,2.0,6.7,5.06,5175.0,3092
1101401,Monte Negro,RO,Norte,79.62,75.75,-3.87,86.57,10.81,0.14,0.12,8.1,5.9,4.88,11548.0,3093
3146107,Ouro Preto,MG,Sudeste,76.33,67.26,-9.07,78.08,10.82,0.14,0.12,2.8,6.2,5.22,74821.0,3094
5003108,Corguinho,MS,Centro-Oeste,55.6,62.12,6.52,72.94,10.82,0.14,0.12,19.0,5.6,5.19,4783.0,3095
5220686,Simolândia,GO,Centro-Oeste,94.74,80.0,-14.74,90.82,10.82,0.14,0.12,4.3,5.7,4.76,5742.0,3096
3124005,Ervália,MG,Sudeste,79.9,66.75,-13.15,77.57,10.82,0.14,0.12,1.1,6.1,4.8,20255.0,3097
4124020,Santa Tereza do Oeste,PR,Sul,84.13,76.34,-7.79,87.17,10.83,0.14,0.12,6.3,6.5,5.37,13174.0,3098
3134905,Jacutinga,MG,Sudeste,82.52,69.47,-13.05,80.3,10.83,0.14,0.12,1.2,6.5,5.24,25525.0,3099
1707207,Dois Irmãos do Tocantins,TO,Norte,64.19,63.73,-0.46,74.56,10.83,0.14,0.12,4.6,5.6,4.61,6327.0,3100
4121257,Ramilândia,PR,Sul,82.94,80.0,-2.94,90.83,10.83,0.14,0.12,3.2,6.8,4.98,4221.0,3101
4101705,Araruna,PR,Sul,77.67,77.81,0.14,88.64,10.83,0.14,0.12,11.6,6.9,5.23,14485.0,3102
5007109,Ribas do Rio Pardo,MS,Centro-Oeste,49.81,55.58,5.77,66.42,10.84,0.14,0.12,20.3,5.1,5.11,23150.0,3103
2916609,Itapitanga,BA,Nordeste,56.47,53.43,-3.04,64.28,10.85,0.14,0.12,24.1,4.7,4.4,10279.0,3104
2929909,Seabra,BA,Nordeste,63.96,63.73,-0.23,74.59,10.85,0.14,0.12,1.7,6.3,4.55,46160.0,3105
2927002,Rio Real,BA,Nordeste,57.6,59.52,1.92,70.38,10.86,0.14,0.12,11.0,5.4,4.1,35362.0,3106
2924603,Pindobaçu,BA,Nordeste,45.32,55.46,10.14,66.32,10.86,0.14,0.12,4.6,6.0,4.49,19083.0,3107
3106655,Berizal,MG,Sudeste,80.49,73.74,-6.75,84.6,10.86,0.14,0.12,0.4,6.6,4.38,4201.0,3108
4108304,Foz do Iguaçu,PR,Sul,77.91,76.18,-1.73,87.06,10.87,0.14,0.12,8.9,7.7,5.42,285415.0,3109
1707702,Filadélfia,TO,Norte,12.84,36.65,23.81,47.53,10.87,0.14,0.12,6.2,4.7,4.27,7712.0,3110
2508554,Logradouro,PB,Nordeste,97.15,80.0,-17.15,90.88,10.88,0.14,0.12,6.5,5.6,4.33,4797.0,3111
4110607,Iporã,PR,Sul,69.79,71.64,1.85,82.52,10.88,0.14,0.12,12.3,6.3,5.21,15746.0,3112
2514552,São José de Princesa,PB,Nordeste,88.89,80.0,-8.89,90.88,10.88,0.14,0.12,1.2,,4.14,3416.0,3113
3133600,Itapeva,MG,Sudeste,75.55,65.47,-10.08,76.35,10.88,0.14,0.12,8.3,5.8,5.37,12692.0,3114
2203453,Dom Inocêncio,PI,Nordeste,82.37,80.0,-2.37,90.89,10.89,0.14,0.12,0.8,6.0,4.16,9159.0,3115
5209291,Guaraíta,GO,Centro-Oeste,82.67,75.96,-6.71,86.85,10.89,0.14,0.12,4.7,6.1,5.15,2188.0,3116
2919108,Lamarão,BA,Nordeste,32.23,46.97,14.74,57.87,10.9,0.14,0.12,20.0,4.8,4.16,9015.0,3117
2313708,Umari,CE,Nordeste,100.0,80.0,-20.0,90.9,10.9,0.14,0.12,2.0,5.5,4.26,6871.0,3118
5007976,Taquarussu,MS,Centro-Oeste,93.61,79.35,-14.26,90.25,10.9,0.14,0.12,7.3,6.2,5.04,3625.0,3119
2508604,Lucena,PB,Nordeste,69.91,62.94,-6.97,73.85,10.9,0.14,0.12,15.4,5.0,4.48,12560.0,3120
4217154,São Miguel da Boa Vista,SC,Sul,95.83,80.0,-15.83,90.9,10.9,0.14,0.12,1.9,6.8,5.52,1781.0,3121
2108306,Penalva,MA,Nordeste,78.48,67.25,-11.23,78.15,10.9,0.14,0.12,6.3,5.3,4.2,32511.0,3122
2905008,Caculé,BA,Nordeste,69.16,65.38,-3.78,76.31,10.93,0.14,0.12,3.8,6.3,4.71,22462.0,3123
1503044,Floresta do Araguaia,PA,Norte,70.29,63.25,-7.04,74.18,10.93,0.14,0.12,7.6,5.0,4.47,17898.0,3124
2108108,Paulo Ramos,MA,Nordeste,94.51,77.92,-16.59,88.85,10.93,0.14,0.12,6.1,5.2,4.17,20341.0,3125
3109451,Cabeceira Grande,MG,Sudeste,42.07,59.24,17.17,70.17,10.93,0.14,0.12,3.4,6.3,4.92,6627.0,3126
2401206,Arês,RN,Nordeste,48.12,48.97,0.85,59.9,10.94,0.14,0.12,17.8,4.8,4.49,13251.0,3127
3169406,Três Pontas,MG,Sudeste,77.02,70.13,-6.89,81.07,10.94,0.14,0.12,0.7,6.7,5.15,55255.0,3128
3144706,Nova Era,MG,Sudeste,78.49,69.71,-8.78,80.65,10.94,0.14,0.12,0.0,6.7,5.21,17438.0,3129
4127809,Tomazina,PR,Sul,91.41,80.0,-11.41,90.95,10.95,0.14,0.12,10.0,6.6,5.22,8426.0,3130
2208874,Ribeira do Piauí,PI,Nordeste,78.95,68.41,-10.54,79.37,10.96,0.14,0.12,4.2,4.8,4.18,4055.0,3131
3135050,Jaíba,MG,Sudeste,68.2,60.55,-7.65,71.52,10.96,0.14,0.12,2.3,5.7,4.53,37660.0,3132
4123808,Santa Izabel do Oeste,PR,Sul,89.79,80.0,-9.79,90.97,10.97,0.14,0.12,2.8,6.9,5.13,14070.0,3133
1501725,Brasil Novo,PA,Norte,85.67,76.29,-9.38,87.26,10.97,0.14,0.12,7.4,6.5,4.45,24718.0,3134
3128808,Guidoval,MG,Sudeste,74.12,70.47,-3.65,81.45,10.98,0.14,0.12,0.2,7.1,5.0,7131.0,3135
2920452,Mansidão,BA,Nordeste,46.37,53.0,6.63,63.99,10.99,0.14,0.12,7.4,5.6,4.37,13919.0,3136
3146008,Ouro Fino,MG,Sudeste,76.83,71.48,-5.35,82.48,10.99,0.14,0.12,1.6,7.2,5.26,32094.0,3137
4127106,Telêmaco Borba,PR,Sul,75.63,71.16,-4.47,82.16,11.0,0.14,0.12,2.2,6.5,5.35,75042.0,3138
1504406,Marapanim,PA,Norte,47.22,51.88,4.66,62.89,11.01,0.14,0.12,13.1,4.8,4.09,26573.0,3139
4205001,Dionísio Cerqueira,SC,Sul,81.28,69.37,-11.91,80.38,11.01,0.14,0.12,3.1,6.6,5.35,15008.0,3140
3106408,Belo Vale,MG,Sudeste,97.98,80.0,-17.98,91.02,11.02,0.14,0.12,2.5,7.2,5.02,8627.0,3141
5216908,Pilar de Goiás,GO,Centro-Oeste,89.42,80.0,-9.42,91.02,11.02,0.14,0.12,2.4,,4.71,2328.0,3142
1507458,São Geraldo do Araguaia,PA,Norte,64.41,62.57,-1.84,73.59,11.02,0.14,0.12,9.5,5.5,4.49,24255.0,3143
4205605,Galvão,SC,Sul,92.16,80.0,-12.16,91.02,11.02,0.14,0.12,2.8,7.3,5.49,3210.0,3144
2923209,Oliveira dos Brejinhos,BA,Nordeste,58.91,57.86,-1.05,68.88,11.02,0.14,0.12,3.2,5.4,4.35,20715.0,3145
3165909,Senador Modestino Gonçalves,MG,Sudeste,89.17,77.46,-11.71,88.48,11.02,0.14,0.12,0.5,6.9,4.28,4008.0,3146
1500305,Afuá,PA,Norte,52.94,53.29,0.35,64.31,11.02,0.14,0.12,28.2,4.6,3.88,37765.0,3147
4214706,Rio dos Cedros,SC,Sul,86.57,69.92,-16.65,80.94,11.02,0.14,0.12,2.8,,5.64,10865.0,3148
2400406,Água Nova,RN,Nordeste,51.12,54.91,3.79,65.93,11.02,0.14,0.12,1.5,5.9,4.5,2946.0,3149
4102406,Bandeirantes,PR,Sul,86.63,77.46,-9.17,88.5,11.04,0.14,0.12,9.6,6.3,5.29,31273.0,3150
3100203,Abaeté,MG,Sudeste,66.96,65.64,-1.32,76.68,11.04,0.14,0.12,1.8,6.8,5.17,22675.0,3151
3129657,Ibiracatu,MG,Sudeste,73.17,71.71,-1.46,82.76,11.04,0.14,0.12,2.8,6.9,4.34,5081.0,3152
2509800,Mulungu,PB,Nordeste,64.58,67.66,3.08,78.71,11.05,0.14,0.12,15.8,5.7,4.3,8791.0,3153
2705101,Matriz de Camaragibe,AL,Nordeste,55.15,56.14,0.99,67.19,11.05,0.14,0.12,4.7,5.4,4.38,23857.0,3154
4115606,Matelândia,PR,Sul,81.4,76.45,-4.95,87.51,11.06,0.14,0.12,2.1,7.4,5.27,18450.0,3155
4115101,Mariluz,PR,Sul,70.41,70.78,0.37,81.84,11.06,0.14,0.12,8.0,5.9,5.1,9847.0,3156
2925006,Planalto,BA,Nordeste,60.32,59.01,-1.31,70.08,11.06,0.14,0.12,11.5,5.6,4.53,23334.0,3157
2918407,Juazeiro,BA,Nordeste,49.67,53.54,3.87,64.6,11.06,0.14,0.12,10.6,5.5,4.49,237821.0,3158
2603405,Calumbi,PE,Nordeste,94.64,76.92,-17.72,88.0,11.07,0.14,0.12,5.5,6.2,4.29,5228.0,3159
4123600,Santa Inês,PR,Sul,78.95,80.0,1.05,91.07,11.07,0.14,0.12,6.8,7.2,5.3,1748.0,3160
2914505,Irará,BA,Nordeste,57.27,55.1,-2.17,66.18,11.08,0.14,0.12,17.6,5.0,4.36,28043.0,3161
4121109,Quinta do Sol,PR,Sul,79.17,78.19,-0.98,89.26,11.08,0.14,0.12,3.9,7.1,5.02,5001.0,3162
4110904,Itaguajé,PR,Sul,70.84,69.21,-1.63,80.3,11.08,0.14,0.12,3.3,5.4,5.22,4481.0,3163
2605004,Cupira,PE,Nordeste,90.02,78.86,-11.16,89.94,11.09,0.14,0.12,4.1,6.8,4.53,23518.0,3164
2311801,Russas,CE,Nordeste,93.43,80.0,-13.43,91.09,11.09,0.14,0.12,1.1,7.1,4.41,72928.0,3165
2401503,Barcelona,RN,Nordeste,75.01,67.15,-7.86,78.24,11.09,0.14,0.12,7.9,,4.37,3986.0,3166
2506251,Gado Bravo,PB,Nordeste,78.91,79.02,0.11,90.11,11.09,0.14,0.12,1.9,6.5,4.09,8179.0,3167
4315107,Porto Xavier,RS,Sul,93.56,75.53,-18.03,86.62,11.09,0.14,0.12,0.3,7.0,5.34,9938.0,3168
1504059,Mãe do Rio,PA,Norte,61.55,62.02,0.47,73.12,11.09,0.14,0.12,9.9,5.7,4.29,34353.0,3169
4125407,São José da Boa Vista,PR,Sul,83.0,80.0,-3.0,91.1,11.1,0.14,0.12,3.0,7.8,5.2,6040.0,3170
3534005,Onda Verde,SP,Sudeste,73.29,62.89,-10.4,74.0,11.11,0.14,0.12,1.5,6.9,5.24,4771.0,3171
2105203,Igarapé Grande,MA,Nordeste,89.25,80.0,-9.25,91.12,11.12,0.14,0.12,2.6,6.3,4.03,10231.0,3172
2207777,Patos do Piauí,PI,Nordeste,75.19,80.0,4.81,91.12,11.12,0.14,0.12,1.1,6.5,3.92,5425.0,3173
5210406,Itaberaí,GO,Centro-Oeste,90.82,79.41,-11.41,90.54,11.13,0.14,0.12,2.1,6.3,5.01,44734.0,3174
2905206,Caetité,BA,Nordeste,67.56,63.98,-3.58,75.11,11.13,0.14,0.12,13.2,5.8,4.55,52012.0,3175
4118600,Paula Freitas,PR,Sul,90.02,78.63,-11.39,89.75,11.13,0.14,0.12,10.9,6.5,5.34,5666.0,3176
2917201,Ituaçu,BA,Nordeste,70.4,68.29,-2.11,79.43,11.14,0.14,0.12,5.7,6.1,4.53,17914.0,3177
3143807,Munhoz,MG,Sudeste,95.1,78.84,-16.26,89.97,11.14,0.14,0.12,2.3,7.0,5.16,7451.0,3178
2913903,Ipiaú,BA,Nordeste,56.35,55.13,-1.22,66.28,11.15,0.14,0.12,14.9,5.5,4.45,40706.0,3179
4119103,Piên,PR,Sul,87.09,80.0,-7.09,91.16,11.16,0.14,0.12,4.8,7.2,5.36,13655.0,3180
4117222,Nova Santa Rosa,PR,Sul,90.0,78.76,-11.24,89.93,11.16,0.14,0.12,3.4,6.9,5.55,8322.0,3181
4102604,Barracão,PR,Sul,86.61,75.95,-10.66,87.12,11.17,0.14,0.12,3.0,6.5,5.48,9759.0,3182
4110706,Irati,PR,Sul,87.68,80.0,-7.68,91.17,11.17,0.14,0.12,3.1,7.5,5.42,59250.0,3183
5106240,Nova Ubiratã,MT,Centro-Oeste,84.77,76.3,-8.47,87.47,11.17,0.14,0.12,4.3,6.0,5.13,11530.0,3184
2106631,Matões do Norte,MA,Nordeste,76.21,71.46,-4.75,82.64,11.18,0.14,0.12,6.7,5.5,4.1,17432.0,3185
2408953,Rio do Fogo,RN,Nordeste,51.04,40.04,-11.0,51.22,11.18,0.14,0.12,18.2,4.5,4.46,10351.0,3186
2306801,Jaguaribara,CE,Nordeste,89.1,80.0,-9.1,91.18,11.18,0.14,0.12,0.8,6.9,4.5,10356.0,3187
2800100,Amparo do São Francisco,SE,Nordeste,63.29,59.64,-3.65,70.82,11.18,0.14,0.12,16.5,5.3,4.46,2170.0,3188
2928406,Santa Rita de Cássia,BA,Nordeste,64.71,62.82,-1.89,74.0,11.18,0.14,0.12,10.4,5.2,4.33,27390.0,3189
2414308,Timbaúba dos Batistas,RN,Nordeste,30.0,45.79,15.79,56.98,11.19,0.14,0.11,10.4,5.4,4.66,2348.0,3190
3553609,Tapiratiba,SP,Sudeste,82.14,66.25,-15.89,77.45,11.2,0.14,0.11,1.0,6.8,5.27,11816.0,3191
2411106,Ruy Barbosa,RN,Nordeste,70.37,68.65,-1.72,79.85,11.2,0.14,0.11,5.8,6.4,4.39,3206.0,3192
4204152,Celso Ramos,SC,Sul,93.47,78.52,-14.95,89.72,11.2,0.14,0.11,2.1,6.8,5.41,2805.0,3193
4117503,Paiçandu,PR,Sul,76.57,73.84,-2.73,85.05,11.21,0.14,0.11,13.6,6.7,5.29,45962.0,3194
2920700,Maraú,BA,Nordeste,47.08,48.28,1.2,59.5,11.21,0.14,0.11,18.4,4.6,4.29,24527.0,3195
4107801,Floraí,PR,Sul,82.84,78.51,-4.33,89.73,11.22,0.14,0.11,8.9,7.8,5.52,4792.0,3196
5215009,Nova Veneza,GO,Centro-Oeste,94.39,80.0,-14.39,91.22,11.22,0.14,0.11,2.7,6.0,5.05,9481.0,3197
3200904,Barra de São Francisco,ES,Sudeste,88.41,79.11,-9.3,90.33,11.22,0.14,0.11,4.3,7.2,4.78,42498.0,3198
3546207,Santa Cruz da Conceição,SP,Sudeste,88.16,72.87,-15.29,84.09,11.22,0.14,0.11,2.3,7.2,5.37,4277.0,3199
2700508,Barra de Santo Antônio,AL,Nordeste,50.09,53.13,3.04,64.36,11.23,0.14,0.11,7.6,5.2,4.45,16365.0,3200
5103601,Dom Aquino,MT,Centro-Oeste,93.44,80.0,-13.44,91.23,11.23,0.14,0.11,1.1,6.1,4.89,7872.0,3201
4114005,Mamborê,PR,Sul,91.69,80.0,-11.69,91.23,11.23,0.14,0.11,5.4,7.0,5.27,13452.0,3202
2704203,Limoeiro de Anadia,AL,Nordeste,58.78,60.91,2.13,72.15,11.24,0.14,0.11,5.1,5.4,4.33,24740.0,3203
3152907,Pratápolis,MG,Sudeste,81.98,70.85,-11.13,82.11,11.25,0.14,0.11,0.8,6.8,5.18,8406.0,3204
4209706,Lebon Régis,SC,Sul,55.07,59.46,4.39,70.72,11.25,0.14,0.11,7.1,6.6,5.17,11472.0,3205
5211305,Itarumã,GO,Centro-Oeste,76.06,78.17,2.11,89.43,11.26,0.14,0.11,2.8,7.2,5.18,6101.0,3206
4107850,Flor da Serra do Sul,PR,Sul,84.02,80.0,-4.02,91.27,11.27,0.14,0.11,0.3,7.6,5.22,4364.0,3207
3548401,Santópolis do Aguapeí,SP,Sudeste,86.9,76.64,-10.26,87.91,11.27,0.14,0.11,0.4,7.5,5.27,3899.0,3208
3148905,Pedra do Indaiá,MG,Sudeste,97.06,80.0,-17.06,91.27,11.27,0.14,0.11,7.5,6.7,5.15,4112.0,3209
3150604,Piracema,MG,Sudeste,82.79,73.07,-9.72,84.34,11.28,0.14,0.11,0.3,6.8,4.98,6700.0,3210
3130101,Igarapé,MG,Sudeste,75.1,65.4,-9.7,76.68,11.28,0.14,0.11,1.6,6.0,5.25,45847.0,3211
1502707,Conceição do Araguaia,PA,Norte,58.96,58.19,-0.77,69.47,11.28,0.14,0.11,7.2,5.2,4.46,44617.0,3212
4211801,Ouro,SC,Sul,90.98,75.96,-15.02,87.26,11.3,0.14,0.11,8.0,6.7,5.39,7032.0,3213
1720804,Sítio Novo do Tocantins,TO,Norte,57.42,58.69,1.27,69.99,11.3,0.14,0.11,5.8,5.6,4.43,10830.0,3214
1501451,Belterra,PA,Norte,72.03,69.86,-2.17,81.16,11.3,0.14,0.11,14.4,6.0,4.41,18099.0,3215
2924900,Planaltino,BA,Nordeste,69.19,66.39,-2.8,77.69,11.3,0.14,0.11,0.8,5.1,4.28,8022.0,3216
3143906,Muriaé,MG,Sudeste,79.33,68.78,-10.55,80.09,11.31,0.14,0.11,3.3,6.6,5.04,104108.0,3217
2507507,João Pessoa,PB,Nordeste,65.56,62.69,-2.87,73.99,11.31,0.14,0.11,15.4,5.7,4.79,833932.0,3218
4128104,Umuarama,PR,Sul,78.85,71.63,-7.22,82.94,11.31,0.13,0.11,6.0,6.7,5.48,117095.0,3219
2903706,Boa Nova,BA,Nordeste,52.83,61.34,8.51,72.65,11.31,0.13,0.11,4.4,5.8,4.45,13690.0,3220
4111555,Ivaté,PR,Sul,90.84,80.0,-10.84,91.31,11.31,0.13,0.11,2.7,7.0,5.25,6831.0,3221
4103602,Cambará,PR,Sul,76.62,70.82,-5.8,82.14,11.31,0.13,0.11,9.9,6.6,5.23,23212.0,3222
5000906,Antônio João,MS,Centro-Oeste,70.73,66.54,-4.19,77.86,11.32,0.13,0.11,7.6,6.2,5.12,9303.0,3223
4117255,Nova Prata do Iguaçu,PR,Sul,92.61,80.0,-12.61,91.32,11.32,0.13,0.11,8.0,7.3,5.31,12699.0,3224
5221908,Varjão,GO,Centro-Oeste,83.33,80.0,-3.33,91.32,11.32,0.13,0.11,2.0,6.4,5.0,3716.0,3225
5205000,Carmo do Rio Verde,GO,Centro-Oeste,93.58,79.35,-14.23,90.67,11.32,0.13,0.11,2.1,6.3,5.01,9710.0,3226
5106802,Porto dos Gaúchos,MT,Centro-Oeste,83.72,77.55,-6.17,88.88,11.33,0.13,0.11,1.4,6.7,5.17,5593.0,3227
4101903,Assaí,PR,Sul,91.58,80.0,-11.58,91.32,11.32,0.13,0.11,12.0,7.1,5.56,13797.0,3228
5107800,Santo Antônio de Leverger,MT,Centro-Oeste,61.61,66.38,4.77,77.71,11.33,0.13,0.11,2.7,5.4,4.89,15246.0,3229
2202604,Castelo do Piauí,PI,Nordeste,85.08,77.29,-7.79,88.62,11.34,0.13,0.11,3.2,6.7,4.29,19288.0,3230
4127908,Tuneiras do Oeste,PR,Sul,79.13,75.37,-3.76,86.71,11.34,0.13,0.11,2.0,7.0,5.16,8067.0,3231
4128005,Ubiratã,PR,Sul,86.82,80.0,-6.82,91.34,11.34,0.13,0.11,3.0,7.8,5.44,24749.0,3232
3160959,São Domingos das Dores,MG,Sudeste,92.62,80.0,-12.62,91.35,11.35,0.13,0.11,3.6,7.2,4.91,5626.0,3233
1600709,Tartarugalzinho,AP,Norte,57.68,54.0,-3.68,65.35,11.35,0.13,0.11,13.6,4.9,4.28,12945.0,3234
5207352,Edealina,GO,Centro-Oeste,81.86,78.13,-3.73,89.49,11.35,0.13,0.11,2.8,6.6,5.04,4001.0,3235
5212006,Jaupaci,GO,Centro-Oeste,86.54,80.0,-6.54,91.35,11.35,0.13,0.11,0.0,7.3,5.04,2924.0,3236
3138625,Limeira do Oeste,MG,Sudeste,81.79,72.16,-9.63,83.52,11.35,0.13,0.11,3.0,6.1,5.21,8687.0,3237
4121505,Rebouças,PR,Sul,89.63,80.0,-9.63,91.36,11.36,0.13,0.11,4.8,7.2,5.15,14514.0,3238
2403202,Doutor Severiano,RN,Nordeste,76.25,66.44,-9.81,77.8,11.36,0.13,0.11,3.2,6.2,4.49,7044.0,3239
3103504,Araguari,MG,Sudeste,72.16,63.34,-8.82,74.71,11.37,0.13,0.11,5.0,6.5,5.23,117808.0,3240
1502152,Canaã dos Carajás,PA,Norte,75.15,70.61,-4.54,81.99,11.38,0.13,0.11,9.7,5.9,4.76,77079.0,3241
3205036,Vargem Alta,ES,Sudeste,82.42,75.1,-7.32,86.48,11.38,0.13,0.11,10.6,6.7,4.99,19563.0,3242
4322855,Vespasiano Corrêa,RS,Sul,100.0,80.0,-20.0,91.4,11.4,0.13,0.11,1.1,7.6,5.75,1818.0,3243
3107406,Bom Despacho,MG,Sudeste,65.96,60.58,-5.38,71.99,11.4,0.13,0.11,1.0,6.5,5.3,51737.0,3244
2310001,Palhano,CE,Nordeste,78.95,74.9,-4.05,86.3,11.41,0.13,0.11,0.6,6.7,4.43,9346.0,3245
1100809,Candeias do Jamari,RO,Norte,61.95,63.88,1.93,75.3,11.41,0.13,0.11,11.6,5.3,4.77,22310.0,3246
5003306,Coxim,MS,Centro-Oeste,61.82,58.78,-3.04,70.2,11.41,0.13,0.11,21.7,5.5,5.18,32151.0,3247
4209458,Lajeado Grande,SC,Sul,92.56,79.19,-13.37,90.6,11.41,0.13,0.11,0.7,7.0,5.37,1702.0,3248
4216354,São João do Itaperiú,SC,Sul,80.08,67.06,-13.02,78.47,11.41,0.13,0.11,4.7,,5.55,4463.0,3249
2308906,Morrinhos,CE,Nordeste,92.35,80.0,-12.35,91.42,11.42,0.13,0.11,1.3,6.4,4.11,22753.0,3250
2900801,Alcobaça,BA,Nordeste,69.0,61.94,-7.06,73.37,11.42,0.13,0.11,19.7,5.0,4.61,24530.0,3251
5106281,Novo São Joaquim,MT,Centro-Oeste,66.74,68.95,2.21,80.38,11.42,0.13,0.11,2.7,6.1,5.12,6919.0,3252
4121406,Realeza,PR,Sul,90.75,80.0,-10.75,91.43,11.43,0.13,0.11,4.4,7.9,5.52,19247.0,3253
3121605,Diamantina,MG,Sudeste,74.35,69.32,-5.03,80.74,11.43,0.13,0.11,0.7,6.8,4.96,47702.0,3254
1501105,Bagre,PA,Norte,65.32,62.68,-2.64,74.11,11.43,0.13,0.11,18.3,5.3,3.81,31892.0,3255
2305308,Ibiapina,CE,Nordeste,90.63,80.0,-10.63,91.43,11.43,0.13,0.11,2.3,6.1,4.31,23965.0,3256
4207205,Imaruí,SC,Sul,63.53,58.0,-5.53,69.43,11.43,0.13,0.11,5.1,5.8,5.41,11881.0,3257
3115458,Catuji,MG,Sudeste,42.89,56.53,13.64,67.98,11.44,0.13,0.11,0.8,5.8,4.49,7030.0,3258
2400802,Angicos,RN,Nordeste,45.03,44.47,-0.56,55.92,11.44,0.13,0.11,11.2,4.9,4.51,11632.0,3259
4124806,São João,PR,Sul,86.71,80.0,-6.71,91.45,11.45,0.13,0.11,1.7,7.8,5.42,11886.0,3260
2410207,Portalegre,RN,Nordeste,77.87,64.89,-12.98,76.34,11.46,0.13,0.11,8.7,5.4,4.61,7601.0,3261
2401008,Apodi,RN,Nordeste,63.95,57.12,-6.83,68.57,11.46,0.13,0.11,7.7,5.9,4.54,36093.0,3262
2902500,Baianópolis,BA,Nordeste,61.23,58.88,-2.35,70.35,11.47,0.13,0.11,12.0,5.0,4.58,13614.0,3263
4122206,Rio Branco do Sul,PR,Sul,74.87,70.7,-4.17,82.18,11.48,0.13,0.11,2.7,6.6,5.15,37558.0,3264
2309102,Mulungu,CE,Nordeste,96.97,80.0,-16.97,91.48,11.48,0.13,0.11,0.5,,4.4,10569.0,3265
3304110,Porto Real,RJ,Sudeste,81.06,69.95,-11.11,81.43,11.48,0.13,0.11,6.2,6.9,5.24,20373.0,3266
2616001,Venturosa,PE,Nordeste,64.45,66.12,1.67,77.6,11.48,0.13,0.11,3.4,6.4,4.2,17251.0,3267
4117453,Ouro Verde do Oeste,PR,Sul,90.79,80.0,-10.79,91.49,11.49,0.13,0.11,1.9,7.3,5.28,6785.0,3268
4126801,Tapejara,PR,Sul,80.83,74.3,-6.53,85.79,11.49,0.13,0.11,2.5,6.9,5.25,15869.0,3269
4304622,Capão Bonito do Sul,RS,Sul,72.22,66.43,-5.79,77.92,11.49,0.13,0.11,1.7,6.1,5.0,1733.0,3270
4107538,Entre Rios do Oeste,PR,Sul,88.55,80.0,-8.55,91.5,11.5,0.13,0.11,4.6,7.6,5.46,4575.0,3271
5210109,Ipameri,GO,Centro-Oeste,76.94,71.61,-5.33,83.12,11.51,0.13,0.11,4.8,6.3,5.14,25548.0,3272
2513406,Santa Luzia,PB,Nordeste,68.39,66.92,-1.47,78.43,11.51,0.13,0.11,2.2,6.3,4.61,14959.0,3273
3149804,Perdizes,MG,Sudeste,85.93,73.54,-12.39,85.05,11.51,0.13,0.11,2.1,6.8,5.26,17151.0,3274
4120606,Prudentópolis,PR,Sul,88.88,80.0,-8.88,91.52,11.52,0.13,0.11,3.4,7.2,5.06,49393.0,3275
2412906,São Tomé,RN,Nordeste,47.58,45.14,-2.44,56.67,11.52,0.13,0.11,10.7,4.7,4.38,9972.0,3276
5204904,Campos Belos,GO,Centro-Oeste,83.32,72.17,-11.15,83.7,11.52,0.13,0.11,5.6,5.8,4.86,18108.0,3277
1101203,Ministro Andreazza,RO,Norte,84.09,75.92,-8.17,87.44,11.53,0.13,0.11,5.0,6.3,4.97,6466.0,3278
5007695,São Gabriel do Oeste,MS,Centro-Oeste,71.89,65.64,-6.25,77.17,11.53,0.13,0.11,16.7,5.9,5.26,29579.0,3279
5215900,Palminópolis,GO,Centro-Oeste,90.93,80.0,-10.93,91.54,11.54,0.13,0.11,1.7,6.3,5.18,3851.0,3280
3117801,Conceição dos Ouros,MG,Sudeste,80.41,70.52,-9.89,82.07,11.54,0.13,0.11,0.5,7.1,5.21,10880.0,3281
3204807,São José do Calçado,ES,Sudeste,88.25,76.98,-11.27,88.54,11.55,0.13,0.11,5.1,6.0,4.91,10878.0,3282
5205471,Chapadão do Céu,GO,Centro-Oeste,90.08,80.0,-10.08,91.56,11.56,0.13,0.11,3.8,6.9,5.17,12870.0,3283
3162658,São João do Pacuí,MG,Sudeste,88.24,76.8,-11.44,88.36,11.56,0.13,0.11,0.4,6.5,4.41,3972.0,3284
5207808,Firminópolis,GO,Centro-Oeste,94.12,78.24,-15.88,89.8,11.56,0.13,0.11,1.8,6.6,5.15,10419.0,3285
3202504,Ibiraçu,ES,Sudeste,84.92,73.44,-11.48,85.03,11.58,0.13,0.11,5.7,6.7,5.05,11723.0,3286
3159100,Santana dos Montes,MG,Sudeste,73.58,70.23,-3.35,81.82,11.58,0.13,0.11,1.8,6.6,5.05,3469.0,3287
5214051,Mundo Novo,GO,Centro-Oeste,91.21,80.0,-11.21,91.59,11.59,0.13,0.11,6.4,6.1,5.02,6189.0,3288
3302908,Miguel Pereira,RJ,Sudeste,79.06,68.23,-10.83,79.82,11.59,0.13,0.11,10.2,6.2,5.24,26582.0,3289
4306320,Derrubadas,RS,Sul,54.84,64.28,9.44,75.88,11.6,0.13,0.11,1.2,7.3,5.15,2751.0,3290
2919553,Luís Eduardo Magalhães,BA,Nordeste,46.85,52.34,5.49,63.94,11.6,0.13,0.11,6.6,5.4,4.91,107909.0,3291
2702355,Craíbas,AL,Nordeste,63.62,62.14,-1.48,73.74,11.6,0.13,0.11,6.0,5.9,4.29,25397.0,3292
5200258,Águas Lindas de Goiás,GO,Centro-Oeste,66.89,63.85,-3.04,75.45,11.6,0.13,0.11,8.2,5.7,4.9,225693.0,3293
2908507,Conceição do Jacuípe,BA,Nordeste,51.65,55.55,3.9,67.15,11.6,0.13,0.11,11.2,5.4,4.41,35308.0,3294
2932457,Umburanas,BA,Nordeste,43.52,46.2,2.68,57.8,11.61,0.13,0.11,13.0,4.9,4.45,13642.0,3295
2513307,Santa Helena,PB,Nordeste,62.2,65.9,3.7,77.51,11.61,0.13,0.11,5.8,5.8,4.44,5865.0,3296
5207253,Doverlândia,GO,Centro-Oeste,89.78,78.99,-10.79,90.6,11.61,0.13,0.11,4.8,5.9,5.18,6956.0,3297
2909307,Correntina,BA,Nordeste,51.15,57.03,5.88,68.64,11.61,0.13,0.11,10.3,5.4,4.46,32457.0,3298
3147105,Pará de Minas,MG,Sudeste,76.14,66.25,-9.89,77.86,11.61,0.13,0.11,1.2,6.9,5.24,97139.0,3299
2109304,Presidente Vargas,MA,Nordeste,67.9,61.36,-6.54,72.98,11.62,0.13,0.11,6.0,4.7,3.91,10549.0,3300
3147600,Passa Quatro,MG,Sudeste,92.22,80.0,-12.22,91.62,11.62,0.13,0.11,0.5,7.0,5.12,15515.0,3301
2305704,Ipaumirim,CE,Nordeste,93.67,80.0,-13.67,91.63,11.63,0.13,0.11,2.5,6.8,4.18,12083.0,3302
4219002,Urussanga,SC,Sul,89.11,74.03,-15.08,85.67,11.64,0.13,0.11,3.8,7.1,5.78,20919.0,3303
5200803,Alvorada do Norte,GO,Centro-Oeste,78.43,71.85,-6.58,83.49,11.64,0.13,0.11,3.9,5.7,5.04,8446.0,3304
1709807,Ipueiras,TO,Norte,41.18,50.84,9.66,62.49,11.65,0.13,0.11,5.6,4.5,4.71,1590.0,3305
4127304,Terra Rica,PR,Sul,76.62,74.11,-2.51,85.76,11.65,0.13,0.11,4.2,6.9,5.18,14842.0,3306
1501253,Bannach,PA,Norte,57.63,60.0,2.37,71.65,11.65,0.13,0.11,21.2,5.2,4.54,4031.0,3307
1100403,Alto Paraíso,RO,Norte,75.45,70.32,-5.13,81.97,11.65,0.13,0.11,16.2,5.1,4.82,16320.0,3308
2612471,Santa Cruz da Baixa Verde,PE,Nordeste,92.85,77.44,-15.41,89.1,11.66,0.13,0.11,4.9,6.0,4.38,11567.0,3309
4126678,Tamarana,PR,Sul,86.11,76.63,-9.48,88.29,11.66,0.13,0.11,17.6,5.8,5.11,10707.0,3310
4201802,Atalanta,SC,Sul,80.13,75.2,-4.93,86.87,11.68,0.13,0.11,0.8,7.6,5.74,3227.0,3311
2516755,Tenório,PB,Nordeste,79.22,70.64,-8.58,82.31,11.68,0.13,0.11,4.3,5.4,4.42,2966.0,3312
3140704,Mateus Leme,MG,Sudeste,83.31,67.91,-15.4,79.59,11.68,0.13,0.11,2.6,6.2,5.18,37841.0,3313
4122008,Rio Azul,PR,Sul,94.26,80.0,-14.26,91.68,11.68,0.13,0.11,2.7,7.6,5.25,14025.0,3314
4206108,Grão-Pará,SC,Sul,87.9,72.14,-15.76,83.83,11.69,0.13,0.11,5.6,6.5,5.64,6277.0,3315
3200300,Alfredo Chaves,ES,Sudeste,88.13,76.98,-11.15,88.67,11.69,0.13,0.11,4.6,7.0,5.32,13836.0,3316
5107909,Sinop,MT,Centro-Oeste,72.76,68.05,-4.71,79.74,11.69,0.13,0.11,5.2,6.2,5.14,196312.0,3317
3306008,Três Rios,RJ,Sudeste,73.64,66.24,-7.4,77.94,11.7,0.13,0.11,14.1,6.4,4.95,78346.0,3318
4100459,Altamira do Paraná,PR,Sul,86.67,79.48,-7.19,91.18,11.7,0.13,0.11,5.4,6.7,4.99,3590.0,3319
4107207,Dois Vizinhos,PR,Sul,95.9,80.0,-15.9,91.7,11.7,0.13,0.11,3.5,8.1,5.5,44869.0,3320
3150505,Pimenta,MG,Sudeste,86.04,76.08,-9.96,87.78,11.7,0.13,0.11,1.1,7.0,5.1,8563.0,3321
3146305,Padre Paraíso,MG,Sudeste,67.6,63.88,-3.72,75.59,11.71,0.13,0.11,2.7,6.0,4.55,17334.0,3322
2304806,Granjeiro,CE,Nordeste,92.48,80.0,-12.48,91.71,11.71,0.13,0.11,0.0,6.0,4.34,4841.0,3323
1708254,Tabocão,TO,Norte,65.46,63.87,-1.59,75.58,11.71,0.13,0.11,4.5,5.5,4.69,3455.0,3324
3553005,Taguaí,SP,Sudeste,82.78,68.84,-13.94,80.55,11.71,0.13,0.11,0.5,7.9,5.2,12669.0,3325
2311264,Quiterianópolis,CE,Nordeste,91.94,80.0,-11.94,91.72,11.72,0.13,0.11,0.5,6.8,4.21,20213.0,3326
3115201,Conceição da Barra de Minas,MG,Sudeste,85.2,73.98,-11.22,85.7,11.73,0.13,0.11,0.6,6.2,4.95,3560.0,3327
3130606,Inconfidentes,MG,Sudeste,88.02,80.0,-8.02,91.73,11.73,0.13,0.11,2.9,7.8,5.3,7301.0,3328
2513000,Salgadinho,PB,Nordeste,79.9,76.04,-3.86,87.77,11.73,0.13,0.11,6.9,6.8,4.25,3355.0,3329
2613305,São Joaquim do Monte,PE,Nordeste,85.78,73.85,-11.93,85.58,11.74,0.13,0.11,4.9,5.7,4.25,20037.0,3330
4207403,Imbuia,SC,Sul,85.61,71.96,-13.65,83.7,11.74,0.13,0.11,1.1,6.6,5.6,5982.0,3331
5206503,Cromínia,GO,Centro-Oeste,63.17,67.46,4.29,79.2,11.74,0.13,0.11,1.7,6.0,5.25,3883.0,3332
2211407,Várzea Grande,PI,Nordeste,92.31,80.0,-12.31,91.75,11.75,0.13,0.11,5.7,5.7,4.54,4417.0,3333
2606606,Ibimirim,PE,Nordeste,73.23,64.83,-8.4,76.58,11.76,0.13,0.11,9.9,5.5,4.23,26593.0,3334
5107750,Salto do Céu,MT,Centro-Oeste,94.44,80.0,-14.44,91.76,11.76,0.13,0.11,0.0,5.9,5.06,3679.0,3335
3136959,Juvenília,MG,Sudeste,53.16,57.09,3.93,68.85,11.76,0.13,0.11,4.4,5.5,4.43,5789.0,3336
3102605,Andradas,MG,Sudeste,79.13,67.67,-11.46,79.44,11.77,0.13,0.11,1.8,6.3,5.29,40553.0,3337
5219100,Santa Bárbara de Goiás,GO,Centro-Oeste,89.08,79.03,-10.05,90.8,11.77,0.13,0.11,1.7,6.6,5.08,6149.0,3338
4115804,Medianeira,PR,Sul,90.37,79.56,-10.81,91.33,11.77,0.13,0.11,4.7,7.5,5.36,54369.0,3339
4102109,Astorga,PR,Sul,90.7,79.76,-10.94,91.54,11.78,0.13,0.11,2.0,7.3,,25475.0,3340
1508357,Vitória do Xingu,PA,Norte,80.11,69.86,-10.25,81.64,11.78,0.13,0.11,10.2,5.6,4.35,15607.0,3341
2603900,Carnaíba,PE,Nordeste,91.6,80.0,-11.6,91.78,11.78,0.13,0.11,1.5,7.1,4.53,18644.0,3342
2200905,Aroazes,PI,Nordeste,63.93,68.38,4.45,80.16,11.78,0.13,0.11,8.6,6.8,4.32,5369.0,3343
3114600,Carrancas,MG,Sudeste,89.31,74.8,-14.51,86.59,11.79,0.13,0.11,13.3,6.5,5.1,4049.0,3344
5002407,Caarapó,MS,Centro-Oeste,80.18,65.95,-14.23,77.74,11.79,0.13,0.11,19.6,5.6,5.17,30612.0,3345
4104907,Castro,PR,Sul,85.09,76.84,-8.25,88.63,11.79,0.13,0.11,3.3,7.3,5.27,73075.0,3346
4120804,Quatro Barras,PR,Sul,81.77,72.97,-8.8,84.76,11.79,0.13,0.11,9.2,6.7,5.45,24191.0,3347
2903201,Barreiras,BA,Nordeste,59.17,57.78,-1.39,69.57,11.79,0.13,0.11,20.8,5.7,4.75,159734.0,3348
2408607,Paraná,RN,Nordeste,44.85,45.0,0.15,56.8,11.8,0.13,0.11,11.3,4.9,4.54,3934.0,3349
4115002,Marilena,PR,Sul,86.33,80.0,-6.33,91.8,11.8,0.13,0.11,5.4,7.2,5.12,7253.0,3350
2209450,Santo Antônio dos Milagres,PI,Nordeste,100.0,80.0,-20.0,91.8,11.8,0.13,0.11,4.8,5.7,4.29,2138.0,3351
3131109,Inimutaba,MG,Sudeste,63.6,59.34,-4.26,71.14,11.8,0.13,0.11,8.3,5.4,4.57,7371.0,3352
3107000,Biquinhas,MG,Sudeste,96.43,80.0,-16.43,91.81,11.81,0.13,0.11,2.1,6.5,5.18,2383.0,3353
3203700,Muniz Freire,ES,Sudeste,92.6,80.0,-12.6,91.82,11.82,0.13,0.11,1.8,7.0,4.84,18153.0,3354
1100015,Alta Floresta D'Oeste,RO,Norte,78.15,71.84,-6.31,83.66,11.82,0.13,0.11,7.6,5.7,4.99,21494.0,3355
2306553,Itarema,CE,Nordeste,91.32,80.0,-11.32,91.83,11.83,0.13,0.11,1.2,8.2,4.22,42957.0,3356
4124202,Santo Antônio do Caiuá,PR,Sul,84.92,80.0,-4.92,91.84,11.84,0.13,0.11,13.9,7.1,5.08,2493.0,3357
2200053,Acauã,PI,Nordeste,93.22,80.0,-13.22,91.84,11.84,0.13,0.11,1.4,6.5,4.26,6420.0,3358
3103009,Antônio Dias,MG,Sudeste,80.0,73.58,-6.42,85.42,11.84,0.13,0.11,2.0,7.1,4.94,9219.0,3359
2707503,Porto Real do Colégio,AL,Nordeste,75.61,73.44,-2.17,85.29,11.84,0.13,0.11,6.2,7.1,4.22,20082.0,3360
1713957,Muricilândia,TO,Norte,34.1,43.13,9.03,54.98,11.85,0.13,0.1,4.8,4.7,4.5,3367.0,3361
4108700,Grandes Rios,PR,Sul,89.01,72.07,-16.94,83.92,11.85,0.13,0.1,13.7,4.5,5.03,5641.0,3362
5212501,Luziânia,GO,Centro-Oeste,78.77,71.59,-7.18,83.44,11.85,0.13,0.1,9.7,6.2,5.06,209129.0,3363
3538303,Piquerobi,SP,Sudeste,82.94,67.65,-15.29,79.5,11.85,0.13,0.1,3.3,6.9,5.15,3264.0,3364
4125753,São Pedro do Iguaçu,PR,Sul,88.85,77.1,-11.75,88.96,11.86,0.13,0.1,6.2,6.2,5.22,5784.0,3365
5102603,Campinápolis,MT,Centro-Oeste,53.03,58.26,5.23,70.13,11.87,0.13,0.1,11.7,5.3,4.77,15347.0,3366
2705903,Olho d'Água Grande,AL,Nordeste,87.89,80.0,-7.89,91.87,11.87,0.13,0.1,10.1,7.5,4.09,4330.0,3367
2913002,Ibitiara,BA,Nordeste,66.39,70.64,4.25,82.52,11.88,0.13,0.1,3.1,7.0,4.56,14637.0,3368
3168903,Tiros,MG,Sudeste,76.88,69.17,-7.71,81.06,11.88,0.13,0.1,0.7,6.7,5.34,7883.0,3369
1504976,Nova Ipixuna,PA,Norte,66.98,61.41,-5.57,73.29,11.89,0.13,0.1,27.1,5.1,4.32,13955.0,3370
2514206,São José da Lagoa Tapada,PB,Nordeste,92.74,80.0,-12.74,91.89,11.89,0.13,0.1,12.2,6.1,4.18,7126.0,3371
2311207,Potengi,CE,Nordeste,94.81,80.0,-14.81,91.89,11.89,0.12,0.1,3.2,6.5,4.08,8833.0,3372
2930204,Sento Sé,BA,Nordeste,44.05,50.21,6.16,62.11,11.9,0.12,0.1,8.8,5.3,4.39,38154.0,3373
4118709,Paulo Frontin,PR,Sul,95.91,80.0,-15.91,91.91,11.91,0.12,0.1,11.0,6.6,5.36,6343.0,3374
5210307,Israelândia,GO,Centro-Oeste,100.0,80.0,-20.0,91.92,11.92,0.12,0.1,0.8,6.5,5.18,2560.0,3375
2103257,Cidelândia,MA,Nordeste,87.47,72.8,-14.67,84.74,11.94,0.12,0.1,4.9,5.1,4.49,12878.0,3376
4312351,Montauri,RS,Sul,94.74,80.0,-14.74,91.94,11.94,0.12,0.1,1.2,7.4,5.84,1499.0,3377
2304608,General Sampaio,CE,Nordeste,94.49,80.0,-14.49,91.96,11.96,0.12,0.1,0.2,6.2,4.15,6734.0,3378
1716208,Paranã,TO,Norte,63.49,60.26,-3.23,72.22,11.96,0.12,0.1,3.9,5.0,4.58,10542.0,3379
2200806,Antônio Almeida,PI,Nordeste,100.0,80.0,-20.0,91.96,11.96,0.12,0.1,1.2,5.6,4.45,3152.0,3380
1600808,Vitória do Jari,AP,Norte,49.25,51.85,2.6,63.82,11.97,0.12,0.1,14.6,4.9,4.44,11291.0,3381
2406106,Jucurutu,RN,Nordeste,51.51,51.05,-0.46,63.02,11.97,0.12,0.1,5.7,5.6,4.43,17793.0,3382
3556958,Vitória Brasil,SP,Sudeste,100.0,72.91,-27.09,84.88,11.97,0.12,0.1,2.3,6.8,5.05,1794.0,3383
3143203,Monte Santo de Minas,MG,Sudeste,61.8,60.19,-1.61,72.16,11.97,0.12,0.1,0.6,6.3,5.12,20890.0,3384
3200201,Alegre,ES,Sudeste,75.2,73.02,-2.18,85.0,11.98,0.12,0.1,5.0,7.2,4.79,29177.0,3385
2405504,Jardim de Angicos,RN,Nordeste,44.11,41.89,-2.22,53.87,11.99,0.12,0.1,7.0,4.7,4.43,2437.0,3386
1200336,Mâncio Lima,AC,Norte,58.34,56.0,-2.34,68.0,12.0,0.12,0.1,9.3,5.6,4.39,19294.0,3387
3144805,Nova Lima,MG,Sudeste,77.82,67.91,-9.91,79.92,12.01,0.12,0.1,2.5,6.7,5.32,111697.0,3388
3116506,Claro dos Poções,MG,Sudeste,86.67,74.64,-12.03,86.66,12.02,0.12,0.1,0.3,6.5,4.64,7166.0,3389
3146503,Pains,MG,Sudeste,84.88,73.35,-11.53,85.37,12.02,0.12,0.1,0.5,7.1,5.19,8142.0,3390
4113734,Luiziana,PR,Sul,95.42,80.0,-15.42,92.02,12.02,0.12,0.1,19.1,6.5,5.09,6690.0,3391
4209151,José Boiteux,SC,Sul,59.24,57.27,-1.97,69.29,12.03,0.12,0.1,4.2,5.8,5.43,5985.0,3392
2311959,Salitre,CE,Nordeste,95.63,80.0,-15.63,92.04,12.04,0.12,0.1,1.5,6.5,4.24,16633.0,3393
2708006,Santana do Ipanema,AL,Nordeste,58.3,55.85,-2.45,67.9,12.04,0.12,0.1,4.5,5.3,4.29,46220.0,3394
4123824,Santa Lúcia,PR,Sul,88.15,79.72,-8.43,91.77,12.05,0.12,0.1,2.6,6.7,5.28,3644.0,3395
3107109,Boa Esperança,MG,Sudeste,72.32,66.41,-5.91,78.47,12.06,0.12,0.1,0.5,6.8,5.16,39848.0,3396
3171105,Veríssimo,MG,Sudeste,82.7,78.0,-4.7,90.06,12.06,0.12,0.1,5.6,8.9,5.06,3411.0,3397
3116803,Coluna,MG,Sudeste,81.36,71.59,-9.77,83.66,12.06,0.12,0.1,0.4,6.6,4.49,8163.0,3398
3114550,Carneirinho,MG,Sudeste,78.06,65.58,-12.48,77.65,12.06,0.12,0.1,2.0,6.1,5.24,9422.0,3399
3304508,Rio das Flores,RJ,Sudeste,76.11,69.39,-6.72,81.46,12.07,0.12,0.1,10.0,6.8,5.04,8954.0,3400
2927309,Salinas da Margarida,BA,Nordeste,62.84,63.28,0.44,75.34,12.07,0.12,0.1,15.9,6.0,4.43,14987.0,3401
4104428,Candói,PR,Sul,83.61,76.37,-7.24,88.44,12.07,0.12,0.1,7.7,6.8,5.08,14973.0,3402
5105507,Vila Bela da Santíssima Trindade,MT,Centro-Oeste,64.61,62.71,-1.9,74.79,12.07,0.12,0.1,4.2,5.2,4.9,16774.0,3403
5222005,Vianópolis,GO,Centro-Oeste,87.89,80.0,-7.89,92.08,12.08,0.12,0.1,1.9,6.9,5.15,14956.0,3404
2900702,Alagoinhas,BA,Nordeste,52.3,55.09,2.79,67.17,12.08,0.12,0.1,21.6,5.7,4.57,151055.0,3405
2915908,Itanagra,BA,Nordeste,55.77,47.16,-8.61,59.25,12.09,0.12,0.1,11.0,4.8,4.44,5914.0,3406
2306306,Itapajé,CE,Nordeste,90.69,80.0,-10.69,92.09,12.09,0.12,0.1,0.6,6.9,4.17,46426.0,3407
2610806,Pedra,PE,Nordeste,63.5,62.86,-0.64,74.96,12.1,0.12,0.1,6.5,5.7,4.18,22795.0,3408
5108402,Várzea Grande,MT,Centro-Oeste,70.79,63.34,-7.45,75.44,12.1,0.12,0.1,3.5,5.7,5.03,300078.0,3409
3201100,Bom Jesus do Norte,ES,Sudeste,79.87,73.15,-6.72,85.26,12.1,0.12,0.1,8.8,7.0,4.7,10254.0,3410
5106703,Ponte Branca,MT,Centro-Oeste,88.87,78.2,-10.67,90.31,12.11,0.12,0.1,5.5,6.2,4.98,2008.0,3411
4118006,Paraíso do Norte,PR,Sul,77.92,77.18,-0.74,89.3,12.12,0.12,0.1,6.8,7.2,5.23,13245.0,3412
1100304,Vilhena,RO,Norte,78.47,72.38,-6.09,84.5,12.12,0.12,0.1,7.1,6.1,5.2,95832.0,3413
3166303,Sericita,MG,Sudeste,82.89,73.87,-9.02,86.0,12.13,0.12,0.1,1.6,6.5,4.66,7345.0,3414
1508001,Tomé-Açu,PA,Norte,61.34,63.38,2.04,75.51,12.13,0.12,0.1,6.0,6.2,4.22,67585.0,3415
3159209,Santa Rita de Caldas,MG,Sudeste,91.67,80.0,-11.67,92.14,12.14,0.12,0.1,1.6,7.5,5.31,8460.0,3416
3161056,São Félix de Minas,MG,Sudeste,85.67,73.64,-12.03,85.78,12.14,0.12,0.1,2.5,6.6,4.77,3200.0,3417
2608750,Lagoa Grande,PE,Nordeste,74.38,66.88,-7.5,79.02,12.14,0.12,0.1,3.1,5.7,4.48,24088.0,3418
4125357,São Jorge do Patrocínio,PR,Sul,83.23,76.88,-6.35,89.03,12.15,0.12,0.1,2.3,7.0,5.21,6504.0,3419
5103908,General Carneiro,MT,Centro-Oeste,93.33,80.0,-13.33,92.16,12.16,0.12,0.1,18.9,6.1,5.07,6037.0,3420
4126306,Sengés,PR,Sul,91.78,80.0,-11.78,92.17,12.17,0.12,0.1,3.3,7.6,4.99,17270.0,3421
3152402,Poté,MG,Sudeste,59.53,59.95,0.42,72.15,12.2,0.12,0.1,2.7,6.1,4.52,13666.0,3422
3533106,Nova Guataporanga,SP,Sudeste,90.48,72.91,-17.57,85.12,12.2,0.12,0.1,2.6,7.5,5.24,2156.0,3423
4111209,Itapejara d'Oeste,PR,Sul,83.31,77.5,-5.81,89.71,12.21,0.12,0.1,2.3,7.6,5.31,12344.0,3424
2303956,Chorozinho,CE,Nordeste,99.55,80.0,-19.55,92.21,12.21,0.12,0.1,2.8,7.1,4.43,20163.0,3425
3132008,Itacambira,MG,Sudeste,100.0,79.19,-20.81,91.41,12.21,0.12,0.1,0.0,7.2,4.21,4252.0,3426
5105580,Marcelândia,MT,Centro-Oeste,83.59,70.71,-12.88,82.93,12.22,0.12,0.1,5.0,5.6,4.89,11396.0,3427
2615300,Timbaúba,PE,Nordeste,90.04,76.77,-13.27,88.99,12.23,0.12,0.1,7.3,6.8,4.36,46147.0,3428
2111052,São João do Paraíso,MA,Nordeste,57.02,55.03,-1.99,67.26,12.24,0.12,0.1,3.8,5.2,4.5,9904.0,3429
5209937,Inaciolândia,GO,Centro-Oeste,86.33,77.89,-8.44,90.12,12.24,0.12,0.1,2.6,6.1,5.01,5954.0,3430
3115359,Catas Altas,MG,Sudeste,88.18,73.26,-14.92,85.5,12.24,0.12,0.1,1.1,6.6,5.34,5473.0,3431
2311231,Potiretama,CE,Nordeste,98.7,80.0,-18.7,92.24,12.24,0.12,0.1,0.9,6.8,4.4,5974.0,3432
3105103,Bambuí,MG,Sudeste,82.89,72.55,-10.34,84.8,12.25,0.12,0.1,1.4,7.1,5.21,23546.0,3433
3533254,Novais,SP,Sudeste,97.74,73.89,-23.85,86.14,12.25,0.12,0.1,3.0,6.9,5.13,4412.0,3434
3114709,Carvalhópolis,MG,Sudeste,92.86,78.3,-14.56,90.56,12.25,0.12,0.1,2.8,7.0,5.36,3341.0,3435
4121604,Renascença,PR,Sul,74.89,75.05,0.16,87.3,12.25,0.12,0.1,1.2,6.8,5.28,6845.0,3436
3105004,Baldim,MG,Sudeste,88.98,76.84,-12.14,89.1,12.26,0.12,0.1,1.2,6.7,4.87,7492.0,3437
3156908,Sacramento,MG,Sudeste,87.19,71.57,-15.62,83.83,12.26,0.12,0.1,6.2,6.3,5.25,26670.0,3438
2207553,Paquetá,PI,Nordeste,87.57,80.0,-7.57,92.27,12.27,0.12,0.1,3.3,6.3,4.12,3813.0,3439
2705804,Olho d'Água do Casado,AL,Nordeste,50.87,55.5,4.63,67.77,12.27,0.12,0.1,6.4,5.0,4.21,8349.0,3440
2915601,Itamaraju,BA,Nordeste,62.02,61.25,-0.77,73.52,12.27,0.12,0.1,6.5,5.8,4.4,59605.0,3441
1716505,Pedro Afonso,TO,Norte,64.68,66.02,1.34,78.3,12.28,0.12,0.1,0.9,6.4,4.86,14055.0,3442
1100940,Cujubim,RO,Norte,88.93,78.58,-10.35,90.86,12.28,0.12,0.1,11.1,6.0,4.78,14863.0,3443
2605152,Dormentes,PE,Nordeste,79.07,72.03,-7.04,84.32,12.28,0.12,0.1,1.1,6.8,4.43,17188.0,3444
5106653,Pontal do Araguaia,MT,Centro-Oeste,83.33,74.45,-8.88,86.73,12.28,0.12,0.1,2.5,5.9,5.17,6932.0,3445
2800407,Arauá,SE,Nordeste,58.02,53.44,-4.58,65.72,12.28,0.12,0.1,5.2,5.5,4.28,10318.0,3446
3302205,Itaperuna,RJ,Sudeste,76.34,73.91,-2.43,86.2,12.29,0.12,0.1,11.1,7.4,5.03,101041.0,3447
2614303,Moreilândia,PE,Nordeste,64.0,61.31,-2.69,73.6,12.29,0.12,0.1,5.6,5.3,4.39,10540.0,3448
4106308,Corbélia,PR,Sul,90.89,77.04,-13.85,89.34,12.3,0.12,0.1,6.0,6.5,5.49,17470.0,3449
4122305,Rio Negro,PR,Sul,89.84,80.0,-9.84,92.31,12.31,0.12,0.1,3.0,7.7,5.41,31324.0,3450
3122702,Dom Silvério,MG,Sudeste,76.37,73.0,-3.37,85.31,12.31,0.12,0.1,0.0,7.3,5.11,5228.0,3451
3204203,Piúma,ES,Sudeste,81.01,70.79,-10.22,83.1,12.31,0.12,0.1,10.5,6.6,5.09,22300.0,3452
1200203,Cruzeiro do Sul,AC,Norte,59.49,56.0,-3.49,68.31,12.31,0.12,0.1,11.6,6.2,4.66,91888.0,3453
2512754,Riachão do Bacamarte,PB,Nordeste,60.05,61.52,1.47,73.85,12.33,0.12,0.1,2.9,5.0,4.48,4690.0,3454
2931004,Tanhaçu,BA,Nordeste,72.08,68.91,-3.17,81.26,12.35,0.12,0.1,8.3,6.2,4.43,21006.0,3455
4215554,Santa Helena,SC,Sul,91.18,79.06,-12.12,91.42,12.35,0.12,0.1,0.7,6.7,5.58,2425.0,3456
4112751,Jesuítas,PR,Sul,90.83,80.0,-10.83,92.35,12.35,0.12,0.1,7.8,6.5,5.27,10506.0,3457
4112801,Joaquim Távora,PR,Sul,94.13,80.0,-14.13,92.36,12.36,0.12,0.1,15.7,8.0,5.31,11945.0,3458
3162922,São Joaquim de Bicas,MG,Sudeste,79.73,63.48,-16.25,75.84,12.36,0.12,0.1,10.4,5.9,5.11,34348.0,3459
5211909,Jataí,GO,Centro-Oeste,76.65,71.57,-5.08,83.93,12.36,0.12,0.1,7.1,6.5,5.35,105729.0,3460
4314308,Pejuçara,RS,Sul,89.0,70.28,-18.72,82.66,12.37,0.12,0.1,4.5,6.5,5.69,3745.0,3461
5217609,Planaltina,GO,Centro-Oeste,82.4,72.33,-10.07,84.7,12.37,0.12,0.1,13.1,5.9,5.0,105031.0,3462
5006002,Nova Alvorada do Sul,MS,Centro-Oeste,57.56,57.34,-0.22,69.72,12.39,0.12,0.1,17.2,5.6,5.17,21822.0,3463
4307864,Fagundes Varela,RS,Sul,93.1,80.0,-13.1,92.39,12.39,0.12,0.1,2.2,8.3,5.87,2566.0,3464
3503703,Ariranha,SP,Sudeste,89.0,71.45,-17.55,83.84,12.39,0.12,0.1,1.7,7.7,5.38,7602.0,3465
2206407,Monsenhor Gil,PI,Nordeste,73.44,69.71,-3.73,82.11,12.39,0.12,0.1,8.2,6.2,4.35,10255.0,3466
3200102,Afonso Cláudio,ES,Sudeste,94.5,80.0,-14.5,92.4,12.4,0.12,0.1,3.5,7.1,4.98,30684.0,3467
4206751,Ibiam,SC,Sul,86.56,72.37,-14.19,84.77,12.4,0.12,0.1,4.3,6.4,5.45,2008.0,3468
4104451,Cantagalo,PR,Sul,77.13,72.41,-4.72,84.81,12.4,0.12,0.1,4.3,6.3,5.13,10933.0,3469
2806008,Ribeirópolis,SE,Nordeste,68.18,55.15,-13.03,67.55,12.4,0.12,0.1,9.8,5.1,4.61,17033.0,3470
1706506,Darcinópolis,TO,Norte,52.09,53.56,1.47,65.96,12.41,0.12,0.1,7.6,4.9,4.54,5827.0,3471
4118907,Pérola,PR,Sul,90.49,79.1,-11.39,91.51,12.41,0.12,0.1,4.9,7.0,5.31,11878.0,3472
2509370,Mato Grosso,PB,Nordeste,35.71,58.96,23.25,71.37,12.41,0.12,0.1,20.3,6.6,4.57,2543.0,3473
2918308,Jitaúna,BA,Nordeste,43.19,48.5,5.31,60.92,12.41,0.12,0.1,11.2,4.7,4.09,14355.0,3474
2201770,Boa Hora,PI,Nordeste,67.35,68.91,1.56,81.33,12.42,0.12,0.1,8.3,5.2,4.02,6902.0,3475
5203500,Bom Jesus de Goiás,GO,Centro-Oeste,87.36,77.64,-9.72,90.06,12.42,0.12,0.1,5.5,6.2,5.22,23958.0,3476
5212303,Leopoldo de Bulhões,GO,Centro-Oeste,89.33,78.69,-10.64,91.11,12.42,0.12,0.1,7.5,6.5,4.94,8745.0,3477
3549607,São José do Barreiro,SP,Sudeste,58.41,57.73,-0.68,70.16,12.43,0.12,0.1,0.9,6.6,5.05,3853.0,3478
1506559,Santa Luzia do Pará,PA,Norte,81.15,67.75,-13.4,80.18,12.43,0.12,0.1,10.5,5.1,4.18,20370.0,3479
4114203,Mandaguari,PR,Sul,93.0,80.0,-13.0,92.44,12.44,0.12,0.1,5.1,8.1,5.4,36716.0,3480
2703205,Igreja Nova,AL,Nordeste,67.59,63.34,-4.25,75.78,12.44,0.12,0.1,3.4,5.3,4.24,21372.0,3481
4107504,Engenheiro Beltrão,PR,Sul,92.25,80.0,-12.25,92.45,12.45,0.12,0.1,3.3,6.8,5.23,12454.0,3482
2205250,Jardim do Mulato,PI,Nordeste,84.0,68.7,-15.3,81.16,12.45,0.12,0.1,3.3,4.9,4.38,4180.0,3483
5221809,Urutaí,GO,Centro-Oeste,80.38,78.93,-1.45,91.39,12.46,0.12,0.1,1.1,6.4,5.08,3553.0,3484
3118700,Coqueiral,MG,Sudeste,91.13,75.29,-15.84,87.75,12.47,0.12,0.1,3.1,6.3,5.09,9023.0,3485
3119401,Coronel Fabriciano,MG,Sudeste,71.1,63.05,-8.05,75.53,12.47,0.12,0.1,2.3,6.6,5.14,104736.0,3486
4114104,Mandaguaçu,PR,Sul,71.6,69.62,-1.98,82.1,12.48,0.12,0.1,3.6,6.9,5.24,31457.0,3487
1702901,Axixá do Tocantins,TO,Norte,55.63,52.98,-2.65,65.46,12.49,0.12,0.1,5.1,5.0,4.43,10262.0,3488
4103958,Campina do Simão,PR,Sul,91.95,80.0,-11.95,92.49,12.49,0.12,0.1,17.5,6.0,4.9,3936.0,3489
3163102,São José da Varginha,MG,Sudeste,93.33,67.08,-26.25,79.58,12.49,0.12,0.1,1.6,6.1,5.01,4536.0,3490
3103801,Arapuá,MG,Sudeste,96.77,80.0,-16.77,92.5,12.5,0.12,0.1,0.0,7.2,5.17,2631.0,3491
2801405,Carira,SE,Nordeste,62.68,55.05,-7.63,67.56,12.51,0.11,0.1,12.9,5.5,4.47,19939.0,3492
2501534,Baraúna,PB,Nordeste,79.08,69.22,-9.86,81.73,12.51,0.11,0.1,3.0,6.5,4.45,4762.0,3493
4123303,Santa Cruz de Monte Castelo,PR,Sul,83.27,80.0,-3.27,92.51,12.51,0.11,0.1,13.6,7.6,5.17,8613.0,3494
2403004,Cruzeta,RN,Nordeste,64.52,65.37,0.85,77.88,12.51,0.11,0.1,0.2,6.9,4.52,8005.0,3495
4316436,Saldanha Marinho,RS,Sul,67.64,60.58,-7.06,73.1,12.52,0.11,0.1,5.0,7.7,5.49,2575.0,3496
3169208,Tombos,MG,Sudeste,70.0,67.94,-2.06,80.46,12.52,0.11,0.1,5.4,6.2,5.01,8609.0,3497
3161106,São Francisco,MG,Sudeste,67.11,62.43,-4.68,74.96,12.53,0.11,0.1,2.9,6.0,4.52,52762.0,3498
2512788,Riacho de Santo Antônio,PB,Nordeste,90.91,79.19,-11.72,91.74,12.55,0.11,0.1,6.8,6.2,4.38,1955.0,3499
3521101,Ipeúna,SP,Sudeste,73.67,61.23,-12.44,73.79,12.56,0.11,0.1,1.8,7.0,5.2,6831.0,3500
2210300,São Julião,PI,Nordeste,88.85,80.0,-8.85,92.58,12.58,0.11,0.1,7.1,6.7,4.26,6025.0,3501
3153509,Alto Jequitibá,MG,Sudeste,80.92,64.86,-16.06,77.44,12.58,0.11,0.1,2.4,5.9,4.98,8397.0,3502
3155405,Rio Novo,MG,Sudeste,63.37,58.4,-4.97,70.99,12.58,0.11,0.1,5.0,5.8,4.97,8518.0,3503
5007505,Rochedo,MS,Centro-Oeste,63.93,58.21,-5.72,70.8,12.59,0.11,0.1,12.9,5.1,5.08,5199.0,3504
5007307,Rio Negro,MS,Centro-Oeste,71.94,66.03,-5.91,78.63,12.6,0.11,0.1,11.8,5.7,5.1,4841.0,3505
3203502,Montanha,ES,Sudeste,83.62,71.08,-12.54,83.68,12.6,0.11,0.1,7.5,6.3,4.91,18900.0,3506
1506708,Santana do Araguaia,PA,Norte,77.03,66.77,-10.26,79.38,12.61,0.11,0.1,10.9,5.2,4.59,32413.0,3507
4116901,Nova Esperança,PR,Sul,90.21,76.78,-13.43,89.38,12.6,0.11,0.1,3.7,7.2,5.3,26585.0,3508
2305332,Ibicuitinga,CE,Nordeste,98.7,80.0,-18.7,92.61,12.61,0.11,0.1,0.7,6.5,4.33,11611.0,3509
4113304,Laranjeiras do Sul,PR,Sul,83.41,75.73,-7.68,88.33,12.61,0.11,0.1,13.2,7.2,5.35,32227.0,3510
2612802,Santa Terezinha,PE,Nordeste,87.74,73.75,-13.99,86.37,12.62,0.11,0.1,5.9,6.4,4.49,10244.0,3511
2907509,Catu,BA,Nordeste,68.43,60.92,-7.51,73.54,12.62,0.11,0.1,4.5,5.5,4.6,48148.0,3512
3172103,Volta Grande,MG,Sudeste,76.47,64.83,-11.64,77.45,12.62,0.11,0.1,3.8,5.2,4.8,4443.0,3513
2905404,Cairu,BA,Nordeste,67.67,57.15,-10.52,69.77,12.62,0.11,0.1,20.3,4.9,4.3,17761.0,3514
4212056,Palmeira,SC,Sul,86.67,73.16,-13.51,85.79,12.64,0.11,0.1,9.8,6.3,5.47,2561.0,3515
5212105,Joviânia,GO,Centro-Oeste,70.57,68.49,-2.08,81.12,12.63,0.11,0.1,3.5,5.9,5.38,7159.0,3516
2904001,Boninal,BA,Nordeste,60.89,61.79,0.9,74.43,12.64,0.11,0.09,3.6,5.3,4.58,13622.0,3517
3117876,Confins,MG,Sudeste,76.23,65.74,-10.49,78.39,12.64,0.11,0.09,1.6,6.3,5.21,7350.0,3518
3142254,Miravânia,MG,Sudeste,74.64,59.37,-15.27,72.02,12.65,0.11,0.09,0.4,4.5,4.46,3985.0,3519
5006606,Ponta Porã,MS,Centro-Oeste,78.41,68.42,-9.99,81.07,12.65,0.11,0.09,13.4,6.1,5.17,92017.0,3520
2603801,Capoeiras,PE,Nordeste,73.26,64.93,-8.33,77.58,12.66,0.11,0.09,2.3,6.1,4.39,18338.0,3521
4101309,Antônio Olinto,PR,Sul,91.17,80.0,-11.17,92.66,12.66,0.11,0.09,6.5,7.3,5.14,7018.0,3522
4116406,Nossa Senhora das Graças,PR,Sul,89.51,79.52,-9.99,92.18,12.66,0.11,0.09,7.5,7.0,,3669.0,3523
2702900,Girau do Ponciano,AL,Nordeste,55.81,56.43,0.62,69.1,12.67,0.11,0.09,5.8,5.8,4.11,36102.0,3524
2901106,Amélia Rodrigues,BA,Nordeste,66.4,57.49,-8.91,70.16,12.67,0.11,0.09,14.8,4.8,4.42,24138.0,3525
3163904,São Pedro da União,MG,Sudeste,88.21,78.31,-9.9,90.98,12.67,0.11,0.09,1.0,7.0,5.1,4885.0,3526
2404705,Ipanguaçu,RN,Nordeste,32.47,38.75,6.28,51.42,12.67,0.11,0.09,10.6,5.3,4.57,14131.0,3527
1705508,Colinas do Tocantins,TO,Norte,71.73,64.96,-6.77,77.64,12.68,0.11,0.09,6.4,6.4,4.8,34233.0,3528
4128708,Vitorino,PR,Sul,79.57,75.33,-4.24,88.02,12.68,0.11,0.09,1.7,7.5,5.4,9706.0,3529
2110708,São Domingos do Maranhão,MA,Nordeste,64.34,60.0,-4.34,72.68,12.68,0.11,0.09,3.5,5.1,4.4,34034.0,3530
4123006,Salto do Lontra,PR,Sul,90.49,80.0,-10.49,92.69,12.69,0.11,0.09,7.2,8.0,5.34,15223.0,3531
1100130,Machadinho D'Oeste,RO,Norte,67.72,65.16,-2.56,77.86,12.7,0.11,0.09,10.6,5.4,4.71,30707.0,3532
1710508,Itacajá,TO,Norte,84.42,69.78,-14.64,82.48,12.7,0.11,0.09,1.6,5.5,4.66,6819.0,3533
2310852,Pindoretama,CE,Nordeste,95.27,80.0,-15.27,92.7,12.7,0.11,0.09,1.5,7.4,4.39,23391.0,3534
2210631,Sebastião Leal,PI,Nordeste,96.83,80.0,-16.83,92.71,12.71,0.11,0.09,11.6,6.1,4.63,4446.0,3535
3130903,Inhapim,MG,Sudeste,83.51,73.88,-9.63,86.59,12.71,0.11,0.09,3.6,6.7,4.97,22692.0,3536
1504604,Mocajuba,PA,Norte,56.71,54.06,-2.65,66.77,12.72,0.11,0.09,14.1,5.0,4.19,27198.0,3537
4120309,Porto Vitória,PR,Sul,90.32,80.0,-10.32,92.72,12.72,0.11,0.09,5.8,7.5,5.37,3562.0,3538
4108551,Godoy Moreira,PR,Sul,88.74,80.0,-8.74,92.72,12.72,0.11,0.09,3.6,6.6,5.07,2977.0,3539
2507309,Jacaraú,PB,Nordeste,53.02,55.84,2.82,68.57,12.72,0.11,0.09,12.3,5.7,4.28,14477.0,3540
4109906,Icaraíma,PR,Sul,81.53,76.32,-5.21,89.04,12.72,0.11,0.09,5.4,7.2,5.21,8991.0,3541
3110400,Camacho,MG,Sudeste,91.43,80.0,-11.43,92.72,12.72,0.11,0.09,0.0,7.4,5.1,2838.0,3542
5103957,Glória D'Oeste,MT,Centro-Oeste,97.62,80.0,-17.62,92.72,12.72,0.11,0.09,0.5,6.5,4.92,2905.0,3543
4322376,Unistalda,RS,Sul,62.5,68.95,6.45,81.68,12.73,0.11,0.09,2.2,7.6,5.21,1995.0,3544
3165008,São Tiago,MG,Sudeste,92.9,80.0,-12.9,92.73,12.73,0.11,0.09,0.6,7.5,5.1,11192.0,3545
4110508,Ipiranga,PR,Sul,88.32,80.0,-8.32,92.74,12.74,0.11,0.09,7.6,7.4,5.2,14142.0,3546
5218052,Porteirão,GO,Centro-Oeste,95.4,80.0,-15.4,92.74,12.74,0.11,0.09,13.5,6.6,5.06,4070.0,3547
2901403,Angical,BA,Nordeste,59.3,57.83,-1.47,70.57,12.74,0.11,0.09,7.9,5.4,4.57,13732.0,3548
2805901,Riachuelo,SE,Nordeste,44.23,35.84,-8.39,48.59,12.75,0.11,0.09,19.8,4.0,4.41,8748.0,3549
2304285,Eusébio,CE,Nordeste,95.56,80.0,-15.56,92.75,12.75,0.11,0.09,1.3,7.1,4.81,74170.0,3550
2903805,Boa Vista do Tupim,BA,Nordeste,56.41,54.98,-1.43,67.73,12.75,0.11,0.09,9.4,5.5,4.17,16873.0,3551
2909000,Cordeiros,BA,Nordeste,84.71,74.27,-10.44,87.04,12.77,0.11,0.09,4.7,6.4,4.66,7546.0,3552
3163300,São José do Divino,MG,Sudeste,58.97,61.96,2.99,74.73,12.77,0.11,0.09,0.4,6.0,4.84,3464.0,3553
3139409,Manhuaçu,MG,Sudeste,75.94,63.59,-12.35,76.37,12.77,0.11,0.09,2.4,6.4,5.02,91886.0,3554
1200500,Sena Madureira,AC,Norte,77.18,70.0,-7.18,82.78,12.78,0.11,0.09,22.5,6.3,4.63,41343.0,3555
1502939,Dom Eliseu,PA,Norte,80.51,69.2,-11.31,81.99,12.79,0.11,0.09,10.3,6.0,4.53,58484.0,3556
2102556,Campestre do Maranhão,MA,Nordeste,81.42,71.93,-9.49,84.71,12.79,0.11,0.09,3.7,6.2,4.48,12301.0,3557
4122156,Rio Bonito do Iguaçu,PR,Sul,91.29,80.0,-11.29,92.79,12.79,0.11,0.09,4.0,7.6,4.98,13929.0,3558
2614006,Serrita,PE,Nordeste,69.0,66.36,-2.64,79.16,12.8,0.11,0.09,4.4,6.0,4.16,18207.0,3559
1508126,Ulianópolis,PA,Norte,80.68,70.43,-10.25,83.23,12.8,0.11,0.09,4.0,6.5,4.5,37972.0,3560
3134301,Itumirim,MG,Sudeste,76.32,69.15,-7.17,81.96,12.81,0.11,0.09,1.2,6.6,4.94,6638.0,3561
1100908,Castanheiras,RO,Norte,77.45,74.69,-2.76,87.5,12.81,0.11,0.09,5.0,,4.81,3233.0,3562
2702306,Coruripe,AL,Nordeste,99.38,80.0,-19.38,92.81,12.81,0.11,0.09,3.3,10.0,4.52,50414.0,3563
2204600,Hugo Napoleão,PI,Nordeste,93.33,80.0,-13.33,92.81,12.81,0.11,0.09,2.0,6.0,4.39,3518.0,3564
5220108,São Luís de Montes Belos,GO,Centro-Oeste,83.97,72.83,-11.14,85.65,12.81,0.11,0.09,2.1,6.7,5.33,33852.0,3565
5004106,Guia Lopes da Laguna,MS,Centro-Oeste,64.13,62.79,-1.34,75.61,12.82,0.11,0.09,19.9,6.0,5.02,9940.0,3566
4120150,Porto Barreiro,PR,Sul,87.37,80.0,-7.37,92.83,12.83,0.11,0.09,4.0,7.4,5.25,3110.0,3567
4202099,Barra Bonita,SC,Sul,72.31,64.43,-7.88,77.26,12.83,0.11,0.09,1.9,6.2,5.33,1668.0,3568
2411809,São Fernando,RN,Nordeste,72.98,62.92,-10.06,75.75,12.83,0.11,0.09,8.7,5.8,4.71,3492.0,3569
2412500,São Miguel,RN,Nordeste,67.99,58.87,-9.12,71.7,12.83,0.11,0.09,5.3,6.2,4.46,23537.0,3570
3120607,Crucilândia,MG,Sudeste,95.93,80.0,-15.93,92.84,12.84,0.11,0.09,0.0,7.0,5.19,5434.0,3571
2111805,Sítio Novo,MA,Nordeste,65.54,60.32,-5.22,73.16,12.84,0.11,0.09,5.6,5.3,4.38,17074.0,3572
3128006,Guanhães,MG,Sudeste,80.63,68.35,-12.28,81.2,12.85,0.11,0.09,1.4,6.6,4.92,32244.0,3573
2924009,Paulo Afonso,BA,Nordeste,42.56,49.0,6.44,61.84,12.85,0.11,0.09,19.1,5.6,4.63,112870.0,3574
4123956,Santa Mônica,PR,Sul,85.91,79.25,-6.66,92.11,12.86,0.11,0.09,8.3,6.2,5.02,3356.0,3575
4125555,São Manoel do Paraná,PR,Sul,84.62,80.0,-4.62,92.86,12.86,0.11,0.09,4.6,8.6,5.32,2138.0,3576
3123304,Dores do Turvo,MG,Sudeste,85.76,78.16,-7.6,91.02,12.87,0.11,0.09,1.2,7.8,4.84,4987.0,3577
3514924,Elisiário,SP,Sudeste,88.79,75.85,-12.94,88.71,12.87,0.11,0.09,0.6,7.9,5.26,3138.0,3578
2914307,Iramaia,BA,Nordeste,42.72,50.92,8.2,63.79,12.87,0.11,0.09,5.0,5.2,4.54,10752.0,3579
2313252,Tarrafas,CE,Nordeste,96.93,80.0,-16.93,92.88,12.88,0.11,0.09,0.4,6.4,4.29,7529.0,3580
2505279,Curral de Cima,PB,Nordeste,74.41,68.1,-6.31,80.98,12.88,0.11,0.09,5.1,5.5,4.13,5254.0,3581
4107546,Espigão Alto do Iguaçu,PR,Sul,76.95,75.63,-1.32,88.51,12.88,0.11,0.09,8.8,6.7,5.12,4797.0,3582
3128709,Guaxupé,MG,Sudeste,75.02,66.22,-8.8,79.11,12.89,0.11,0.09,1.6,6.7,5.14,50911.0,3583
2901700,Antônio Cardoso,BA,Nordeste,52.07,55.29,3.22,68.18,12.89,0.11,0.09,16.4,5.6,4.26,11146.0,3584
4114351,Manfrinópolis,PR,Sul,92.31,80.0,-12.31,92.9,12.9,0.11,0.09,1.3,7.1,5.07,2770.0,3585
5210158,Ipiranga de Goiás,GO,Centro-Oeste,100.0,80.0,-20.0,92.9,12.9,0.11,0.09,0.6,7.2,5.47,2919.0,3586
5220280,São Patrício,GO,Centro-Oeste,100.0,80.0,-20.0,92.9,12.9,0.11,0.09,2.7,5.6,5.07,2143.0,3587
4112108,Jandaia do Sul,PR,Sul,91.0,78.32,-12.68,91.23,12.92,0.11,0.09,8.4,7.2,5.41,21408.0,3588
3155306,Rio Manso,MG,Sudeste,85.27,75.26,-10.01,88.19,12.94,0.11,0.09,2.7,7.7,5.1,5568.0,3589
2906808,Cansanção,BA,Nordeste,56.43,52.54,-3.89,65.47,12.94,0.11,0.09,15.4,4.7,4.37,37439.0,3590
4116059,Missal,PR,Sul,90.74,80.0,-10.74,92.94,12.94,0.11,0.09,2.0,8.4,5.42,11064.0,3591
3111705,Canaã,MG,Sudeste,96.97,77.76,-19.21,90.7,12.94,0.11,0.09,0.3,6.2,4.77,4715.0,3592
5206404,Crixás,GO,Centro-Oeste,83.64,72.95,-10.69,85.89,12.95,0.11,0.09,2.5,6.1,5.17,17065.0,3593
3155801,Rio Pomba,MG,Sudeste,84.74,72.23,-12.51,85.18,12.95,0.11,0.09,3.5,7.0,4.99,17443.0,3594
4212601,Peritiba,SC,Sul,94.87,80.0,-14.87,92.96,12.96,0.11,0.09,3.1,7.5,5.76,2992.0,3595
5108808,Nova Guarita,MT,Centro-Oeste,81.88,73.6,-8.28,86.57,12.97,0.11,0.09,1.8,6.7,5.02,4590.0,3596
4128534,Ventania,PR,Sul,89.42,76.76,-12.66,89.74,12.98,0.11,0.09,11.3,6.1,5.09,9681.0,3597
2908408,Conceição do Coité,BA,Nordeste,50.86,51.77,0.91,64.75,12.98,0.11,0.09,11.2,5.5,4.53,67825.0,3598
4113106,Kaloré,PR,Sul,80.68,80.0,-0.68,92.98,12.98,0.11,0.09,9.7,7.9,5.42,4582.0,3599
5221304,Três Ranchos,GO,Centro-Oeste,96.76,79.69,-17.07,92.67,12.98,0.11,0.09,11.6,6.8,5.41,2921.0,3600
5108956,Nova Monte Verde,MT,Centro-Oeste,93.86,78.41,-15.45,91.39,12.98,0.11,0.09,1.3,6.8,5.05,8313.0,3601
2910008,Dário Meira,BA,Nordeste,56.3,57.68,1.38,70.67,12.99,0.11,0.09,13.8,5.4,4.4,10820.0,3602
4108650,Goioxim,PR,Sul,89.95,80.0,-9.95,92.99,12.99,0.11,0.09,7.7,7.3,4.84,6566.0,3603
2404408,Grossos,RN,Nordeste,71.53,59.21,-12.32,72.2,12.99,0.11,0.09,11.3,5.9,4.56,9924.0,3604
4120903,Quedas do Iguaçu,PR,Sul,80.24,75.5,-4.74,88.49,12.99,0.11,0.09,11.0,7.2,5.21,30738.0,3605
2602506,Brejinho,PE,Nordeste,86.62,75.37,-11.25,88.36,12.99,0.11,0.09,3.4,6.7,4.33,7720.0,3606
5203203,Barro Alto,GO,Centro-Oeste,93.05,80.0,-13.05,92.99,12.99,0.11,0.09,1.7,7.4,5.26,10371.0,3607
1508407,Xinguara,PA,Norte,67.59,64.36,-3.23,77.37,13.01,0.11,0.09,16.1,6.3,4.65,52893.0,3608
4103040,Boa Ventura de São Roque,PR,Sul,85.81,77.12,-8.69,90.13,13.01,0.11,0.09,10.9,6.4,5.08,6378.0,3609
2401404,Baía Formosa,RN,Nordeste,47.04,49.92,2.88,62.93,13.01,0.11,0.09,9.6,5.6,4.56,8825.0,3610
2613008,São Bento do Una,PE,Nordeste,75.04,67.47,-7.57,80.48,13.02,0.11,0.09,4.1,6.1,4.4,49449.0,3611
1301605,Fonte Boa,AM,Norte,52.3,50.56,-1.74,63.58,13.02,0.11,0.09,11.7,4.7,4.26,25871.0,3612
2914000,Ipirá,BA,Nordeste,56.31,52.73,-3.58,65.75,13.02,0.11,0.09,15.7,5.1,4.23,56876.0,3613
2910404,Encruzilhada,BA,Nordeste,68.56,60.03,-8.53,73.05,13.02,0.11,0.09,17.6,5.3,4.35,19107.0,3614
4124509,Santo Inácio,PR,Sul,96.08,80.0,-16.08,93.02,13.02,0.11,0.09,10.3,7.4,,6181.0,3615
5102504,Cáceres,MT,Centro-Oeste,70.84,63.13,-7.71,76.16,13.03,0.11,0.09,0.9,5.6,4.9,89681.0,3616
2511806,Pirpirituba,PB,Nordeste,45.43,55.75,10.32,68.77,13.03,0.11,0.09,12.4,5.0,4.22,9340.0,3617
5210208,Iporá,GO,Centro-Oeste,90.13,79.07,-11.06,92.11,13.03,0.11,0.09,2.3,7.3,5.29,35684.0,3618
3534500,Oscar Bressane,SP,Sudeste,92.0,73.71,-18.29,86.75,13.04,0.11,0.09,0.7,8.2,5.49,2470.0,3619
4113908,Mallet,PR,Sul,91.8,80.0,-11.8,93.04,13.04,0.11,0.09,2.4,7.5,5.28,13428.0,3620
3135803,Jequitinhonha,MG,Sudeste,61.75,61.2,-0.55,74.24,13.04,0.11,0.09,2.5,6.2,4.41,24007.0,3621
2929255,São Gabriel,BA,Nordeste,57.09,54.84,-2.25,67.89,13.04,0.11,0.09,3.7,5.1,4.26,18600.0,3622
3203403,Mimoso do Sul,ES,Sudeste,85.07,73.61,-11.46,86.66,13.05,0.11,0.09,6.6,6.7,4.9,24475.0,3623
5007208,Rio Brilhante,MS,Centro-Oeste,63.9,59.07,-4.83,72.13,13.06,0.11,0.09,13.3,5.6,5.11,37601.0,3624
2205151,Jacobina do Piauí,PI,Nordeste,98.25,80.0,-18.25,93.06,13.06,0.11,0.09,2.5,6.1,4.31,5613.0,3625
4104303,Campo Mourão,PR,Sul,87.39,78.65,-8.74,91.71,13.07,0.11,0.09,13.5,7.1,5.41,99432.0,3626
3200169,Água Doce do Norte,ES,Sudeste,88.62,78.52,-10.1,91.58,13.07,0.11,0.09,7.9,6.7,4.55,12042.0,3627
1100023,Ariquemes,RO,Norte,79.5,70.71,-8.79,83.79,13.08,0.11,0.09,11.6,5.7,4.93,96833.0,3628
5208400,Goianápolis,GO,Centro-Oeste,90.43,77.0,-13.43,90.09,13.09,0.11,0.09,4.2,6.7,5.2,13967.0,3629
3124500,Estiva,MG,Sudeste,85.37,75.89,-9.48,88.99,13.1,0.11,0.09,1.3,7.7,5.29,11502.0,3630
1701002,Ananás,TO,Norte,58.27,58.93,0.66,72.03,13.1,0.11,0.09,6.5,5.9,4.74,10325.0,3631
2515203,São Sebastião do Umbuzeiro,PB,Nordeste,89.36,80.0,-9.36,93.1,13.1,0.11,0.09,1.2,6.2,4.62,3279.0,3632
2407401,Martins,RN,Nordeste,68.81,59.89,-8.92,73.0,13.11,0.11,0.09,6.6,6.3,4.76,8179.0,3633
2309805,Pacoti,CE,Nordeste,92.87,80.0,-12.87,93.11,13.11,0.11,0.09,1.4,6.7,4.27,11186.0,3634
2933406,Wagner,BA,Nordeste,64.36,66.2,1.84,79.32,13.11,0.11,0.09,4.0,6.2,4.29,9503.0,3635
4120358,Pranchita,PR,Sul,96.25,80.0,-16.25,93.11,13.11,0.11,0.09,6.7,6.7,5.37,5737.0,3636
4108957,Guamiranga,PR,Sul,86.02,79.73,-6.29,92.85,13.11,0.11,0.09,3.5,7.4,5.04,7856.0,3637
2310100,Palmácia,CE,Nordeste,89.72,80.0,-9.72,93.11,13.11,0.11,0.09,0.5,6.8,4.1,10242.0,3638
3202702,Itaguaçu,ES,Sudeste,85.0,76.68,-8.32,89.8,13.12,0.11,0.09,2.4,7.6,5.04,13589.0,3639
3205150,Vila Pavão,ES,Sudeste,90.45,77.02,-13.43,90.13,13.12,0.11,0.09,2.1,6.7,4.85,8911.0,3640
2911808,Guaratinga,BA,Nordeste,49.51,47.34,-2.17,60.46,13.12,0.11,0.09,15.6,4.5,4.5,19049.0,3641
2702603,Feira Grande,AL,Nordeste,57.23,56.1,-1.13,69.23,13.12,0.11,0.09,6.4,5.7,4.35,22712.0,3642
2911709,Guanambi,BA,Nordeste,72.16,64.0,-8.16,77.13,13.13,0.11,0.09,9.9,5.9,4.68,87817.0,3643
4110953,Itaipulândia,PR,Sul,89.62,80.0,-9.62,93.13,13.13,0.11,0.09,4.4,7.4,5.27,11485.0,3644
2503704,Cajazeiras,PB,Nordeste,68.6,65.31,-3.29,78.44,13.13,0.11,0.09,4.0,6.4,4.55,63239.0,3645
1720002,Santa Terezinha do Tocantins,TO,Norte,84.62,67.55,-17.07,80.69,13.13,0.11,0.09,1.1,5.6,4.51,2406.0,3646
3139003,Machado,MG,Sudeste,80.71,69.52,-11.19,82.65,13.13,0.11,0.09,0.7,7.2,5.24,37684.0,3647
2304301,Farias Brito,CE,Nordeste,97.91,80.0,-17.91,93.14,13.14,0.11,0.09,0.9,6.5,4.23,18217.0,3648
5204102,Cachoeira Alta,GO,Centro-Oeste,88.5,76.28,-12.22,89.43,13.15,0.11,0.09,5.4,5.9,5.18,11513.0,3649
4116109,Moreira Sales,PR,Sul,88.02,79.62,-8.4,92.77,13.15,0.11,0.09,2.9,7.2,5.08,11175.0,3650
2915106,Itagi,BA,Nordeste,56.74,57.65,0.91,70.8,13.15,0.11,0.09,14.6,5.5,3.96,13803.0,3651
3117108,Conceição da Aparecida,MG,Sudeste,89.51,75.07,-14.44,88.22,13.16,0.11,0.09,0.9,7.1,5.16,10371.0,3652
5211701,Jandaia,GO,Centro-Oeste,87.88,78.43,-9.45,91.59,13.16,0.11,0.09,2.6,6.6,5.14,6272.0,3653
2101806,Benedito Leite,MA,Nordeste,84.33,67.52,-16.81,80.69,13.17,0.11,0.09,18.6,5.1,4.52,5469.0,3654
3158102,Santa Maria do Salto,MG,Sudeste,65.38,63.01,-2.37,76.18,13.17,0.11,0.09,1.9,5.7,4.49,4755.0,3655
2707305,Porto Calvo,AL,Nordeste,55.45,56.93,1.48,70.1,13.17,0.1,0.09,4.6,5.9,4.44,24071.0,3656
4127205,Terra Boa,PR,Sul,94.74,80.0,-14.74,93.17,13.17,0.1,0.09,6.4,8.3,5.36,17568.0,3657
3139607,Mantena,MG,Sudeste,71.74,64.4,-7.34,77.58,13.18,0.1,0.09,2.3,6.5,4.86,26535.0,3658
3102852,Angelândia,MG,Sudeste,82.97,69.41,-13.56,82.59,13.18,0.1,0.09,1.1,6.3,4.39,7718.0,3659
3101102,Aimorés,MG,Sudeste,73.88,63.79,-10.09,76.97,13.18,0.1,0.09,2.3,6.0,5.06,25269.0,3660
5106422,Peixoto de Azevedo,MT,Centro-Oeste,56.81,56.63,-0.18,69.81,13.18,0.1,0.09,3.8,5.4,4.89,32714.0,3661
5204557,Caldazinha,GO,Centro-Oeste,79.65,75.66,-3.99,88.85,13.18,0.1,0.09,3.4,6.6,4.95,4507.0,3662
4107751,Figueira,PR,Sul,90.51,80.0,-10.51,93.19,13.19,0.1,0.09,5.4,6.9,5.22,8062.0,3663
3168002,Taiobeiras,MG,Sudeste,86.36,74.25,-12.11,87.43,13.19,0.1,0.09,0.6,6.9,4.77,33050.0,3664
2407005,Luís Gomes,RN,Nordeste,49.15,50.08,0.93,63.27,13.19,0.1,0.09,11.0,5.6,4.43,9070.0,3665
1100189,Pimenta Bueno,RO,Norte,82.34,74.48,-7.86,87.67,13.19,0.1,0.09,4.5,6.4,5.07,35079.0,3666
5000609,Amambai,MS,Centro-Oeste,65.74,60.11,-5.63,73.3,13.19,0.1,0.09,18.1,5.8,5.04,39325.0,3667
3200508,Apiacá,ES,Sudeste,71.49,68.74,-2.75,81.93,13.19,0.1,0.09,5.6,6.3,4.79,7223.0,3668
3163003,São José da Safira,MG,Sudeste,87.15,75.93,-11.22,89.13,13.2,0.1,0.09,3.7,6.5,4.55,3806.0,3669
3109709,Cachoeira de Minas,MG,Sudeste,84.67,70.4,-14.27,83.61,13.21,0.1,0.09,3.2,6.8,5.3,11883.0,3670
1508100,Tucuruí,PA,Norte,60.89,57.37,-3.52,70.58,13.22,0.1,0.09,14.5,5.4,4.55,91306.0,3671
5220264,São Miguel do Passa Quatro,GO,Centro-Oeste,88.69,80.0,-8.69,93.22,13.22,0.1,0.09,1.9,6.7,5.19,4464.0,3672
4111407,Ivaí,PR,Sul,91.25,80.0,-11.25,93.23,13.23,0.1,0.09,1.4,7.4,5.11,13229.0,3673
2107209,Nina Rodrigues,MA,Nordeste,72.62,66.03,-6.59,79.27,13.24,0.1,0.09,2.3,5.4,3.99,14176.0,3674
2203859,Floresta do Piauí,PI,Nordeste,100.0,80.0,-20.0,93.26,13.26,0.1,0.09,1.5,5.7,4.4,2333.0,3675
2414407,Touros,RN,Nordeste,63.98,48.92,-15.06,62.19,13.26,0.1,0.09,14.6,4.9,4.34,33035.0,3676
4112207,Janiópolis,PR,Sul,93.14,80.0,-13.14,93.27,13.27,0.1,0.09,4.2,8.5,5.25,5870.0,3677
3164100,São Pedro do Suaçuí,MG,Sudeste,86.17,73.1,-13.07,86.38,13.28,0.1,0.09,1.0,6.4,4.5,5103.0,3678
3130556,Imbé de Minas,MG,Sudeste,98.17,72.37,-25.8,85.65,13.28,0.1,0.09,0.5,6.1,4.92,6986.0,3679
3112307,Capelinha,MG,Sudeste,74.5,67.7,-6.8,80.99,13.29,0.1,0.08,0.4,6.8,4.77,39626.0,3680
4109708,Ibaiti,PR,Sul,81.74,76.12,-5.62,89.4,13.29,0.1,0.08,9.5,7.3,5.17,28830.0,3681
4125803,São Pedro do Ivaí,PR,Sul,91.61,80.0,-11.61,93.29,13.29,0.1,0.08,3.4,7.1,5.16,8690.0,3682
1506906,Santarém Novo,PA,Norte,61.8,65.56,3.76,78.87,13.31,0.1,0.08,11.0,5.9,4.1,6116.0,3683
2900405,Água Fria,BA,Nordeste,44.74,45.93,1.19,59.26,13.32,0.1,0.08,23.8,4.7,4.2,14497.0,3684
3160900,São Brás do Suaçuí,MG,Sudeste,89.93,73.78,-16.15,87.11,13.33,0.1,0.08,6.6,6.7,5.5,3989.0,3685
2603926,Carnaubeira da Penha,PE,Nordeste,100.0,80.0,-20.0,93.33,13.33,0.1,0.08,18.0,7.4,4.34,12239.0,3686
1709005,Goiatins,TO,Norte,40.21,37.38,-2.83,50.72,13.34,0.1,0.08,8.1,4.3,4.3,12433.0,3687
2806800,São Domingos,SE,Nordeste,51.98,52.47,0.49,65.81,13.34,0.1,0.08,13.0,5.5,4.42,10327.0,3688
2303808,Cedro,CE,Nordeste,92.37,80.0,-12.37,93.34,13.34,0.1,0.08,1.4,7.1,4.19,22344.0,3689
2501302,Aroeiras,PB,Nordeste,82.45,73.57,-8.88,86.91,13.35,0.1,0.08,2.9,5.6,3.96,18705.0,3690
3102100,Alto Rio Doce,MG,Sudeste,87.95,78.93,-9.02,92.28,13.35,0.1,0.08,0.4,7.8,4.74,10891.0,3691
2701001,Boca da Mata,AL,Nordeste,87.5,76.49,-11.01,89.85,13.36,0.1,0.08,3.1,6.2,4.23,21187.0,3692
5221601,Uruaçu,GO,Centro-Oeste,79.5,74.26,-5.24,87.62,13.36,0.1,0.08,2.3,6.9,5.16,42546.0,3693
3127073,Fruta de Leite,MG,Sudeste,72.53,61.16,-11.37,74.53,13.36,0.1,0.08,0.7,5.4,4.11,4647.0,3694
3127602,Gouveia,MG,Sudeste,92.52,76.83,-15.69,90.2,13.37,0.1,0.08,0.8,7.0,4.85,11331.0,3695
3555604,Uchoa,SP,Sudeste,77.64,61.65,-15.99,75.01,13.37,0.1,0.08,2.3,6.9,5.36,10394.0,3696
2201945,Boqueirão do Piauí,PI,Nordeste,94.15,80.0,-14.15,93.37,13.37,0.1,0.08,6.3,5.8,4.1,6545.0,3697
4114401,Mangueirinha,PR,Sul,80.14,75.77,-4.37,89.14,13.37,0.1,0.08,8.2,7.3,5.23,16603.0,3698
2901007,Amargosa,BA,Nordeste,71.46,64.99,-6.47,78.37,13.38,0.1,0.08,7.0,6.0,4.32,36521.0,3699
2402303,Caraúbas,RN,Nordeste,51.13,49.33,-1.8,62.71,13.38,0.1,0.08,6.6,5.7,4.44,19727.0,3700
4126272,Saudade do Iguaçu,PR,Sul,88.41,80.0,-8.41,93.39,13.39,0.1,0.08,2.0,7.2,5.33,6108.0,3701
2930600,Serrolândia,BA,Nordeste,49.1,54.62,5.52,68.01,13.39,0.1,0.08,3.3,5.6,4.42,13335.0,3702
1716109,Paraíso do Tocantins,TO,Norte,81.53,69.83,-11.7,83.22,13.39,0.1,0.08,1.6,6.6,5.02,52360.0,3703
4108809,Guaíra,PR,Sul,78.69,71.17,-7.52,84.57,13.39,0.1,0.08,9.6,6.5,5.23,32097.0,3704
4117297,Novo Itacolomi,PR,Sul,100.0,80.0,-20.0,93.39,13.39,0.1,0.08,2.2,8.3,5.47,3125.0,3705
3154408,Ressaquinha,MG,Sudeste,73.92,67.31,-6.61,80.71,13.39,0.1,0.08,0.4,6.2,5.12,4548.0,3706
4122701,Sabáudia,PR,Sul,99.13,80.0,-19.13,93.4,13.4,0.1,0.08,3.8,7.7,5.39,8822.0,3707
4121703,Reserva,PR,Sul,86.4,76.11,-10.29,89.51,13.4,0.1,0.08,3.5,6.9,5.09,24573.0,3708
2405603,Jardim de Piranhas,RN,Nordeste,60.89,53.02,-7.87,66.42,13.41,0.1,0.08,7.0,5.1,4.22,13977.0,3709
2406205,Lagoa d'Anta,RN,Nordeste,29.81,30.0,0.19,43.41,13.41,0.1,0.08,12.6,4.4,4.47,6654.0,3710
2515401,São Vicente do Seridó,PB,Nordeste,78.93,67.46,-11.47,80.87,13.41,0.1,0.08,0.8,5.7,4.47,10291.0,3711
2909901,Curaçá,BA,Nordeste,52.08,52.51,0.43,65.92,13.41,0.1,0.08,10.0,4.8,4.32,34180.0,3712
3158607,Santana do Deserto,MG,Sudeste,80.11,68.7,-11.41,82.11,13.41,0.1,0.08,10.3,6.3,4.94,3747.0,3713
2930907,Tabocas do Brejo Velho,BA,Nordeste,59.51,57.0,-2.51,70.41,13.41,0.1,0.08,2.6,5.4,4.35,11979.0,3714
3163508,São José do Jacuri,MG,Sudeste,82.21,67.15,-15.06,80.58,13.42,0.1,0.08,0.5,5.8,4.55,6197.0,3715
1703206,Bernardo Sayão,TO,Norte,82.61,65.89,-16.72,79.31,13.43,0.1,0.08,2.9,5.6,4.53,4229.0,3716
2908903,Coração de Maria,BA,Nordeste,48.92,53.38,4.46,66.82,13.43,0.1,0.08,18.1,5.3,4.33,26692.0,3717
5214606,Niquelândia,GO,Centro-Oeste,84.0,76.09,-7.91,89.53,13.44,0.1,0.08,5.7,6.7,5.04,34964.0,3718
2930006,Sebastião Laranjeiras,BA,Nordeste,76.51,69.06,-7.45,82.5,13.44,0.1,0.08,7.2,5.9,4.6,9360.0,3719
2930105,Senhor do Bonfim,BA,Nordeste,46.97,45.0,-1.97,58.44,13.44,0.1,0.08,13.6,5.2,4.45,74523.0,3720
2804409,Neópolis,SE,Nordeste,42.37,46.09,3.72,59.53,13.45,0.1,0.08,3.5,5.8,4.4,16426.0,3721
4121752,Reserva do Iguaçu,PR,Sul,90.1,78.82,-11.28,92.29,13.46,0.1,0.08,8.6,7.2,5.14,6553.0,3722
2925758,Presidente Tancredo Neves,BA,Nordeste,47.11,46.67,-0.44,60.13,13.46,0.1,0.08,5.7,4.6,4.23,27734.0,3723
3203809,Muqui,ES,Sudeste,74.37,71.3,-3.07,84.76,13.47,0.1,0.08,8.5,6.8,4.85,13745.0,3724
3162401,São João da Ponte,MG,Sudeste,84.07,72.38,-11.69,85.85,13.47,0.1,0.08,2.0,7.0,4.3,23930.0,3725
2110278,Santo Amaro do Maranhão,MA,Nordeste,47.52,54.92,7.4,68.39,13.47,0.1,0.08,8.6,5.3,4.02,13949.0,3726
3170750,Varjão de Minas,MG,Sudeste,77.77,68.14,-9.63,81.61,13.47,0.1,0.08,1.0,6.7,5.07,6969.0,3727
3533809,Óleo,SP,Sudeste,66.67,68.1,1.43,81.58,13.48,0.1,0.08,2.6,7.5,5.1,2512.0,3728
5106190,Nova Santa Helena,MT,Centro-Oeste,95.48,79.56,-15.92,93.03,13.48,0.1,0.08,3.6,6.3,5.18,4239.0,3729
3121308,Descoberto,MG,Sudeste,79.77,70.9,-8.87,84.4,13.49,0.1,0.08,3.3,7.2,5.15,4928.0,3730
5205901,Corumbaíba,GO,Centro-Oeste,81.36,75.36,-6.0,88.86,13.5,0.1,0.08,3.4,7.1,5.29,9164.0,3731
1501204,Baião,PA,Norte,52.09,51.02,-1.07,64.52,13.5,0.1,0.08,19.2,4.9,4.27,51641.0,3732
4119806,Planalto,PR,Sul,92.88,80.0,-12.88,93.51,13.51,0.1,0.08,2.8,7.7,5.39,14374.0,3733
2912004,Ibiassucê,BA,Nordeste,84.0,72.07,-11.93,85.59,13.51,0.1,0.08,9.7,6.1,4.79,10429.0,3734
2305803,Ipu,CE,Nordeste,91.09,80.0,-11.09,93.52,13.52,0.1,0.08,2.5,7.9,4.12,41081.0,3735
2412807,São Rafael,RN,Nordeste,50.53,44.89,-5.64,58.41,13.52,0.1,0.08,11.6,5.3,4.41,7711.0,3736
4103206,Bom Sucesso,PR,Sul,64.4,66.26,1.86,79.78,13.52,0.1,0.08,16.6,6.5,5.23,6581.0,3737
3143708,Morro do Pilar,MG,Sudeste,71.24,69.0,-2.24,82.52,13.52,0.1,0.08,0.0,6.7,4.67,3133.0,3738
3128105,Guapé,MG,Sudeste,77.54,68.82,-8.72,82.34,13.52,0.1,0.08,2.0,6.5,5.17,13772.0,3739
4301958,Barra Funda,RS,Sul,89.47,73.98,-15.49,87.53,13.55,0.1,0.08,0.0,7.6,5.75,2498.0,3740
3125705,Felixlândia,MG,Sudeste,74.5,65.49,-9.01,79.05,13.56,0.1,0.08,3.3,6.1,4.86,13978.0,3741
4126355,Serranópolis do Iguaçu,PR,Sul,96.67,80.0,-16.67,93.57,13.57,0.1,0.08,1.2,9.1,5.45,5007.0,3742
2610202,Panelas,PE,Nordeste,92.79,78.22,-14.57,91.8,13.58,0.1,0.08,2.8,7.0,4.32,22991.0,3743
2510204,Nova Olinda,PB,Nordeste,51.58,62.28,10.7,75.86,13.58,0.1,0.08,5.7,6.0,4.27,5787.0,3744
4117271,Nova Tebas,PR,Sul,95.12,80.0,-15.12,93.58,13.58,0.1,0.08,8.7,6.8,5.08,6848.0,3745
2602704,Buenos Aires,PE,Nordeste,93.67,71.05,-22.62,84.64,13.59,0.1,0.08,8.5,5.3,4.27,12808.0,3746
2504033,Capim,PB,Nordeste,70.59,67.54,-3.05,81.13,13.59,0.1,0.08,6.7,6.3,4.36,6970.0,3747
3144003,Mutum,MG,Sudeste,78.49,70.29,-8.2,83.88,13.6,0.1,0.08,3.1,6.8,4.64,27635.0,3748
2906907,Caravelas,BA,Nordeste,60.05,59.48,-0.57,73.08,13.6,0.1,0.08,11.8,5.6,4.4,20580.0,3749
2206803,Nossa Senhora dos Remédios,PI,Nordeste,77.64,71.66,-5.98,85.26,13.6,0.1,0.08,11.2,5.3,3.8,8525.0,3750
3162104,São Gotardo,MG,Sudeste,80.9,66.01,-14.89,79.62,13.61,0.1,0.08,3.5,6.6,5.01,40910.0,3751
5221700,Uruana,GO,Centro-Oeste,89.0,77.55,-11.45,91.17,13.61,0.1,0.08,1.0,6.4,5.14,13729.0,3752
3162500,São João del Rei,MG,Sudeste,76.15,67.33,-8.82,80.95,13.62,0.1,0.08,3.9,7.1,5.25,90225.0,3753
2109205,Presidente Juscelino,MA,Nordeste,50.29,57.13,6.84,70.76,13.62,0.1,0.08,5.4,5.6,4.05,11356.0,3754
2929750,Saubara,BA,Nordeste,69.88,60.76,-9.12,74.39,13.62,0.1,0.08,5.6,5.4,4.35,11438.0,3755
5214002,Mozarlândia,GO,Centro-Oeste,70.56,65.06,-5.5,78.69,13.63,0.1,0.08,8.3,6.1,5.09,14750.0,3756
1502764,Cumaru do Norte,PA,Norte,73.13,65.0,-8.13,78.63,13.63,0.1,0.08,9.5,5.0,4.49,14036.0,3757
2210102,São José do Peixe,PI,Nordeste,97.68,77.78,-19.9,91.42,13.64,0.1,0.08,5.1,5.5,4.19,3297.0,3758
1304005,Silves,AM,Norte,57.71,54.0,-3.71,67.64,13.64,0.1,0.08,5.4,5.0,4.24,11559.0,3759
2606903,Iguaracy,PE,Nordeste,90.66,75.96,-14.7,89.6,13.64,0.1,0.08,3.2,6.3,4.36,11081.0,3760
3300506,Bom Jardim,RJ,Sudeste,76.1,64.66,-11.44,78.3,13.64,0.1,0.08,19.8,5.9,5.01,28102.0,3761
2902054,Araçás,BA,Nordeste,59.22,57.0,-2.22,70.66,13.66,0.1,0.08,8.9,5.4,4.3,11557.0,3762
2907905,Cipó,BA,Nordeste,49.48,51.29,1.81,64.95,13.66,0.1,0.08,14.7,5.5,4.27,17230.0,3763
2509107,Mari,PB,Nordeste,65.73,57.79,-7.94,71.45,13.66,0.1,0.08,10.1,5.2,4.29,21512.0,3764
2414753,Venha-Ver,RN,Nordeste,83.33,59.64,-23.69,73.31,13.67,0.1,0.08,5.3,5.1,4.39,3014.0,3765
1100502,Novo Horizonte do Oeste,RO,Norte,84.97,75.93,-9.04,89.61,13.68,0.1,0.08,1.8,6.6,4.88,7667.0,3766
2902252,Arataca,BA,Nordeste,30.7,42.13,11.43,55.82,13.69,0.1,0.08,27.5,4.6,4.26,10191.0,3767
2706307,Palmeira dos Índios,AL,Nordeste,52.31,54.19,1.88,67.89,13.7,0.1,0.08,3.7,6.1,4.38,71574.0,3768
3516804,Gastão Vidigal,SP,Sudeste,81.75,66.06,-15.69,79.76,13.7,0.1,0.08,0.0,6.9,5.16,3252.0,3769
2400703,Alto do Rodrigues,RN,Nordeste,81.37,63.59,-17.78,77.3,13.7,0.1,0.08,4.1,6.3,4.81,12484.0,3770
3124302,Espinosa,MG,Sudeste,83.0,71.69,-11.31,85.4,13.71,0.1,0.08,1.4,6.9,4.58,30443.0,3771
2708204,São Brás,AL,Nordeste,77.25,73.18,-4.07,86.89,13.71,0.1,0.08,5.0,6.0,4.16,6555.0,3772
2700300,Arapiraca,AL,Nordeste,62.87,58.64,-4.23,72.35,13.71,0.1,0.08,7.2,6.3,4.61,234696.0,3773
3141702,Mesquita,MG,Sudeste,67.45,66.08,-1.37,79.79,13.72,0.1,0.08,1.1,6.5,5.01,5040.0,3774
3125507,São Gonçalo do Rio Preto,MG,Sudeste,100.0,80.0,-20.0,93.72,13.72,0.1,0.08,0.0,7.0,4.84,3032.0,3775
5204854,Campo Limpo de Goiás,GO,Centro-Oeste,95.75,80.0,-15.75,93.72,13.72,0.1,0.08,2.7,6.6,5.04,8081.0,3776
4114807,Marialva,PR,Sul,85.42,76.3,-9.12,90.04,13.74,0.1,0.08,7.8,7.3,5.42,41851.0,3777
5210562,Itaguari,GO,Centro-Oeste,93.1,80.0,-13.1,93.74,13.74,0.1,0.08,2.3,6.0,5.08,4963.0,3778
4321634,Três Arroios,RS,Sul,100.0,80.0,-20.0,93.75,13.75,0.1,0.08,1.2,7.5,5.71,2591.0,3779
5220603,Silvânia,GO,Centro-Oeste,94.18,80.0,-14.18,93.75,13.75,0.1,0.08,5.5,6.9,5.15,22245.0,3780
1714880,Nova Olinda,TO,Norte,46.94,49.5,2.56,63.26,13.76,0.1,0.08,13.6,5.2,4.53,10367.0,3781
3152709,Prados,MG,Sudeste,93.02,76.29,-16.73,90.06,13.77,0.1,0.08,5.3,6.9,5.14,9048.0,3782
1712009,Lajeado,TO,Norte,60.15,59.22,-0.93,73.04,13.82,0.1,0.08,3.0,5.3,4.76,3357.0,3783
5108204,Torixoréu,MT,Centro-Oeste,91.39,80.0,-11.39,93.83,13.83,0.1,0.08,1.3,6.9,5.05,4164.0,3784
4118451,Pato Bragado,PR,Sul,98.76,80.0,-18.76,93.83,13.83,0.1,0.08,4.0,7.6,5.57,5733.0,3785
2906006,Campo Formoso,BA,Nordeste,59.98,57.07,-2.91,70.9,13.84,0.1,0.08,7.5,5.5,4.31,71377.0,3786
2111672,São Roberto,MA,Nordeste,73.6,63.5,-10.1,77.34,13.84,0.1,0.08,14.3,5.2,4.25,4544.0,3787
4103909,Campina da Lagoa,PR,Sul,94.38,80.0,-14.38,93.84,13.84,0.1,0.08,10.3,7.3,5.12,15723.0,3788
2500734,Amparo,PB,Nordeste,100.0,80.0,-20.0,93.84,13.84,0.1,0.08,2.4,,4.3,2234.0,3789
4111100,Itambé,PR,Sul,95.11,80.0,-15.11,93.84,13.84,0.1,0.08,7.1,7.6,5.34,6111.0,3790
4115408,Marmeleiro,PR,Sul,91.34,79.05,-12.29,92.9,13.84,0.1,0.08,1.1,7.5,5.42,15901.0,3791
5200852,Americano do Brasil,GO,Centro-Oeste,79.35,76.87,-2.48,90.71,13.84,0.1,0.08,3.2,6.9,4.81,5259.0,3792
1100254,Presidente Médici,RO,Norte,82.6,70.76,-11.84,84.61,13.85,0.1,0.08,4.0,5.8,5.0,19327.0,3793
2312205,Santa Quitéria,CE,Nordeste,96.6,80.0,-16.6,93.86,13.86,0.1,0.08,0.3,7.4,4.18,40183.0,3794
2919504,Livramento de Nossa Senhora,BA,Nordeste,60.64,58.05,-2.59,71.91,13.86,0.1,0.08,6.1,5.8,4.54,43903.0,3795
4315057,Porto Mauá,RS,Sul,63.64,59.58,-4.06,73.44,13.87,0.1,0.08,7.4,6.1,5.1,2142.0,3796
5101605,Barão de Melgaço,MT,Centro-Oeste,72.9,69.57,-3.33,83.44,13.87,0.1,0.08,3.6,5.8,4.71,7253.0,3797
5203807,Britânia,GO,Centro-Oeste,88.37,80.0,-8.37,93.88,13.88,0.1,0.08,8.6,7.0,5.08,5695.0,3798
2804706,Nossa Senhora de Lourdes,SE,Nordeste,56.13,44.3,-11.83,58.19,13.89,0.09,0.08,5.3,4.8,4.35,6268.0,3799
3123007,Dores de Campos,MG,Sudeste,76.2,66.84,-9.36,80.74,13.89,0.09,0.08,2.0,6.9,5.26,10007.0,3800
4103800,Cambira,PR,Sul,89.25,80.0,-9.25,93.9,13.9,0.09,0.08,8.2,7.7,5.23,9460.0,3801
3304128,Quatis,RJ,Sudeste,75.79,63.87,-11.92,77.78,13.91,0.09,0.08,7.8,6.0,4.99,13682.0,3802
4106704,Cruzeiro do Sul,PR,Sul,75.49,75.36,-0.13,89.27,13.91,0.09,0.08,6.0,6.7,5.16,4494.0,3803
2502003,Belém do Brejo do Cruz,PB,Nordeste,72.03,68.28,-3.75,82.19,13.91,0.09,0.08,8.3,5.9,4.37,6268.0,3804
2208858,Riacho Frio,PI,Nordeste,100.0,80.0,-20.0,93.91,13.91,0.09,0.08,14.6,5.5,4.09,4165.0,3805
3150158,Piedade de Caratinga,MG,Sudeste,82.91,65.91,-17.0,79.82,13.91,0.09,0.08,4.0,5.8,4.99,8529.0,3806
3140506,Martinho Campos,MG,Sudeste,78.19,67.53,-10.66,81.45,13.91,0.09,0.08,3.0,6.9,5.15,14003.0,3807
2407252,Major Sales,RN,Nordeste,63.1,53.7,-9.4,67.61,13.92,0.09,0.08,13.8,6.1,4.61,3924.0,3808
2309508,Orós,CE,Nordeste,95.36,80.0,-15.36,93.92,13.92,0.09,0.08,2.2,7.2,4.33,19675.0,3809
2509206,Massaranduba,PB,Nordeste,70.07,61.36,-8.71,75.3,13.93,0.09,0.08,6.4,5.2,4.24,14139.0,3810
2930154,Serra do Ramalho,BA,Nordeste,58.19,56.7,-1.49,70.64,13.95,0.09,0.08,2.2,5.6,4.45,34222.0,3811
4104600,Capitão Leônidas Marques,PR,Sul,86.69,76.16,-10.53,90.11,13.95,0.09,0.08,1.8,7.1,5.4,14648.0,3812
2204550,Guaribas,PI,Nordeste,63.01,68.58,5.57,82.53,13.95,0.09,0.08,2.4,5.7,4.31,4276.0,3813
3107208,Bocaina de Minas,MG,Sudeste,74.01,64.43,-9.58,78.39,13.96,0.09,0.08,5.2,6.2,5.11,5348.0,3814
2601300,Barra de Guabiraba,PE,Nordeste,93.86,80.0,-13.86,93.96,13.96,0.09,0.08,6.6,7.9,4.2,12263.0,3815
2511400,Picuí,PB,Nordeste,69.29,65.74,-3.55,79.7,13.96,0.09,0.08,3.5,6.6,4.59,18333.0,3816
2913200,Ibotirama,BA,Nordeste,68.62,60.31,-8.31,74.28,13.96,0.09,0.08,6.8,5.3,4.49,26309.0,3817
3115474,Catuti,MG,Sudeste,83.33,70.18,-13.15,84.14,13.96,0.09,0.08,0.4,5.9,4.51,4739.0,3818
1505494,Palestina do Pará,PA,Norte,56.18,55.23,-0.95,69.2,13.96,0.09,0.08,15.0,4.7,4.3,6885.0,3819
2806701,São Cristóvão,SE,Nordeste,85.27,67.46,-17.81,81.43,13.97,0.09,0.08,4.4,6.8,4.61,95612.0,3820
2101301,Bacuri,MA,Nordeste,87.89,73.42,-14.47,87.39,13.97,0.09,0.08,2.8,5.2,4.09,16290.0,3821
2105153,Igarapé do Meio,MA,Nordeste,85.97,69.0,-16.97,82.97,13.97,0.09,0.08,8.4,5.3,4.22,13974.0,3822
2914109,Ipupiara,BA,Nordeste,89.15,72.96,-16.19,86.93,13.97,0.09,0.08,8.8,6.0,4.72,9935.0,3823
4210555,Marema,SC,Sul,95.83,77.0,-18.83,91.0,14.0,0.09,0.08,4.4,7.4,5.67,2184.0,3824
2410702,Riacho da Cruz,RN,Nordeste,60.0,49.16,-10.84,63.16,14.0,0.09,0.08,6.0,4.7,4.57,2701.0,3825
5107602,Rondonópolis,MT,Centro-Oeste,76.49,65.86,-10.63,79.86,14.0,0.09,0.08,1.6,6.1,5.24,244911.0,3826
2602308,Bonito,PE,Nordeste,73.54,67.88,-5.66,81.89,14.01,0.09,0.08,3.5,7.0,4.12,37474.0,3827
2509909,Natuba,PB,Nordeste,81.71,68.93,-12.78,82.95,14.02,0.09,0.08,2.7,5.3,4.13,8945.0,3828
1706100,Cristalândia,TO,Norte,66.41,62.76,-3.65,76.78,14.02,0.09,0.08,5.5,5.6,4.89,6371.0,3829
3150570,Pintópolis,MG,Sudeste,60.15,63.36,3.21,77.39,14.03,0.09,0.08,0.5,6.2,4.42,7084.0,3830
4108007,Florestópolis,PR,Sul,85.56,71.76,-13.8,85.78,14.02,0.09,0.08,6.1,6.0,5.03,11446.0,3831
2106755,Miranda do Norte,MA,Nordeste,78.98,67.09,-11.89,81.12,14.03,0.09,0.08,4.6,5.4,4.15,23864.0,3832
3527801,Lupércio,SP,Sudeste,86.96,67.34,-19.62,81.37,14.03,0.09,0.08,0.0,6.6,5.12,3981.0,3833
2207702,Parnaíba,PI,Nordeste,51.3,53.42,2.12,67.46,14.04,0.09,0.08,16.9,5.8,4.39,162159.0,3834
4207700,Ipumirim,SC,Sul,76.39,66.48,-9.91,80.53,14.04,0.09,0.08,4.6,6.5,5.49,7816.0,3835
2709103,Taquarana,AL,Nordeste,60.68,61.23,0.55,75.27,14.04,0.09,0.08,3.2,6.0,4.33,19032.0,3836
5102637,Campo Novo do Parecis,MT,Centro-Oeste,84.02,70.67,-13.35,84.72,14.05,0.09,0.08,3.2,6.6,5.17,45899.0,3837
3125952,Fervedouro,MG,Sudeste,84.04,72.64,-11.4,86.68,14.05,0.09,0.08,1.8,7.0,4.6,10445.0,3838
3121100,Delfim Moreira,MG,Sudeste,80.91,71.29,-9.62,85.34,14.05,0.09,0.08,0.2,7.1,5.04,7952.0,3839
4126603,Siqueira Campos,PR,Sul,88.39,80.0,-8.39,94.05,14.05,0.09,0.08,11.5,7.4,5.36,22811.0,3840
3135357,Japonvar,MG,Sudeste,88.24,77.21,-11.03,91.26,14.05,0.09,0.08,0.2,6.7,4.56,8127.0,3841
4117909,Palotina,PR,Sul,86.46,74.12,-12.34,88.17,14.05,0.09,0.08,4.9,7.0,5.42,35011.0,3842
2101772,Bela Vista do Maranhão,MA,Nordeste,75.03,65.38,-9.65,79.43,14.05,0.09,0.08,6.0,5.2,4.37,11750.0,3843
3109907,Caetanópolis,MG,Sudeste,83.13,67.07,-16.06,81.13,14.06,0.09,0.08,1.7,6.9,5.16,11435.0,3844
2412401,São José do Seridó,RN,Nordeste,57.66,56.78,-0.88,70.84,14.06,0.09,0.08,3.2,5.7,4.56,4558.0,3845
5216304,Paranaiguara,GO,Centro-Oeste,92.07,80.0,-12.07,94.07,14.07,0.09,0.08,6.7,7.5,5.34,7607.0,3846
3201159,Brejetuba,ES,Sudeste,81.85,73.26,-8.59,87.33,14.07,0.09,0.08,5.5,6.9,4.86,12985.0,3847
5107859,São Félix do Araguaia,MT,Centro-Oeste,54.83,55.88,1.05,69.96,14.08,0.09,0.08,5.2,5.2,4.78,13621.0,3848
5211602,Ivolândia,GO,Centro-Oeste,100.0,80.0,-20.0,94.08,14.08,0.09,0.08,0.8,6.3,5.17,2693.0,3849
4310751,Ivorá,RS,Sul,83.33,68.0,-15.33,82.08,14.08,0.09,0.08,3.4,,5.71,1929.0,3850
3204302,Presidente Kennedy,ES,Sudeste,86.58,73.77,-12.81,87.86,14.09,0.09,0.08,10.8,6.8,4.8,13696.0,3851
4106803,Cruz Machado,PR,Sul,95.51,80.0,-15.51,94.09,14.09,0.09,0.08,3.4,7.1,5.01,15978.0,3852
3101805,Alpercata,MG,Sudeste,68.82,62.37,-6.45,76.46,14.09,0.09,0.08,3.9,6.1,5.08,6903.0,3853
5103379,Cotriguaçu,MT,Centro-Oeste,73.6,68.71,-4.89,82.81,14.09,0.09,0.08,3.2,6.1,4.87,11011.0,3854
3166006,Senhora de Oliveira,MG,Sudeste,94.33,79.6,-14.73,93.69,14.09,0.09,0.08,3.2,7.3,4.91,5483.0,3855
3203353,Marilândia,ES,Sudeste,94.37,79.16,-15.21,93.25,14.09,0.09,0.08,1.8,8.1,5.09,12387.0,3856
2704807,Maribondo,AL,Nordeste,68.96,62.62,-6.34,76.72,14.09,0.09,0.08,6.7,5.7,4.18,13679.0,3857
4314787,Ponte Preta,RS,Sul,96.31,69.55,-26.76,83.64,14.09,0.09,0.08,0.0,,5.74,1575.0,3858
5218789,Rio Quente,GO,Centro-Oeste,100.0,79.58,-20.42,93.67,14.09,0.09,0.08,5.8,6.5,5.21,3864.0,3859
4125902,São Pedro do Paraná,PR,Sul,90.11,75.62,-14.49,89.72,14.09,0.09,0.08,8.9,6.7,5.34,2661.0,3860
5101803,Barra do Garças,MT,Centro-Oeste,79.79,70.14,-9.65,84.24,14.1,0.09,0.08,4.3,6.7,5.2,69210.0,3861
3168101,Tapira,MG,Sudeste,76.52,67.57,-8.95,81.68,14.11,0.09,0.08,13.2,5.9,5.32,4118.0,3862
4109104,Guaporema,PR,Sul,90.63,80.0,-10.63,94.11,14.11,0.09,0.08,6.7,6.9,5.17,2191.0,3863
5221452,Trombas,GO,Centro-Oeste,100.0,80.0,-20.0,94.12,14.12,0.09,0.08,1.5,6.7,4.92,3120.0,3864
3119005,Cordislândia,MG,Sudeste,62.09,62.92,0.83,77.04,14.12,0.09,0.08,1.7,6.0,5.17,3200.0,3865
3113404,Caratinga,MG,Sudeste,74.56,64.57,-9.99,78.69,14.12,0.09,0.08,7.7,6.6,5.01,87360.0,3866
2930402,Serra Preta,BA,Nordeste,47.95,53.97,6.02,68.09,14.12,0.09,0.08,8.1,5.2,4.17,17996.0,3867
1720937,Taipas do Tocantins,TO,Norte,82.14,67.45,-14.69,81.57,14.13,0.09,0.08,12.7,5.4,4.4,2021.0,3868
1700301,Aguiarnópolis,TO,Norte,49.57,49.31,-0.26,63.44,14.13,0.09,0.08,6.4,4.9,4.73,4497.0,3869
2909604,Crisópolis,BA,Nordeste,69.47,64.59,-4.88,78.73,14.14,0.09,0.08,10.3,6.2,4.21,19729.0,3870
5219704,Santa Terezinha de Goiás,GO,Centro-Oeste,97.34,80.0,-17.34,94.14,14.14,0.09,0.08,2.5,6.5,4.86,10645.0,3871
1504109,Magalhães Barata,PA,Norte,75.69,66.51,-9.18,80.66,14.15,0.09,0.08,11.6,5.0,4.19,8115.0,3872
4108908,Guairaçá,PR,Sul,84.72,75.95,-8.77,90.11,14.16,0.09,0.08,10.5,7.3,5.12,6587.0,3873
2505006,Cubati,PB,Nordeste,83.65,75.57,-8.08,89.74,14.17,0.09,0.08,0.8,7.4,4.52,7580.0,3874
5007703,Sete Quedas,MS,Centro-Oeste,78.92,66.63,-12.29,80.81,14.18,0.09,0.08,17.8,6.1,5.08,10994.0,3875
3204054,Pedro Canário,ES,Sudeste,88.66,74.25,-14.41,88.43,14.18,0.09,0.08,4.5,6.2,4.89,21522.0,3876
4106571,Cruzeiro do Iguaçu,PR,Sul,83.65,80.0,-3.65,94.18,14.18,0.09,0.08,10.3,7.5,5.3,4133.0,3877
1711506,Jaú do Tocantins,TO,Norte,75.25,70.1,-5.15,84.28,14.19,0.09,0.08,5.3,6.0,4.85,3334.0,3878
2305233,Horizonte,CE,Nordeste,97.67,80.0,-17.67,94.2,14.2,0.09,0.07,1.6,7.5,4.59,74755.0,3879
3171501,Mathias Lobato,MG,Sudeste,81.36,65.24,-16.12,79.44,14.2,0.09,0.07,7.8,5.4,4.6,3038.0,3880
3203163,Laranja da Terra,ES,Sudeste,96.36,80.0,-16.36,94.21,14.21,0.09,0.07,5.3,7.1,5.11,11094.0,3881
2112308,Tuntum,MA,Nordeste,63.49,58.34,-5.15,72.55,14.21,0.09,0.07,5.5,5.3,4.34,36251.0,3882
2904506,Brotas de Macaúbas,BA,Nordeste,81.62,68.0,-13.62,82.21,14.21,0.09,0.07,3.2,5.2,4.48,11765.0,3883
4107108,Diamante do Norte,PR,Sul,87.02,76.17,-10.85,90.38,14.21,0.09,0.07,10.2,7.0,5.29,5142.0,3884
3147303,Paraisópolis,MG,Sudeste,84.33,69.94,-14.39,84.15,14.21,0.09,0.07,3.6,7.3,5.21,20445.0,3885
3104304,Areado,MG,Sudeste,93.84,75.0,-18.84,89.22,14.22,0.09,0.07,0.0,7.1,5.21,13881.0,3886
5107248,Santa Carmem,MT,Centro-Oeste,84.79,75.39,-9.4,89.61,14.22,0.09,0.07,4.7,6.5,5.12,5374.0,3887
4113759,Lunardelli,PR,Sul,72.63,68.26,-4.37,82.48,14.22,0.09,0.07,1.4,6.5,5.07,4872.0,3888
3163706,São Lourenço,MG,Sudeste,89.2,71.63,-17.57,85.85,14.22,0.09,0.07,8.1,6.7,5.19,44798.0,3889
4117214,Nova Santa Bárbara,PR,Sul,96.31,80.0,-16.31,94.23,14.23,0.09,0.07,10.7,7.0,5.17,4184.0,3890
3137502,Lagoa Formosa,MG,Sudeste,82.28,69.81,-12.47,84.05,14.23,0.09,0.07,1.9,7.2,5.3,18904.0,3891
3166105,Senhora do Porto,MG,Sudeste,74.58,62.61,-11.97,76.85,14.24,0.09,0.07,2.8,5.7,4.42,3067.0,3892
1714302,Nazaré,TO,Norte,72.71,62.27,-10.44,76.51,14.24,0.09,0.07,4.1,5.4,4.57,4521.0,3893
1716604,Peixe,TO,Norte,72.18,62.56,-9.62,76.8,14.24,0.09,0.07,5.6,5.5,4.81,9317.0,3894
1100155,Ouro Preto do Oeste,RO,Norte,86.25,75.86,-10.39,90.1,14.25,0.09,0.07,7.7,6.2,5.05,35044.0,3895
5214408,Nazário,GO,Centro-Oeste,86.92,79.43,-7.49,93.69,14.26,0.09,0.07,2.7,7.6,5.11,8189.0,3896
2507200,Itatuba,PB,Nordeste,33.42,47.85,14.43,62.11,14.26,0.09,0.07,6.5,5.3,4.17,10499.0,3897
4126405,Sertaneja,PR,Sul,97.66,80.0,-17.66,94.27,14.27,0.09,0.07,10.2,8.0,5.31,5616.0,3898
2922656,Nordestina,BA,Nordeste,59.8,53.58,-6.22,67.86,14.27,0.09,0.07,17.5,5.2,4.3,18523.0,3899
2909109,Coribe,BA,Nordeste,69.63,63.02,-6.61,77.29,14.28,0.09,0.07,1.6,5.6,4.47,13990.0,3900
3122009,Divino,MG,Sudeste,75.06,64.0,-11.06,78.28,14.29,0.09,0.07,1.9,6.1,4.71,20706.0,3901
2931707,Terra Nova,BA,Nordeste,52.12,47.79,-4.33,62.08,14.29,0.09,0.07,25.9,4.5,4.33,10798.0,3902
3133006,Itamonte,MG,Sudeste,83.34,68.33,-15.01,82.62,14.29,0.09,0.07,4.3,6.2,5.23,14786.0,3903
4312476,Morro Reuter,RS,Sul,71.96,65.23,-6.73,79.53,14.3,0.09,0.07,1.1,7.1,5.83,6029.0,3904
2929404,São Miguel das Matas,BA,Nordeste,62.58,51.89,-10.69,66.19,14.3,0.09,0.07,11.5,4.6,4.36,10334.0,3905
4117305,Ortigueira,PR,Sul,82.22,70.87,-11.35,85.18,14.31,0.09,0.07,3.4,6.3,4.96,24192.0,3906
2932200,Ubaitaba,BA,Nordeste,54.99,52.6,-2.39,66.91,14.31,0.09,0.07,19.2,5.0,4.41,17596.0,3907
3119955,Córrego Fundo,MG,Sudeste,98.34,74.39,-23.95,88.7,14.32,0.09,0.07,0.6,7.4,5.19,6133.0,3908
5006200,Nova Andradina,MS,Centro-Oeste,79.56,68.73,-10.83,83.05,14.32,0.09,0.07,12.5,6.7,5.24,48563.0,3909
4127007,Teixeira Soares,PR,Sul,96.0,78.49,-17.51,92.81,14.32,0.09,0.07,5.6,6.9,5.22,9547.0,3910
5101407,Aripuanã,MT,Centro-Oeste,76.41,69.63,-6.78,83.95,14.32,0.09,0.07,4.2,6.1,4.85,24626.0,3911
2930766,Sítio do Quinto,BA,Nordeste,64.62,61.24,-3.38,75.56,14.32,0.09,0.07,18.2,5.4,4.27,14773.0,3912
5208608,Goianésia,GO,Centro-Oeste,91.69,79.88,-11.81,94.2,14.32,0.09,0.07,1.3,8.2,5.21,73707.0,3913
2413201,Senador Georgino Avelino,RN,Nordeste,52.24,48.3,-3.94,62.64,14.34,0.09,0.07,13.6,5.0,4.35,4065.0,3914
3120003,Córrego Novo,MG,Sudeste,61.1,62.68,1.58,77.02,14.34,0.09,0.07,1.0,6.1,4.86,2875.0,3915
2611533,Quixaba,PE,Nordeste,97.5,80.0,-17.5,94.34,14.34,0.09,0.07,2.6,7.0,4.85,6554.0,3916
4120408,Presidente Castelo Branco,PR,Sul,92.65,77.91,-14.74,92.25,14.34,0.09,0.07,3.8,7.3,5.28,4336.0,3917
2902807,Barra da Estiva,BA,Nordeste,64.85,63.15,-1.7,77.5,14.35,0.09,0.07,8.2,5.9,4.56,26026.0,3918
3137809,Lambari,MG,Sudeste,91.84,72.44,-19.4,86.79,14.35,0.09,0.07,3.7,6.6,5.23,20414.0,3919
2517407,Zabelê,PB,Nordeste,93.75,80.0,-13.75,94.37,14.37,0.09,0.07,3.5,6.2,4.45,2228.0,3920
2413706,Sítio Novo,RN,Nordeste,59.6,51.87,-7.73,66.24,14.37,0.09,0.07,3.9,5.1,4.35,4654.0,3921
4119004,Pérola d'Oeste,PR,Sul,97.22,80.0,-17.22,94.37,14.37,0.09,0.07,4.4,7.5,5.28,6221.0,3922
2701803,Carneiros,AL,Nordeste,59.65,60.95,1.3,75.33,14.38,0.09,0.07,4.2,5.7,3.99,8999.0,3923
5222054,Vicentinópolis,GO,Centro-Oeste,86.98,79.0,-7.98,93.4,14.4,0.09,0.07,6.0,7.1,5.08,8768.0,3924
5107404,São Pedro da Cipa,MT,Centro-Oeste,90.93,76.12,-14.81,90.52,14.4,0.09,0.07,1.5,5.6,5.01,4191.0,3925
2912905,Ibirataia,BA,Nordeste,63.41,54.59,-8.82,68.99,14.4,0.09,0.07,17.5,4.9,4.42,18792.0,3926
5001904,Bataguassu,MS,Centro-Oeste,62.65,57.59,-5.06,72.0,14.41,0.09,0.07,12.3,5.8,5.13,23031.0,3927
3509106,Caiuá,SP,Sudeste,90.48,66.87,-23.61,81.28,14.42,0.09,0.07,2.3,6.4,5.14,5466.0,3928
2932309,Ubatã,BA,Nordeste,58.52,53.7,-4.82,68.12,14.42,0.09,0.07,18.8,4.7,4.28,16094.0,3929
3114808,Carvalhos,MG,Sudeste,96.49,80.0,-16.49,94.42,14.42,0.09,0.07,0.5,7.1,4.95,4422.0,3930
2412104,São João do Sabugi,RN,Nordeste,74.16,64.15,-10.01,78.57,14.42,0.09,0.07,2.4,6.5,4.62,5956.0,3931
2111607,São Raimundo das Mangabeiras,MA,Nordeste,92.31,75.14,-17.17,89.57,14.42,0.09,0.07,5.1,6.0,4.36,18672.0,3932
3138708,Luminárias,MG,Sudeste,94.74,73.21,-21.53,87.64,14.42,0.09,0.07,1.9,6.7,5.25,5586.0,3933
3110905,Campanha,MG,Sudeste,69.49,60.08,-9.41,74.5,14.43,0.09,0.07,2.8,5.9,4.99,15935.0,3934
3116308,Cipotânea,MG,Sudeste,90.91,76.23,-14.68,90.66,14.43,0.09,0.07,2.5,7.1,4.78,5581.0,3935
4125308,São Jorge do Ivaí,PR,Sul,95.06,80.0,-15.06,94.43,14.43,0.09,0.07,1.3,7.9,5.42,5168.0,3936
2208304,Piracuruca,PI,Nordeste,77.56,77.58,0.02,92.03,14.44,0.09,0.07,0.7,6.3,4.18,28846.0,3937
3169505,Tumiritinga,MG,Sudeste,80.69,61.96,-18.73,76.41,14.45,0.09,0.07,3.9,5.6,4.84,5886.0,3938
3525409,Jeriquara,SP,Sudeste,79.94,61.87,-18.07,76.33,14.45,0.09,0.07,5.0,6.7,5.13,3863.0,3939
3154002,Raul Soares,MG,Sudeste,87.3,73.11,-14.19,87.57,14.46,0.09,0.07,7.6,6.6,4.76,23423.0,3940
2704500,Maragogi,AL,Nordeste,51.73,54.34,2.61,68.8,14.46,0.09,0.07,5.4,5.8,4.45,32174.0,3941
1501501,Benevides,PA,Norte,75.97,69.84,-6.13,84.31,14.46,0.09,0.07,5.3,7.0,4.47,63567.0,3942
4113429,Lidianópolis,PR,Sul,89.15,80.0,-9.15,94.48,14.48,0.09,0.07,5.6,7.2,4.91,3938.0,3943
5203302,Bela Vista de Goiás,GO,Centro-Oeste,79.66,70.16,-9.5,84.65,14.49,0.09,0.07,3.6,6.0,5.09,34445.0,3944
3105202,Bandeira,MG,Sudeste,87.1,70.92,-16.18,85.42,14.49,0.09,0.07,0.5,6.3,4.46,4741.0,3945
2311405,Quixeramobim,CE,Nordeste,98.2,80.0,-18.2,94.49,14.49,0.09,0.07,1.1,7.1,4.36,82177.0,3946
2907608,Central,BA,Nordeste,55.68,53.32,-2.36,67.82,14.5,0.09,0.07,10.9,5.1,4.13,16348.0,3947
4102802,Bela Vista do Paraíso,PR,Sul,79.57,70.08,-9.49,84.58,14.51,0.09,0.07,11.8,6.8,5.24,14833.0,3948
1101807,Vale do Paraíso,RO,Norte,79.0,67.37,-11.63,81.88,14.51,0.09,0.07,12.5,5.3,4.82,6479.0,3949
3132909,Itamogi,MG,Sudeste,82.85,70.12,-12.73,84.63,14.51,0.09,0.07,0.6,7.1,5.12,10770.0,3950
5108055,Terra Nova do Norte,MT,Centro-Oeste,80.45,68.9,-11.55,83.42,14.52,0.09,0.07,1.6,6.3,5.24,10616.0,3951
2400505,Alexandria,RN,Nordeste,55.55,43.0,-12.55,57.52,14.52,0.09,0.07,4.3,5.4,4.49,13640.0,3952
4207759,Iraceminha,SC,Sul,84.09,69.81,-14.28,84.33,14.53,0.09,0.07,2.5,7.1,5.58,3986.0,3953
2911907,Iaçu,BA,Nordeste,39.91,47.54,7.63,62.07,14.53,0.09,0.07,7.3,5.1,4.26,24607.0,3954
2303006,Caridade,CE,Nordeste,93.95,80.0,-13.95,94.53,14.53,0.09,0.07,1.2,7.4,4.27,16377.0,3955
2510600,Ouro Velho,PB,Nordeste,100.0,80.0,-20.0,94.53,14.53,0.09,0.07,0.6,6.1,4.57,2918.0,3956
4116000,Miraselva,PR,Sul,80.0,78.35,-1.65,92.88,14.53,0.09,0.07,12.6,6.7,5.25,1966.0,3957
2402105,Campo Redondo,RN,Nordeste,55.39,48.42,-6.97,62.96,14.54,0.09,0.07,4.3,5.4,4.56,10215.0,3958
1702703,Aurora do Tocantins,TO,Norte,88.73,65.95,-22.78,80.49,14.54,0.09,0.07,8.9,5.2,4.61,3342.0,3959
3132701,Itambacuri,MG,Sudeste,78.38,65.27,-13.11,79.81,14.55,0.09,0.07,3.3,6.0,4.58,21042.0,3960
2105609,Joselândia,MA,Nordeste,79.08,66.78,-12.3,81.34,14.55,0.09,0.07,3.7,5.5,4.13,14924.0,3961
2111102,São João dos Patos,MA,Nordeste,79.02,66.28,-12.74,80.84,14.56,0.09,0.07,7.0,5.7,4.45,25020.0,3962
3508900,Caiabu,SP,Sudeste,80.01,61.46,-18.55,76.03,14.57,0.09,0.07,0.6,6.4,5.25,3712.0,3963
4123709,Santa Isabel do Ivaí,PR,Sul,89.54,80.0,-9.54,94.59,14.59,0.09,0.07,8.9,7.4,5.16,8912.0,3964
4119301,Pinhão,PR,Sul,75.64,71.0,-4.64,85.6,14.6,0.09,0.07,7.3,6.6,4.83,29886.0,3965
1502905,Curuçá,PA,Norte,53.15,53.29,0.14,67.9,14.61,0.09,0.07,9.8,5.1,4.2,41262.0,3966
2407302,Marcelino Vieira,RN,Nordeste,53.11,50.57,-2.54,65.18,14.61,0.09,0.07,7.2,5.3,4.24,7896.0,3967
4127965,Turvo,PR,Sul,91.76,80.0,-11.76,94.62,14.62,0.09,0.07,13.7,7.4,5.16,14231.0,3968
3149002,Pedra Dourada,MG,Sudeste,66.23,66.37,0.14,80.99,14.62,0.09,0.07,1.8,6.7,4.88,2757.0,3969
4101853,Ariranha do Ivaí,PR,Sul,100.0,77.56,-22.44,92.18,14.62,0.09,0.07,2.2,6.7,5.22,2329.0,3970
2930774,Sobradinho,BA,Nordeste,46.84,50.24,3.4,64.86,14.62,0.09,0.07,7.3,5.3,4.54,25475.0,3971
5107040,Primavera do Leste,MT,Centro-Oeste,73.66,63.98,-9.68,78.61,14.63,0.09,0.07,1.1,5.9,5.33,85146.0,3972
2614709,Tacaimbó,PE,Nordeste,79.54,62.26,-17.28,76.89,14.63,0.09,0.07,16.5,5.1,4.45,13738.0,3973
4112702,Jataizinho,PR,Sul,81.77,70.76,-11.01,85.4,14.64,0.09,0.07,14.4,6.4,5.12,11813.0,3974
1304104,Tapauá,AM,Norte,72.26,64.05,-8.21,78.7,14.66,0.09,0.07,9.4,5.9,4.16,19599.0,3975
4201901,Aurora,SC,Sul,91.27,70.85,-20.42,85.51,14.67,0.09,0.07,3.3,6.7,5.64,6780.0,3976
4120853,Quatro Pontes,PR,Sul,98.65,80.0,-18.65,94.67,14.67,0.09,0.07,3.1,7.8,5.77,4480.0,3977
3109402,Buritizeiro,MG,Sudeste,59.83,57.62,-2.21,72.29,14.67,0.09,0.07,2.5,6.0,4.7,23910.0,3978
2108702,Pio XII,MA,Nordeste,59.22,49.04,-10.18,63.73,14.68,0.08,0.07,9.0,4.9,4.28,21886.0,3979
1709302,Guaraí,TO,Norte,61.37,56.64,-4.73,71.32,14.68,0.08,0.07,1.5,5.9,4.91,24775.0,3980
2206506,Monsenhor Hipólito,PI,Nordeste,89.83,80.0,-9.83,94.68,14.68,0.08,0.07,1.5,6.7,4.36,7577.0,3981
4126009,São Sebastião da Amoreira,PR,Sul,100.0,80.0,-20.0,94.69,14.69,0.08,0.07,5.4,7.1,5.1,8063.0,3982
2511103,Pedra Lavrada,PB,Nordeste,93.08,77.57,-15.51,92.26,14.7,0.08,0.07,0.8,6.8,4.62,6859.0,3983
3134004,Itinga,MG,Sudeste,79.4,65.61,-13.79,80.31,14.71,0.08,0.07,1.1,6.0,4.42,13745.0,3984
1712157,Lavandeira,TO,Norte,90.91,74.22,-16.69,88.93,14.71,0.08,0.07,2.9,5.7,4.65,1626.0,3985
1720655,Silvanópolis,TO,Norte,60.32,55.82,-4.5,70.54,14.72,0.08,0.07,4.7,5.3,4.81,5108.0,3986
1507300,São Félix do Xingu,PA,Norte,46.51,48.0,1.49,62.72,14.72,0.08,0.07,16.1,4.7,4.57,65418.0,3987
5214903,Nova Roma,GO,Centro-Oeste,73.61,70.2,-3.41,84.92,14.72,0.08,0.07,8.3,6.4,4.87,3076.0,3988
5106158,Nova Bandeirantes,MT,Centro-Oeste,88.65,76.34,-12.31,91.06,14.72,0.08,0.07,1.2,6.8,4.96,13635.0,3989
2904407,Brejolândia,BA,Nordeste,61.45,59.59,-1.86,74.31,14.72,0.08,0.07,5.1,5.3,4.49,9108.0,3990
3301157,Cardoso Moreira,RJ,Sudeste,53.96,54.04,0.08,68.76,14.72,0.08,0.07,27.0,6.0,5.03,12958.0,3991
5213400,Moiporá,GO,Centro-Oeste,100.0,80.0,-20.0,94.73,14.73,0.08,0.07,1.1,6.8,4.89,1685.0,3992
3151602,Planura,MG,Sudeste,77.22,62.26,-14.96,76.99,14.73,0.08,0.07,3.5,5.6,4.93,11145.0,3993
2307809,Marco,CE,Nordeste,93.27,80.0,-13.27,94.73,14.73,0.08,0.07,0.9,7.6,4.12,25799.0,3994
1707652,Figueirópolis,TO,Norte,84.78,70.74,-14.04,85.47,14.73,0.08,0.07,11.0,5.9,4.83,5211.0,3995
3166956,Serranópolis de Minas,MG,Sudeste,92.86,80.0,-12.86,94.74,14.74,0.08,0.07,0.8,7.4,4.4,4399.0,3996
5203906,Buriti Alegre,GO,Centro-Oeste,90.21,74.11,-16.1,88.86,14.74,0.08,0.07,4.5,7.0,5.42,10495.0,3997
2906709,Cândido Sales,BA,Nordeste,68.41,57.85,-10.56,72.6,14.74,0.08,0.07,14.6,5.2,4.5,25247.0,3998
4103305,Borrazópolis,PR,Sul,91.67,80.0,-11.67,94.75,14.75,0.08,0.07,6.1,7.4,5.25,7735.0,3999
2919801,Macaúbas,BA,Nordeste,63.37,60.94,-2.43,75.69,14.76,0.08,0.07,2.5,6.6,4.4,41859.0,4000
4125209,São Jorge d'Oeste,PR,Sul,98.18,80.0,-18.18,94.76,14.76,0.08,0.07,1.4,7.4,5.26,9378.0,4001
2300705,Alto Santo,CE,Nordeste,97.69,80.0,-17.69,94.77,14.77,0.08,0.07,0.3,7.0,4.48,14155.0,4002
3503000,Aramina,SP,Sudeste,78.16,60.82,-17.34,75.58,14.77,0.08,0.07,3.6,6.3,5.27,5420.0,4003
3540259,Pontalinda,SP,Sudeste,74.17,61.56,-12.61,76.34,14.78,0.08,0.07,2.7,6.8,5.14,4127.0,4004
2206308,Miguel Leão,PI,Nordeste,58.33,63.01,4.68,77.8,14.79,0.08,0.07,8.0,5.3,4.38,1318.0,4005
5218805,Rio Verde,GO,Centro-Oeste,97.02,80.0,-17.02,94.79,14.79,0.08,0.07,4.7,8.1,5.27,225696.0,4006
5106315,Novo Santo Antônio,MT,Centro-Oeste,100.0,75.25,-24.75,90.04,14.79,0.08,0.07,2.4,5.6,4.78,2015.0,4007
2903607,Biritinga,BA,Nordeste,40.96,46.96,6.0,61.75,14.79,0.08,0.07,14.4,4.6,4.02,15146.0,4008
4212650,Pescaria Brava,SC,Sul,73.14,59.18,-13.96,73.97,14.8,0.08,0.07,8.5,,5.42,10190.0,4009
1501956,Cachoeira do Piriá,PA,Norte,69.29,63.23,-6.06,78.05,14.82,0.08,0.07,9.7,6.2,4.09,19630.0,4010
5213087,Minaçu,GO,Centro-Oeste,91.18,77.59,-13.59,92.41,14.82,0.08,0.07,2.1,8.2,5.07,27075.0,4011
2917706,Jaguarari,BA,Nordeste,59.94,53.12,-6.82,67.94,14.82,0.08,0.07,8.1,4.9,4.44,32703.0,4012
2902302,Aratuípe,BA,Nordeste,74.12,63.32,-10.8,78.14,14.82,0.08,0.07,15.7,5.2,4.22,8677.0,4013
3513850,Dirce Reis,SP,Sudeste,63.64,62.67,-0.97,77.49,14.83,0.08,0.07,4.5,7.4,5.38,1620.0,4014
2502409,Bonito de Santa Fé,PB,Nordeste,62.83,59.46,-3.37,74.29,14.83,0.08,0.07,7.7,5.7,4.35,10252.0,4015
2515708,Serra Grande,PB,Nordeste,42.63,58.96,16.33,73.8,14.84,0.08,0.07,5.7,6.5,4.36,2942.0,4016
2304251,Cruz,CE,Nordeste,98.09,80.0,-18.09,94.84,14.84,0.08,0.07,0.8,10.0,4.46,29761.0,4017
2512721,Pedro Régis,PB,Nordeste,70.45,63.06,-7.39,77.91,14.85,0.08,0.07,14.1,5.4,4.34,5766.0,4018
2703809,Joaquim Gomes,AL,Nordeste,58.26,55.02,-3.24,69.88,14.86,0.08,0.07,6.6,5.3,4.13,17150.0,4019
3122108,Divino das Laranjeiras,MG,Sudeste,59.29,59.76,0.47,74.62,14.86,0.08,0.07,0.4,6.1,5.0,4178.0,4020
5107768,Santa Rita do Trivelato,MT,Centro-Oeste,82.11,71.95,-10.16,86.82,14.87,0.08,0.07,2.8,6.1,5.08,3276.0,4021
2303907,Chaval,CE,Nordeste,87.37,77.4,-9.97,92.27,14.87,0.08,0.07,3.2,6.1,4.11,12462.0,4022
2903276,Barrocas,BA,Nordeste,72.44,60.15,-12.29,75.02,14.87,0.08,0.07,8.2,5.7,4.55,15203.0,4023
3169703,Turmalina,MG,Sudeste,73.89,66.47,-7.42,81.35,14.88,0.08,0.07,0.9,7.0,4.83,20000.0,4024
1303908,São Paulo de Olivença,AM,Norte,55.15,54.8,-0.35,69.68,14.88,0.08,0.07,5.8,5.2,3.82,32967.0,4025
2921401,Mirangaba,BA,Nordeste,55.55,55.19,-0.36,70.07,14.88,0.08,0.07,7.8,5.1,4.34,15734.0,4026
3145000,Nova Ponte,MG,Sudeste,89.5,75.83,-13.67,90.73,14.9,0.08,0.07,0.9,8.0,5.22,14598.0,4027
3147956,Patis,MG,Sudeste,96.43,78.28,-18.15,93.18,14.9,0.08,0.07,0.4,6.7,4.31,4837.0,4028
5208152,Gameleira de Goiás,GO,Centro-Oeste,94.65,80.0,-14.65,94.9,14.9,0.08,0.07,4.6,6.5,5.08,3456.0,4029
4309571,Herveiras,RS,Sul,100.0,69.55,-30.45,84.45,14.9,0.08,0.07,7.1,7.0,5.09,2565.0,4030
2906600,Candiba,BA,Nordeste,70.32,62.69,-7.63,77.62,14.93,0.08,0.07,7.5,5.5,4.68,13016.0,4031
5102850,Castanheira,MT,Centro-Oeste,84.06,71.11,-12.95,86.04,14.93,0.08,0.07,0.9,5.9,4.91,7506.0,4032
2805703,Propriá,SE,Nordeste,52.37,44.74,-7.63,59.68,14.93,0.08,0.07,7.9,5.5,4.49,26618.0,4033
3112109,Caparaó,MG,Sudeste,83.98,69.62,-14.36,84.56,14.93,0.08,0.07,5.7,6.8,4.86,5048.0,4034
2106300,Magalhães de Almeida,MA,Nordeste,76.09,65.26,-10.83,80.2,14.94,0.08,0.07,4.7,5.6,4.21,13807.0,4035
5006358,Paranhos,MS,Centro-Oeste,69.69,61.7,-7.99,76.65,14.95,0.08,0.07,19.7,5.6,4.92,12921.0,4036
3161403,São Francisco do Glória,MG,Sudeste,81.94,69.25,-12.69,84.21,14.96,0.08,0.07,0.8,6.4,4.77,4800.0,4037
4101101,Andirá,PR,Sul,81.67,72.08,-9.59,87.04,14.96,0.08,0.07,5.6,6.8,5.21,19878.0,4038
5002951,Chapadão do Sul,MS,Centro-Oeste,72.14,60.83,-11.31,75.81,14.97,0.08,0.07,7.6,5.8,5.31,30993.0,4039
2931608,Teolândia,BA,Nordeste,78.0,63.01,-14.99,77.99,14.98,0.08,0.07,12.7,5.0,4.28,15332.0,4040
2104008,Esperantinópolis,MA,Nordeste,86.81,69.22,-17.59,84.2,14.98,0.08,0.07,4.9,5.5,4.28,18311.0,4041
2902005,Aracatu,BA,Nordeste,58.56,60.07,1.51,75.05,14.98,0.08,0.07,10.5,6.0,4.57,13936.0,4042
2910602,Esplanada,BA,Nordeste,45.2,44.95,-0.25,59.93,14.98,0.08,0.07,18.8,4.5,4.29,32554.0,4043
1703305,Bom Jesus do Tocantins,TO,Norte,45.65,50.01,4.36,64.99,14.98,0.08,0.07,2.4,5.2,4.44,4038.0,4044
3501806,Américo de Campos,SP,Sudeste,90.0,69.53,-20.47,84.52,14.98,0.08,0.07,1.0,7.2,5.39,5870.0,4045
4117107,Nova Londrina,PR,Sul,94.19,78.69,-15.5,93.68,14.99,0.08,0.07,9.2,7.7,5.4,12923.0,4046
4120333,Prado Ferreira,PR,Sul,89.26,78.13,-11.13,93.11,14.99,0.08,0.07,11.7,7.0,5.18,3709.0,4047
1711803,Juarina,TO,Norte,63.66,56.2,-7.46,71.2,15.0,0.08,0.07,12.6,4.9,4.58,2243.0,4048
2310803,Pereiro,CE,Nordeste,93.42,80.0,-13.42,95.0,15.0,0.08,0.07,1.0,7.8,4.59,15274.0,4049
5208509,Goiandira,GO,Centro-Oeste,65.59,61.58,-4.01,76.59,15.01,0.08,0.07,1.5,5.9,5.13,4973.0,4050
3143401,Monte Sião,MG,Sudeste,85.24,66.47,-18.77,81.5,15.03,0.08,0.07,3.1,6.9,5.4,24089.0,4051
2101202,Bacabal,MA,Nordeste,73.34,62.12,-11.22,77.15,15.03,0.08,0.07,3.5,6.0,4.39,103711.0,4052
5206701,Damianópolis,GO,Centro-Oeste,86.23,74.9,-11.33,89.93,15.03,0.08,0.07,3.7,6.5,4.88,3770.0,4053
2512077,Poço de José de Moura,PB,Nordeste,73.57,66.0,-7.57,81.04,15.04,0.08,0.07,9.5,6.0,4.35,4006.0,4054
2705200,Messias,AL,Nordeste,52.21,53.29,1.08,68.33,15.04,0.08,0.07,3.0,5.6,4.39,15405.0,4055
5209606,Heitoraí,GO,Centro-Oeste,66.67,66.29,-0.38,81.34,15.05,0.08,0.07,2.1,5.3,5.08,3354.0,4056
4111506,Ivaiporã,PR,Sul,82.77,72.87,-9.9,87.92,15.05,0.08,0.07,4.5,7.2,5.29,32720.0,4057
2922201,Muniz Ferreira,BA,Nordeste,67.35,62.26,-5.09,77.31,15.06,0.08,0.07,7.4,5.4,4.28,7190.0,4058
4104709,Carlópolis,PR,Sul,88.51,76.55,-11.96,91.61,15.06,0.08,0.07,5.5,7.8,5.27,16905.0,4059
4120705,Quatiguá,PR,Sul,95.15,80.0,-15.15,95.06,15.06,0.08,0.07,11.6,7.8,5.32,8099.0,4060
2912103,Ibicaraí,BA,Nordeste,59.08,53.0,-6.08,68.07,15.07,0.08,0.07,11.0,5.2,4.34,21665.0,4061
5218508,Quirinópolis,GO,Centro-Oeste,85.21,73.07,-12.14,88.15,15.08,0.08,0.07,2.3,7.0,5.28,48447.0,4062
3101904,Alpinópolis,MG,Sudeste,71.35,60.25,-11.1,75.33,15.08,0.08,0.07,0.6,6.2,5.24,18300.0,4063
4101150,Ângulo,PR,Sul,100.0,80.0,-20.0,95.09,15.09,0.08,0.07,4.4,7.5,,3235.0,4064
3156452,Rosário da Limeira,MG,Sudeste,76.6,67.49,-9.11,82.58,15.1,0.08,0.07,1.0,5.9,4.83,4734.0,4065
2605301,Exu,PE,Nordeste,77.08,67.85,-9.23,82.96,15.1,0.08,0.07,3.1,6.2,4.28,31843.0,4066
2507804,Junco do Seridó,PB,Nordeste,84.71,67.63,-17.08,82.75,15.12,0.08,0.07,5.5,5.1,4.57,6793.0,4067
2929602,Sapeaçu,BA,Nordeste,81.97,67.95,-14.02,83.08,15.13,0.08,0.07,4.9,6.0,4.18,17963.0,4068
5209101,Goiatuba,GO,Centro-Oeste,87.78,73.69,-14.09,88.83,15.14,0.08,0.07,13.2,6.5,5.42,35664.0,4069
4115739,Mato Rico,PR,Sul,82.38,74.62,-7.76,89.77,15.14,0.08,0.07,5.8,7.4,4.96,3267.0,4070
4127957,Tupãssi,PR,Sul,90.53,74.98,-15.55,90.13,15.14,0.08,0.07,2.8,6.9,5.51,8077.0,4071
2503753,Cajazeirinhas,PB,Nordeste,96.43,80.0,-16.43,95.14,15.14,0.08,0.07,13.4,6.6,4.13,2740.0,4072
2210953,Tamboril do Piauí,PI,Nordeste,73.17,73.98,0.81,89.12,15.15,0.08,0.07,6.0,5.5,3.93,2949.0,4073
4103008,Boa Esperança,PR,Sul,93.99,80.0,-13.99,95.15,15.15,0.08,0.07,2.8,7.8,5.39,4558.0,4074
5108907,Nova Maringá,MT,Centro-Oeste,79.11,70.43,-8.68,85.58,15.15,0.08,0.07,0.2,6.4,5.06,5846.0,4075
5205802,Corumbá de Goiás,GO,Centro-Oeste,87.42,75.71,-11.71,90.86,15.16,0.08,0.07,6.4,6.0,5.05,10562.0,4076
2708402,São José da Tapera,AL,Nordeste,73.99,63.92,-10.07,79.08,15.16,0.08,0.07,4.6,5.9,4.19,30604.0,4077
4202602,Bom Retiro,SC,Sul,60.03,54.37,-5.66,69.53,15.16,0.08,0.07,5.0,5.9,5.49,8418.0,4078
2900504,Érico Cardoso,BA,Nordeste,91.46,73.62,-17.84,88.78,15.16,0.08,0.07,6.6,5.8,4.45,10604.0,4079
5101704,Barra do Bugres,MT,Centro-Oeste,71.75,64.91,-6.84,80.08,15.17,0.08,0.07,1.3,5.9,4.94,29403.0,4080
2917003,Itiúba,BA,Nordeste,58.88,51.21,-7.67,66.38,15.17,0.08,0.07,11.1,4.8,4.2,33872.0,4081
2922250,Muquém do São Francisco,BA,Nordeste,48.82,53.4,4.58,68.59,15.19,0.08,0.07,10.4,5.2,4.31,10443.0,4082
2912707,Ibirapitanga,BA,Nordeste,60.34,53.57,-6.77,68.76,15.19,0.08,0.07,14.4,5.2,4.34,25344.0,4083
2110807,São Félix de Balsas,MA,Nordeste,71.07,61.09,-9.98,76.29,15.19,0.08,0.07,22.8,4.9,4.21,4402.0,4084
1702307,Arapoema,TO,Norte,65.18,57.39,-7.79,72.59,15.2,0.08,0.07,7.4,4.9,4.64,5550.0,4085
3150406,Piedade dos Gerais,MG,Sudeste,86.52,75.63,-10.89,90.84,15.21,0.08,0.07,5.9,7.2,5.1,5019.0,4086
5213855,Morro Agudo de Goiás,GO,Centro-Oeste,100.0,80.0,-20.0,95.21,15.21,0.08,0.07,9.2,6.2,4.93,2456.0,4087
5213053,Mimoso de Goiás,GO,Centro-Oeste,100.0,72.91,-27.09,88.15,15.23,0.08,0.07,8.2,5.5,4.91,2614.0,4088
1505106,Óbidos,PA,Norte,71.88,63.82,-8.06,79.05,15.23,0.08,0.07,11.8,5.7,4.17,52229.0,4089
2408904,Parelhas,RN,Nordeste,74.94,60.84,-14.1,76.08,15.23,0.08,0.07,6.0,6.3,4.57,21499.0,4090
4127403,Terra Roxa,PR,Sul,83.07,73.87,-9.2,89.11,15.24,0.08,0.07,7.0,7.3,5.29,18119.0,4091
3127354,Glaucilândia,MG,Sudeste,80.77,68.1,-12.67,83.34,15.23,0.08,0.07,0.0,7.4,4.81,2928.0,4092
4110409,Indianópolis,PR,Sul,97.78,80.0,-17.78,95.24,15.24,0.08,0.07,6.8,7.9,5.33,4448.0,4093
2905909,Campo Alegre de Lourdes,BA,Nordeste,65.88,57.01,-8.87,72.25,15.24,0.08,0.07,11.6,5.2,4.33,30671.0,4094
2111904,Sucupira do Norte,MA,Nordeste,79.16,64.42,-14.74,79.66,15.25,0.08,0.07,3.6,5.4,4.28,10238.0,4095
3135308,Japaraíba,MG,Sudeste,88.93,75.15,-13.78,90.4,15.25,0.08,0.07,0.6,7.2,5.14,4506.0,4096
5105259,Lucas do Rio Verde,MT,Centro-Oeste,79.72,71.54,-8.18,86.8,15.26,0.08,0.07,2.4,6.9,5.12,83798.0,4097
2402501,Carnaubais,RN,Nordeste,60.86,50.93,-9.93,66.19,15.26,0.08,0.07,10.8,5.4,4.58,9714.0,4098
5107008,Poxoréu,MT,Centro-Oeste,68.22,62.9,-5.32,78.16,15.26,0.08,0.07,3.1,5.8,4.99,23283.0,4099
3128907,Guimarânia,MG,Sudeste,86.23,69.84,-16.39,85.12,15.28,0.08,0.07,2.5,6.6,5.07,8478.0,4100
1100148,Nova Brasilândia D'Oeste,RO,Norte,86.67,77.14,-9.53,92.42,15.29,0.08,0.07,3.5,7.0,4.9,15679.0,4101
2307254,Jijoca de Jericoacoara,CE,Nordeste,98.39,80.0,-18.39,95.29,15.29,0.08,0.07,0.9,9.5,4.6,25555.0,4102
1301951,Itamarati,AM,Norte,87.61,74.94,-12.67,90.23,15.29,0.08,0.07,8.9,6.5,4.02,10937.0,4103
2508000,Juru,PB,Nordeste,86.78,73.0,-13.78,88.29,15.29,0.08,0.07,2.9,6.5,4.44,9234.0,4104
2502300,Bom Sucesso,PB,Nordeste,87.96,72.27,-15.69,87.56,15.29,0.08,0.07,4.6,5.8,4.56,4661.0,4105
4105003,Catanduvas,PR,Sul,86.39,72.6,-13.79,87.9,15.3,0.08,0.07,3.7,6.6,5.16,10446.0,4106
2611903,Rio Formoso,PE,Nordeste,98.17,80.0,-18.17,95.3,15.3,0.08,0.07,2.3,8.1,4.4,20009.0,4107
3127008,Fronteira,MG,Sudeste,81.25,65.92,-15.33,81.22,15.3,0.08,0.07,0.6,6.1,5.09,14540.0,4108
5218300,Posse,GO,Centro-Oeste,87.99,77.87,-10.12,93.17,15.31,0.08,0.07,5.7,6.9,5.03,34914.0,4109
4112959,Juranda,PR,Sul,73.4,69.43,-3.97,84.74,15.31,0.08,0.07,8.7,7.3,5.27,7771.0,4110
4107405,Enéas Marques,PR,Sul,88.76,80.0,-8.76,95.31,15.31,0.08,0.07,1.1,7.9,5.42,5999.0,4111
2613503,São José do Belmonte,PE,Nordeste,69.39,62.68,-6.71,78.0,15.32,0.08,0.07,2.0,6.2,4.49,34843.0,4112
2932804,Utinga,BA,Nordeste,62.37,55.26,-7.11,70.58,15.32,0.08,0.07,11.8,5.5,4.2,16277.0,4113
4121901,Ribeirão do Pinhal,PR,Sul,88.34,80.0,-8.34,95.32,15.32,0.08,0.07,11.2,7.4,4.93,13060.0,4114
2911303,Gentio do Ouro,BA,Nordeste,66.48,61.8,-4.68,77.13,15.33,0.08,0.07,2.9,5.9,4.63,10884.0,4115
3115003,Cascalho Rico,MG,Sudeste,86.51,71.51,-15.0,86.84,15.33,0.08,0.07,1.6,7.2,5.04,2712.0,4116
2202851,Coronel José Dias,PI,Nordeste,76.59,70.12,-6.47,85.45,15.33,0.08,0.07,5.4,6.1,4.12,4250.0,4117
3304102,Porciúncula,RJ,Sudeste,65.93,56.22,-9.71,71.55,15.33,0.08,0.07,14.6,5.9,4.84,17288.0,4118
4109005,Guapirama,PR,Sul,96.85,80.0,-16.85,95.33,15.33,0.08,0.07,5.8,7.6,5.04,4626.0,4119
4119657,Pitangueiras,PR,Sul,91.11,80.0,-11.11,95.34,15.34,0.08,0.06,4.6,7.6,5.45,3046.0,4120
2108058,Paulino Neves,MA,Nordeste,82.7,72.0,-10.7,87.35,15.35,0.08,0.06,5.4,6.3,4.02,17056.0,4121
3509809,Campos Novos Paulista,SP,Sudeste,60.39,54.13,-6.26,69.49,15.36,0.08,0.06,2.7,6.8,5.18,4888.0,4122
2614402,Solidão,PE,Nordeste,93.42,77.04,-16.38,92.41,15.37,0.08,0.06,1.8,7.6,4.39,5210.0,4123
2706422,Pariconha,AL,Nordeste,72.57,59.8,-12.77,75.17,15.38,0.08,0.06,1.5,5.4,4.31,10573.0,4124
5205703,Córrego do Ouro,GO,Centro-Oeste,100.0,78.54,-21.46,93.93,15.39,0.08,0.06,2.3,6.8,5.23,2454.0,4125
3503356,Arco-Íris,SP,Sudeste,43.48,51.76,8.28,67.15,15.39,0.08,0.06,0.0,6.0,5.43,2044.0,4126
3554656,Torre de Pedra,SP,Sudeste,78.57,54.93,-23.64,70.32,15.39,0.08,0.06,2.4,5.0,5.36,2046.0,4127
4109658,Honório Serpa,PR,Sul,72.05,67.51,-4.54,82.91,15.4,0.08,0.06,2.5,6.5,5.11,4941.0,4128
2201200,Barras,PI,Nordeste,68.9,67.36,-1.54,82.77,15.41,0.08,0.06,3.7,6.0,4.0,47938.0,4129
4103107,Bocaiúva do Sul,PR,Sul,69.42,63.97,-5.45,79.39,15.42,0.08,0.06,14.6,6.8,5.17,13299.0,4130
4128625,Alto Paraíso,PR,Sul,86.18,72.0,-14.18,87.42,15.42,0.08,0.06,5.1,6.2,5.13,3055.0,4131
4120507,Primeiro de Maio,PR,Sul,61.47,65.18,3.71,80.61,15.43,0.08,0.06,10.5,7.2,5.26,10082.0,4132
3148756,Pedra Bonita,MG,Sudeste,95.38,70.24,-25.14,85.67,15.43,0.08,0.06,0.8,6.4,4.84,7320.0,4133
2701704,Capela,AL,Nordeste,63.75,59.67,-4.08,75.1,15.43,0.08,0.06,8.5,5.8,4.22,15032.0,4134
2300200,Acaraú,CE,Nordeste,98.59,80.0,-18.59,95.44,15.44,0.08,0.06,0.6,8.7,4.25,65264.0,4135
5002902,Cassilândia,MS,Centro-Oeste,61.51,57.63,-3.88,73.07,15.44,0.08,0.06,8.3,5.8,5.25,20988.0,4136
3171006,Vazante,MG,Sudeste,68.22,61.13,-7.09,76.57,15.44,0.08,0.06,1.0,6.7,5.29,19975.0,4137
2504009,Campina Grande,PB,Nordeste,69.34,60.33,-9.01,75.77,15.45,0.08,0.06,10.8,6.0,4.71,419379.0,4138
2801108,Canhoba,SE,Nordeste,64.44,62.01,-2.43,77.46,15.45,0.08,0.06,15.3,7.2,4.26,3791.0,4139
2101970,Boa Vista do Gurupi,MA,Nordeste,89.9,69.54,-20.36,85.0,15.46,0.08,0.06,5.8,5.3,4.33,7574.0,4140
2200202,Água Branca,PI,Nordeste,95.92,80.0,-15.92,95.46,15.46,0.08,0.06,3.5,7.3,4.42,17573.0,4141
4122172,Rio Branco do Ivaí,PR,Sul,85.3,74.49,-10.81,89.95,15.46,0.08,0.06,7.5,6.5,5.08,3808.0,4142
1100049,Cacoal,RO,Norte,84.77,70.81,-13.96,86.28,15.47,0.08,0.06,2.2,6.2,5.01,86887.0,4143
1500131,Abel Figueiredo,PA,Norte,83.17,69.45,-13.72,84.92,15.47,0.08,0.06,9.1,6.4,4.48,6136.0,4144
3130507,Ilicínea,MG,Sudeste,70.97,62.29,-8.68,77.76,15.47,0.08,0.06,0.0,6.3,5.12,12741.0,4145
2702207,Coqueiro Seco,AL,Nordeste,46.55,55.69,9.14,71.17,15.48,0.08,0.06,9.6,6.7,4.42,5581.0,4146
2413003,São Vicente,RN,Nordeste,89.66,71.04,-18.62,86.52,15.48,0.08,0.06,5.8,5.9,4.68,6310.0,4147
2914208,Irajuba,BA,Nordeste,62.01,59.16,-2.85,74.65,15.49,0.08,0.06,17.2,5.7,4.57,6101.0,4148
5214861,Nova Glória,GO,Centro-Oeste,98.25,80.0,-18.25,95.5,15.5,0.08,0.06,1.4,7.1,5.06,8310.0,4149
2931053,Tanque Novo,BA,Nordeste,83.27,71.29,-11.98,86.78,15.5,0.08,0.06,3.8,6.6,4.68,17158.0,4150
3165560,Sem-Peixe,MG,Sudeste,90.0,78.03,-11.97,93.53,15.5,0.08,0.06,1.1,7.3,4.67,2433.0,4151
2909703,Cristópolis,BA,Nordeste,62.93,61.5,-1.43,77.0,15.5,0.08,0.06,7.8,6.1,4.51,13993.0,4152
4207684,Ipuaçu,SC,Sul,86.79,69.29,-17.5,84.79,15.5,0.08,0.06,7.5,7.0,5.59,7730.0,4153
2605103,Custódia,PE,Nordeste,95.38,80.0,-15.38,95.5,15.5,0.08,0.06,1.7,8.4,4.42,37699.0,4154
5219001,Sanclerlândia,GO,Centro-Oeste,98.87,78.92,-19.95,94.44,15.51,0.08,0.06,2.3,7.1,5.38,7918.0,4155
3160801,São Bento Abade,MG,Sudeste,78.79,68.65,-10.14,84.16,15.51,0.08,0.06,2.0,6.5,5.0,4713.0,4156
5203401,Bom Jardim de Goiás,GO,Centro-Oeste,95.49,79.51,-15.98,95.03,15.52,0.08,0.06,4.3,7.0,5.04,7826.0,4157
1200385,Plácido de Castro,AC,Norte,55.75,50.0,-5.75,65.52,15.52,0.08,0.06,12.9,5.5,4.65,16560.0,4158
1702208,Araguatins,TO,Norte,63.24,56.07,-7.17,71.6,15.53,0.08,0.06,6.8,5.7,4.51,31918.0,4159
4121208,Quitandinha,PR,Sul,91.66,75.53,-16.13,91.06,15.53,0.08,0.06,2.6,7.3,5.32,18398.0,4160
2106706,Mirador,MA,Nordeste,61.62,55.99,-5.63,71.52,15.53,0.08,0.06,5.1,4.7,4.19,21030.0,4161
2313906,Uruoca,CE,Nordeste,92.14,80.0,-12.14,95.54,15.54,0.08,0.06,0.6,8.3,4.11,13746.0,4162
2904209,Botuporã,BA,Nordeste,80.32,70.6,-9.72,86.13,15.54,0.08,0.06,6.5,6.0,4.54,11024.0,4163
2924702,Piripá,BA,Nordeste,78.52,71.69,-6.83,87.23,15.54,0.08,0.06,7.4,6.7,4.56,9152.0,4164
1506104,Primavera,PA,Norte,67.48,63.88,-3.6,79.43,15.54,0.08,0.06,4.3,6.4,4.25,10851.0,4165
1100320,São Miguel do Guaporé,RO,Norte,85.43,73.46,-11.97,89.01,15.55,0.08,0.06,2.2,6.2,4.88,21635.0,4166
5212808,Mara Rosa,GO,Centro-Oeste,97.69,74.41,-23.28,89.97,15.55,0.08,0.06,3.9,6.7,5.14,10700.0,4167
2709400,Viçosa,AL,Nordeste,63.92,58.98,-4.94,74.55,15.57,0.08,0.06,6.5,6.0,4.07,24092.0,4168
2918555,Jussari,BA,Nordeste,52.37,56.5,4.13,72.07,15.57,0.08,0.06,13.4,5.1,4.45,5888.0,4169
4100509,Altônia,PR,Sul,91.25,74.82,-16.43,90.41,15.58,0.08,0.06,8.3,7.0,5.3,18742.0,4170
3142700,Montalvânia,MG,Sudeste,72.28,63.64,-8.64,79.23,15.6,0.07,0.06,1.2,6.8,4.51,14060.0,4171
4122800,Salgado Filho,PR,Sul,96.47,80.0,-16.47,95.61,15.61,0.07,0.06,2.7,7.3,5.23,4075.0,4172
4113403,Leópolis,PR,Sul,91.46,80.0,-11.46,95.62,15.62,0.07,0.06,9.2,7.8,5.13,3752.0,4173
3522802,Itaporanga,SP,Sudeste,74.71,56.81,-17.9,72.43,15.62,0.07,0.06,0.8,6.4,5.08,14085.0,4174
3120201,Cristais,MG,Sudeste,86.35,73.22,-13.13,88.84,15.62,0.07,0.06,1.1,7.1,5.11,12197.0,4175
2411429,Santana do Seridó,RN,Nordeste,77.78,65.65,-12.13,81.28,15.63,0.07,0.06,0.6,6.4,4.5,2696.0,4176
3156007,Rio Vermelho,MG,Sudeste,78.22,61.14,-17.08,76.78,15.64,0.07,0.06,2.0,5.6,4.26,12641.0,4177
2205516,Juazeiro do Piauí,PI,Nordeste,87.68,73.94,-13.74,89.59,15.65,0.07,0.06,5.6,6.1,4.27,5214.0,4178
2101509,Barão de Grajaú,MA,Nordeste,70.04,59.88,-10.16,75.53,15.65,0.07,0.06,4.7,5.7,4.34,18984.0,4179
2204808,Ipiranga do Piauí,PI,Nordeste,100.0,80.0,-20.0,95.65,15.65,0.07,0.06,1.8,6.5,4.33,9420.0,4180
2303303,Cariús,CE,Nordeste,94.99,80.0,-14.99,95.66,15.66,0.07,0.06,0.3,7.3,4.29,17015.0,4181
5212907,Marzagão,GO,Centro-Oeste,100.0,80.0,-20.0,95.67,15.67,0.07,0.06,1.4,6.8,5.16,2758.0,4182
3122405,Divisa Nova,MG,Sudeste,90.53,71.7,-18.83,87.37,15.66,0.07,0.06,0.8,6.6,4.98,5851.0,4183
5205406,Ceres,GO,Centro-Oeste,96.26,80.0,-16.26,95.67,15.67,0.07,0.06,0.8,7.1,5.27,22046.0,4184
3167301,Silveirânia,MG,Sudeste,96.67,80.0,-16.67,95.67,15.67,0.07,0.06,3.9,7.1,5.01,2323.0,4185
3204708,São Gabriel da Palha,ES,Sudeste,87.46,75.89,-11.57,91.57,15.68,0.07,0.06,4.0,7.0,4.92,32252.0,4186
3155009,Rio Doce,MG,Sudeste,100.0,80.0,-20.0,95.68,15.68,0.07,0.06,5.4,7.6,5.21,2484.0,4187
2310407,Paramoti,CE,Nordeste,98.97,80.0,-18.97,95.68,15.68,0.07,0.06,3.0,7.8,4.14,10384.0,4188
3118205,Conquista,MG,Sudeste,100.0,73.96,-26.04,89.65,15.68,0.07,0.06,8.6,7.3,5.2,6694.0,4189
2304509,Frecheirinha,CE,Nordeste,98.8,80.0,-18.8,95.68,15.68,0.07,0.06,1.7,7.4,4.26,15657.0,4190
3130705,Indianópolis,MG,Sudeste,63.25,60.73,-2.52,76.42,15.69,0.07,0.06,20.4,6.2,5.28,6171.0,4191
5207600,Fazenda Nova,GO,Centro-Oeste,100.0,80.0,-20.0,95.69,15.69,0.07,0.06,0.7,7.4,5.13,5877.0,4192
2311702,Reriutaba,CE,Nordeste,98.04,80.0,-18.04,95.71,15.71,0.07,0.06,1.1,7.2,4.08,18606.0,4193
1100379,Alto Alegre dos Parecis,RO,Norte,87.9,74.37,-13.53,90.08,15.71,0.07,0.06,5.9,6.0,4.79,11479.0,4194
4113254,Laranjal,PR,Sul,58.86,59.0,0.14,74.71,15.71,0.07,0.06,10.3,5.6,4.53,5600.0,4195
3132107,Itacarambi,MG,Sudeste,74.4,64.16,-10.24,79.88,15.71,0.07,0.06,1.7,6.1,4.57,17208.0,4196
2204105,Francisco Ayres,PI,Nordeste,80.99,62.99,-18.0,78.71,15.72,0.07,0.06,8.2,5.4,4.34,4412.0,4197
3136801,Juramento,MG,Sudeste,81.88,71.17,-10.71,86.9,15.72,0.07,0.06,1.5,7.2,4.63,3768.0,4198
4121307,Rancho Alegre,PR,Sul,96.63,78.33,-18.3,94.05,15.72,0.07,0.06,9.7,6.8,5.0,3512.0,4199
5202353,Arenópolis,GO,Centro-Oeste,97.37,80.0,-17.37,95.72,15.72,0.07,0.06,2.7,7.1,5.19,2946.0,4200
3169109,Toledo,MG,Sudeste,87.79,71.11,-16.68,86.84,15.73,0.07,0.06,11.6,6.7,5.21,7214.0,4201
2908309,Conceição do Almeida,BA,Nordeste,84.63,66.43,-18.2,82.15,15.73,0.07,0.06,11.9,5.3,4.32,15794.0,4202
2303931,Choró,CE,Nordeste,95.85,80.0,-15.85,95.73,15.73,0.07,0.06,1.4,7.5,4.18,12113.0,4203
2923902,Pau Brasil,BA,Nordeste,63.69,61.57,-2.12,77.32,15.75,0.07,0.06,14.4,6.4,4.3,9370.0,4204
1100031,Cabixi,RO,Norte,86.89,74.15,-12.74,89.91,15.75,0.07,0.06,4.4,6.0,4.95,5351.0,4205
4107157,Diamante D'Oeste,PR,Sul,83.82,73.19,-10.63,88.95,15.76,0.07,0.06,4.8,6.7,5.18,4557.0,4206
2906899,Caraíbas,BA,Nordeste,61.28,62.62,1.34,78.39,15.76,0.07,0.06,8.9,5.7,4.27,9940.0,4207
5103304,Comodoro,MT,Centro-Oeste,74.63,68.42,-6.21,84.19,15.77,0.07,0.06,1.1,6.1,5.0,18238.0,4208
4117008,Nova Fátima,PR,Sul,100.0,80.0,-20.0,95.77,15.77,0.07,0.06,9.4,8.1,5.31,7225.0,4209
1506351,Santa Bárbara do Pará,PA,Norte,63.21,57.58,-5.63,73.34,15.77,0.07,0.06,8.6,5.9,4.35,21087.0,4210
4315354,Quinze de Novembro,RS,Sul,94.74,74.05,-20.69,89.82,15.77,0.07,0.06,2.6,7.1,5.74,3910.0,4211
3120706,Cruzeiro da Fortaleza,MG,Sudeste,97.03,70.77,-26.26,86.55,15.78,0.07,0.06,1.6,6.3,5.18,3521.0,4212
3202256,Governador Lindenberg,ES,Sudeste,81.79,71.62,-10.17,87.4,15.78,0.07,0.06,3.2,7.0,5.02,11009.0,4213
1505437,Ourilândia do Norte,PA,Norte,67.8,63.74,-4.06,79.52,15.79,0.07,0.06,10.5,6.1,4.59,32467.0,4214
4104402,Cândido de Abreu,PR,Sul,91.06,80.0,-11.06,95.8,15.8,0.07,0.06,14.0,7.2,4.97,15244.0,4215
3122470,Dom Bosco,MG,Sudeste,69.72,67.3,-2.42,83.1,15.8,0.07,0.06,0.9,7.4,4.87,3697.0,4216
3126208,Formoso,MG,Sudeste,81.52,70.09,-11.43,85.9,15.81,0.07,0.06,0.9,6.4,4.7,7949.0,4217
2306207,Itaiçaba,CE,Nordeste,97.05,80.0,-17.05,95.81,15.81,0.07,0.06,0.0,7.5,4.51,7536.0,4218
3166907,Serrania,MG,Sudeste,85.45,71.47,-13.98,87.27,15.81,0.07,0.06,1.7,7.1,4.95,7621.0,4219
2307635,Madalena,CE,Nordeste,96.17,80.0,-16.17,95.82,15.82,0.07,0.06,2.3,7.5,4.25,16896.0,4220
2704708,Marechal Deodoro,AL,Nordeste,67.28,59.31,-7.97,75.13,15.82,0.07,0.06,5.7,6.5,4.64,60370.0,4221
5214879,Nova Iguaçu de Goiás,GO,Centro-Oeste,91.67,80.0,-11.67,95.83,15.83,0.07,0.06,1.4,7.8,5.04,3010.0,4222
2306108,Irauçuba,CE,Nordeste,96.55,80.0,-16.55,95.84,15.84,0.07,0.06,0.4,6.4,4.01,23915.0,4223
2804904,Pacatuba,SE,Nordeste,51.17,42.16,-9.01,58.01,15.84,0.07,0.06,4.8,4.7,4.15,12502.0,4224
2302800,Canindé,CE,Nordeste,96.5,80.0,-16.5,95.85,15.85,0.07,0.06,2.4,7.3,4.3,74174.0,4225
5107354,São José do Xingu,MT,Centro-Oeste,65.68,65.11,-0.57,80.96,15.85,0.07,0.06,6.4,5.9,4.96,5964.0,4226
2917607,Jaguaquara,BA,Nordeste,72.47,62.47,-10.0,78.32,15.85,0.07,0.06,8.1,5.7,4.32,45964.0,4227
3138807,Luz,MG,Sudeste,75.85,66.73,-9.12,82.58,15.85,0.07,0.06,0.3,6.8,5.0,17875.0,4228
3113008,Caraí,MG,Sudeste,67.74,60.12,-7.62,75.98,15.86,0.07,0.06,1.4,6.1,4.25,19548.0,4229
1701903,Araguacema,TO,Norte,63.0,58.16,-4.84,74.02,15.86,0.07,0.06,2.0,5.5,4.71,5927.0,4230
5205513,Cocalzinho de Goiás,GO,Centro-Oeste,90.96,79.73,-11.23,95.59,15.86,0.07,0.06,2.9,7.4,4.98,25016.0,4231
2708600,São Miguel dos Campos,AL,Nordeste,75.05,64.47,-10.58,80.33,15.86,0.07,0.06,4.5,6.3,4.49,51990.0,4232
4106001,Congonhinhas,PR,Sul,89.04,74.0,-15.04,89.87,15.87,0.07,0.06,13.0,6.6,5.12,8320.0,4233
3202108,Ecoporanga,ES,Sudeste,87.24,74.21,-13.03,90.08,15.87,0.07,0.06,1.5,6.8,4.75,21992.0,4234
2210052,São José do Divino,PI,Nordeste,94.34,80.0,-14.34,95.88,15.88,0.07,0.06,0.5,6.8,4.21,4841.0,4235
5004304,Iguatemi,MS,Centro-Oeste,72.6,57.96,-14.64,73.84,15.88,0.07,0.06,21.0,5.2,5.05,13808.0,4236
3131505,Ipuiúna,MG,Sudeste,75.97,65.92,-10.05,81.8,15.89,0.07,0.06,1.5,6.8,5.07,9135.0,4237
3131000,Inhaúma,MG,Sudeste,66.93,62.83,-4.1,78.72,15.89,0.07,0.06,0.3,6.2,5.02,6239.0,4238
2201705,Bertolínia,PI,Nordeste,87.6,69.28,-18.32,85.18,15.89,0.07,0.06,18.9,5.4,4.48,5562.0,4239
3167400,Silvianópolis,MG,Sudeste,77.79,66.53,-11.26,82.43,15.9,0.07,0.06,1.7,6.6,5.06,6179.0,4240
4211108,Monte Castelo,SC,Sul,60.91,57.0,-3.91,72.91,15.91,0.07,0.06,3.9,6.6,5.28,7736.0,4241
2921906,Mucugê,BA,Nordeste,62.32,59.9,-2.42,75.84,15.94,0.07,0.06,4.2,5.6,4.52,12137.0,4242
5107792,Santo Antônio do Leste,MT,Centro-Oeste,85.67,70.04,-15.63,85.97,15.94,0.07,0.06,9.6,6.0,5.33,4099.0,4243
2911402,Glória,BA,Nordeste,54.76,56.54,1.78,72.48,15.94,0.07,0.06,7.7,5.7,4.25,15524.0,4244
2208205,Pio IX,PI,Nordeste,54.26,56.15,1.89,72.09,15.95,0.07,0.06,2.1,5.4,4.14,17613.0,4245
2921104,Medeiros Neto,BA,Nordeste,76.52,65.19,-11.33,81.15,15.95,0.07,0.06,19.0,5.9,4.57,22194.0,4246
2205805,Luzilândia,PI,Nordeste,76.67,65.33,-11.34,81.3,15.96,0.07,0.06,11.0,5.5,4.19,25375.0,4247
2933455,Wanderley,BA,Nordeste,77.58,66.52,-11.06,82.48,15.97,0.07,0.06,7.1,5.8,4.56,12968.0,4248
2612406,Sanharó,PE,Nordeste,69.7,59.99,-9.71,75.97,15.98,0.07,0.06,4.5,5.6,4.28,18624.0,4249
2704906,Mar Vermelho,AL,Nordeste,79.49,69.03,-10.46,85.01,15.98,0.07,0.06,3.4,5.9,4.34,3155.0,4250
2502805,Brejo do Cruz,PB,Nordeste,75.95,66.28,-9.67,82.26,15.98,0.07,0.06,4.7,6.4,4.45,13613.0,4251
1504950,Nova Esperança do Piriá,PA,Norte,62.33,56.38,-5.95,72.36,15.98,0.07,0.06,12.4,5.5,4.05,20478.0,4252
3159605,Santa Rita do Sapucaí,MG,Sudeste,77.75,64.27,-13.48,80.27,16.0,0.07,0.06,3.5,7.0,5.32,40635.0,4253
3202652,Irupi,ES,Sudeste,87.63,73.29,-14.34,89.29,16.0,0.07,0.06,8.2,6.5,4.82,13710.0,4254
4111704,Jaboti,PR,Sul,91.43,80.0,-11.43,96.01,16.01,0.07,0.06,11.6,7.5,5.05,5427.0,4255
1505650,Placas,PA,Norte,69.95,65.0,-4.95,81.02,16.02,0.07,0.06,6.9,5.8,4.39,18668.0,4256
3110301,Caldas,MG,Sudeste,78.24,65.15,-13.09,81.17,16.02,0.07,0.06,2.4,6.6,5.29,14217.0,4257
5204706,Campinorte,GO,Centro-Oeste,92.65,76.59,-16.06,92.62,16.03,0.07,0.06,6.3,6.8,5.12,12510.0,4258
4123907,Santa Mariana,PR,Sul,95.61,76.52,-19.09,92.55,16.03,0.07,0.06,16.8,6.9,5.12,11066.0,4259
2932408,Uibaí,BA,Nordeste,59.6,54.78,-4.82,70.81,16.03,0.07,0.06,2.9,5.7,4.33,13432.0,4260
3103108,Antônio Prado de Minas,MG,Sudeste,93.33,79.19,-14.14,95.22,16.03,0.07,0.06,2.9,7.8,5.23,1538.0,4261
2303402,Carnaubal,CE,Nordeste,97.01,80.0,-17.01,96.04,16.04,0.07,0.06,1.4,8.4,4.32,17210.0,4262
2910750,Fátima,BA,Nordeste,64.28,60.0,-4.28,76.04,16.04,0.07,0.06,5.9,5.8,4.26,17895.0,4263
2105401,Itapecuru Mirim,MA,Nordeste,77.48,66.17,-11.31,82.21,16.04,0.07,0.06,4.7,5.9,4.17,60440.0,4264
3130051,Icaraí de Minas,MG,Sudeste,77.48,67.0,-10.48,83.05,16.05,0.07,0.06,1.1,6.3,4.33,10677.0,4265
2511202,Pedras de Fogo,PB,Nordeste,57.26,57.38,0.12,73.43,16.05,0.07,0.06,5.6,5.9,4.42,29662.0,4266
2902104,Araci,BA,Nordeste,42.67,45.3,2.63,61.35,16.05,0.07,0.06,14.5,5.1,4.18,48294.0,4267
4122503,Roncador,PR,Sul,97.55,80.0,-17.55,96.05,16.05,0.07,0.06,2.4,7.3,5.09,11251.0,4268
2909505,Cravolândia,BA,Nordeste,78.22,68.2,-10.02,84.25,16.05,0.07,0.06,8.6,5.8,4.43,4415.0,4269
2708501,São Luís do Quitunde,AL,Nordeste,61.55,58.73,-2.82,74.79,16.06,0.07,0.06,3.8,5.9,4.3,30873.0,4270
2608602,Lagoa do Ouro,PE,Nordeste,89.48,75.98,-13.5,92.05,16.06,0.07,0.06,3.3,6.8,4.05,11933.0,4271
3126307,Fortaleza de Minas,MG,Sudeste,81.58,69.0,-12.58,85.07,16.07,0.07,0.06,2.2,6.9,5.25,3477.0,4272
5218391,Professor Jamil,GO,Centro-Oeste,94.0,80.0,-14.0,96.08,16.08,0.07,0.06,5.9,6.0,5.0,3649.0,4273
4113007,Jussara,PR,Sul,88.65,75.8,-12.85,91.87,16.08,0.07,0.06,8.1,7.3,5.35,6690.0,4274
2705705,Olho d'Água das Flores,AL,Nordeste,58.52,59.03,0.51,75.11,16.08,0.07,0.06,5.5,6.2,4.12,20695.0,4275
4204459,Coronel Martins,SC,Sul,96.77,76.54,-20.23,92.62,16.08,0.07,0.06,2.3,7.0,5.35,2065.0,4276
2909406,Cotegipe,BA,Nordeste,67.93,59.4,-8.53,75.49,16.08,0.07,0.06,8.0,5.1,4.43,13063.0,4277
3555307,Turmalina,SP,Sudeste,64.71,62.01,-2.7,78.1,16.1,0.07,0.06,0.0,7.7,5.17,1669.0,4278
5100102,Acorizal,MT,Centro-Oeste,50.63,57.82,7.19,73.92,16.1,0.07,0.06,0.2,6.0,4.77,5014.0,4279
3164472,São Sebastião do Anta,MG,Sudeste,86.25,68.63,-17.62,84.75,16.12,0.07,0.06,0.5,6.4,4.87,6194.0,4280
4106852,Cruzmaltina,PR,Sul,100.0,80.0,-20.0,96.13,16.13,0.07,0.06,12.3,7.1,5.03,2892.0,4281
2504108,Carrapateira,PB,Nordeste,90.97,74.08,-16.89,90.26,16.18,0.07,0.06,6.2,7.1,4.48,2312.0,4282
2312908,Sobral,CE,Nordeste,96.85,80.0,-16.85,96.18,16.18,0.07,0.06,1.5,9.6,4.37,203023.0,4283
2903508,Belo Campo,BA,Nordeste,72.37,63.16,-9.21,79.34,16.18,0.07,0.06,13.6,5.8,4.49,18412.0,4284
4107553,Farol,PR,Sul,97.34,77.76,-19.58,93.94,16.19,0.07,0.06,5.8,7.5,5.21,3039.0,4285
2908200,Conceição da Feira,BA,Nordeste,52.82,53.87,1.05,70.05,16.19,0.07,0.06,8.4,5.5,4.54,20800.0,4286
1506112,Quatipuru,PA,Norte,70.7,63.85,-6.85,80.04,16.19,0.07,0.06,11.6,5.9,4.08,11524.0,4287
3147808,Passa Vinte,MG,Sudeste,84.06,70.11,-13.95,86.3,16.2,0.07,0.06,12.6,6.5,5.12,2233.0,4288
2313757,Umirim,CE,Nordeste,94.53,73.56,-20.97,89.75,16.2,0.07,0.06,1.8,6.2,4.11,17470.0,4289
4126900,Tapira,PR,Sul,98.03,80.0,-18.03,96.2,16.2,0.07,0.06,8.3,7.6,5.26,5745.0,4290
3100104,Abadia dos Dourados,MG,Sudeste,90.44,70.26,-20.18,86.47,16.21,0.07,0.06,0.9,6.6,5.07,6272.0,4291
3149101,Pedralva,MG,Sudeste,78.65,64.48,-14.17,80.7,16.22,0.07,0.06,1.7,5.9,5.04,10760.0,4292
4102752,Bela Vista da Caroba,PR,Sul,93.12,78.24,-14.88,94.46,16.22,0.07,0.06,7.5,7.4,5.01,4031.0,4293
1100288,Rolim de Moura,RO,Norte,87.17,74.01,-13.16,90.23,16.23,0.07,0.06,3.2,6.8,5.06,56406.0,4294
2304269,Deputado Irapuan Pinheiro,CE,Nordeste,95.06,80.0,-15.06,96.23,16.23,0.07,0.06,0.2,9.9,4.29,8932.0,4295
1506609,Santa Maria do Pará,PA,Norte,62.87,55.0,-7.87,71.24,16.24,0.07,0.06,16.5,5.6,4.34,24624.0,4296
5104807,Jaciara,MT,Centro-Oeste,77.56,68.04,-9.52,84.28,16.24,0.07,0.06,1.6,6.3,5.11,28569.0,4297
5219753,Santo Antônio do Descoberto,GO,Centro-Oeste,75.09,61.0,-14.09,77.25,16.25,0.07,0.06,20.3,5.2,4.94,72127.0,4298
5106224,Nova Mutum,MT,Centro-Oeste,86.86,71.66,-15.2,87.91,16.25,0.07,0.06,0.6,6.2,5.19,55839.0,4299
2700102,Água Branca,AL,Nordeste,67.84,62.92,-4.92,79.17,16.25,0.07,0.06,5.5,6.2,4.29,19008.0,4300
5204201,Cachoeira de Goiás,GO,Centro-Oeste,63.64,72.07,8.43,88.32,16.25,0.07,0.06,0.0,6.5,5.0,1405.0,4301
2312700,Senador Pompeu,CE,Nordeste,100.0,80.0,-20.0,96.25,16.25,0.07,0.06,1.5,9.1,4.26,24266.0,4302
1705607,Conceição do Tocantins,TO,Norte,51.33,51.08,-0.25,67.33,16.26,0.07,0.06,9.5,5.4,4.45,3887.0,4303
2915205,Itagibá,BA,Nordeste,62.16,57.15,-5.01,73.43,16.27,0.07,0.06,10.5,5.4,4.55,15310.0,4304
5218102,Portelândia,GO,Centro-Oeste,93.85,75.49,-18.36,91.77,16.29,0.07,0.06,9.2,5.9,5.05,3280.0,4305
2202554,Caridade do Piauí,PI,Nordeste,68.91,70.26,1.35,86.55,16.29,0.07,0.06,3.1,6.7,4.19,5033.0,4306
3126000,Florestal,MG,Sudeste,85.82,68.11,-17.71,84.4,16.3,0.07,0.06,0.9,7.3,5.43,8045.0,4307
5105101,Juara,MT,Centro-Oeste,79.87,66.16,-13.71,82.46,16.3,0.07,0.06,2.0,5.8,5.09,34906.0,4308
4103479,Cafezal do Sul,PR,Sul,76.91,67.37,-9.54,83.67,16.3,0.07,0.06,2.1,6.1,5.29,4473.0,4309
4116703,Nova Aurora,PR,Sul,94.45,80.0,-14.45,96.31,16.31,0.07,0.06,3.9,7.7,5.43,13765.0,4310
4208708,Jacinto Machado,SC,Sul,76.27,66.0,-10.27,82.31,16.31,0.07,0.06,4.0,6.7,5.41,10624.0,4311
2932606,Urandi,BA,Nordeste,77.79,69.16,-8.63,85.48,16.32,0.07,0.06,3.8,6.1,4.51,15355.0,4312
2906402,Candeal,BA,Nordeste,47.44,53.36,5.92,69.69,16.32,0.07,0.06,7.3,5.1,4.25,7772.0,4313
2905107,Caém,BA,Nordeste,55.88,56.21,0.33,72.53,16.32,0.07,0.06,5.7,5.5,4.26,10384.0,4314
2514503,São José de Piranhas,PB,Nordeste,43.03,55.42,12.39,71.75,16.33,0.07,0.06,3.8,6.0,4.31,19067.0,4315
2304657,Graça,CE,Nordeste,96.24,80.0,-16.24,96.34,16.34,0.07,0.06,1.0,7.8,4.14,13801.0,4316
2921450,Mirante,BA,Nordeste,75.69,65.56,-10.13,81.9,16.34,0.07,0.06,5.9,5.6,4.49,10187.0,4317
3164902,São Sebastião do Rio Verde,MG,Sudeste,87.77,73.81,-13.96,90.16,16.35,0.07,0.06,3.4,6.7,5.38,2300.0,4318
3126406,Fortuna de Minas,MG,Sudeste,84.87,69.17,-15.7,85.52,16.35,0.07,0.06,2.7,6.8,5.0,3093.0,4319
2201309,Barreiras do Piauí,PI,Nordeste,75.06,58.03,-17.03,74.38,16.36,0.07,0.06,21.2,4.4,4.18,3264.0,4320
5208806,Goianira,GO,Centro-Oeste,89.67,74.16,-15.51,90.54,16.37,0.07,0.06,4.9,6.9,5.09,71916.0,4321
2414209,Tibau do Sul,RN,Nordeste,56.1,42.85,-13.25,59.23,16.38,0.07,0.06,15.3,5.0,4.56,16929.0,4322
3108404,Botelhos,MG,Sudeste,89.2,72.32,-16.88,88.69,16.38,0.07,0.06,1.1,7.2,5.2,14828.0,4323
5104559,Itaúba,MT,Centro-Oeste,73.43,68.53,-4.9,84.91,16.38,0.07,0.06,3.5,6.6,5.2,5020.0,4324
2110302,Santo Antônio dos Lopes,MA,Nordeste,74.94,65.84,-9.1,82.23,16.39,0.07,0.06,4.9,6.0,4.29,14304.0,4325
2312304,São Benedito,CE,Nordeste,97.2,80.0,-17.2,96.41,16.41,0.07,0.06,1.5,7.4,4.23,47640.0,4326
2708303,São José da Laje,AL,Nordeste,100.0,79.56,-20.44,95.97,16.41,0.07,0.06,3.5,9.7,4.35,20813.0,4327
3171808,Virginópolis,MG,Sudeste,75.98,61.29,-14.69,77.7,16.42,0.07,0.06,14.6,6.1,5.05,10314.0,4328
2313609,Ubajara,CE,Nordeste,96.67,80.0,-16.67,96.42,16.42,0.07,0.06,1.2,8.7,4.32,32767.0,4329
3154200,Resende Costa,MG,Sudeste,80.34,68.46,-11.88,84.88,16.42,0.07,0.06,2.0,7.0,5.3,11230.0,4330
4101002,Ampére,PR,Sul,83.04,72.33,-10.71,88.75,16.42,0.07,0.06,2.9,7.3,5.26,19620.0,4331
2305605,Independência,CE,Nordeste,100.0,80.0,-20.0,96.43,16.43,0.07,0.06,1.0,9.8,4.27,24024.0,4332
2205508,José de Freitas,PI,Nordeste,70.86,64.34,-6.52,80.77,16.43,0.07,0.06,5.9,5.5,4.13,42559.0,4333
2933158,Várzea Nova,BA,Nordeste,58.46,54.59,-3.87,71.03,16.43,0.07,0.06,11.2,5.6,4.42,13377.0,4334
5216007,Panamá,GO,Centro-Oeste,92.2,77.42,-14.78,93.85,16.44,0.07,0.06,6.8,6.2,5.08,2455.0,4335
2703601,Japaratinga,AL,Nordeste,46.26,47.65,1.39,64.09,16.44,0.07,0.06,6.2,5.0,4.41,9219.0,4336
1703891,Carrasco Bonito,TO,Norte,63.23,55.41,-7.82,71.87,16.45,0.07,0.06,7.0,5.0,4.24,3318.0,4337
3132503,Itamarandiba,MG,Sudeste,81.26,69.1,-12.16,85.55,16.45,0.07,0.06,0.6,7.0,4.76,32948.0,4338
2901155,América Dourada,BA,Nordeste,53.12,54.2,1.08,70.66,16.46,0.07,0.06,2.5,5.7,4.34,15137.0,4339
2203800,Flores do Piauí,PI,Nordeste,79.66,62.75,-16.91,79.21,16.46,0.07,0.06,11.9,5.1,4.25,4414.0,4340
2304103,Crateús,CE,Nordeste,97.3,80.0,-17.3,96.46,16.46,0.07,0.06,1.4,8.4,4.32,76390.0,4341
3170602,Vargem Bonita,MG,Sudeste,80.0,68.95,-11.05,85.43,16.48,0.07,0.06,0.8,7.6,4.98,2158.0,4342
2927507,Santa Bárbara,BA,Nordeste,51.41,45.94,-5.47,62.43,16.48,0.07,0.06,15.5,4.9,4.26,20952.0,4343
2308351,Milhã,CE,Nordeste,100.0,80.0,-20.0,96.49,16.49,0.07,0.06,1.1,9.7,4.25,14123.0,4344
5105150,Juína,MT,Centro-Oeste,68.59,62.04,-6.55,78.53,16.49,0.07,0.06,4.9,6.0,5.03,45869.0,4345
3149408,Pedro Teixeira,MG,Sudeste,100.0,80.0,-20.0,96.5,16.5,0.07,0.06,5.7,7.2,4.68,1810.0,4346
3156809,Sabinópolis,MG,Sudeste,67.2,59.3,-7.9,75.8,16.5,0.07,0.06,0.6,6.4,4.57,14240.0,4347
2302305,Bela Cruz,CE,Nordeste,94.82,80.0,-14.82,96.5,16.5,0.07,0.06,0.9,8.2,4.21,32775.0,4348
4311759,Manoel Viana,RS,Sul,64.44,51.76,-12.68,68.27,16.51,0.07,0.06,6.1,6.2,5.44,6801.0,4349
3526308,Lagoinha,SP,Sudeste,77.16,63.76,-13.4,80.28,16.51,0.07,0.06,0.3,7.4,5.09,5083.0,4350
5213905,Mossâmedes,GO,Centro-Oeste,94.97,80.0,-14.97,96.53,16.53,0.07,0.06,3.4,9.7,5.16,4654.0,4351
3203304,Mantenópolis,ES,Sudeste,97.09,80.0,-17.09,96.53,16.53,0.07,0.06,3.1,7.3,4.85,12770.0,4352
1100700,Campo Novo de Rondônia,RO,Norte,81.15,69.2,-11.95,85.75,16.54,0.07,0.06,9.8,5.8,4.81,8844.0,4353
1101005,Governador Jorge Teixeira,RO,Norte,93.15,72.12,-21.03,88.67,16.55,0.07,0.06,7.7,5.7,4.74,8001.0,4354
2709301,União dos Palmares,AL,Nordeste,98.45,80.0,-18.45,96.55,16.55,0.07,0.06,2.3,10.0,4.31,59280.0,4355
2203909,Floriano,PI,Nordeste,75.38,63.99,-11.39,80.54,16.55,0.07,0.06,13.4,6.1,4.45,62036.0,4356
4202156,Belmonte,SC,Sul,97.49,76.13,-21.36,92.68,16.56,0.07,0.06,8.1,7.5,5.35,2658.0,4357
4114708,Maria Helena,PR,Sul,87.95,71.92,-16.03,88.47,16.56,0.07,0.06,9.3,6.0,5.2,5865.0,4358
2207934,Pedro Laurentino,PI,Nordeste,75.0,57.66,-17.34,74.24,16.59,0.07,0.06,11.7,4.0,4.3,2458.0,4359
2910776,Feira da Mata,BA,Nordeste,85.88,67.39,-18.49,83.99,16.6,0.07,0.05,5.7,5.8,4.44,5631.0,4360
5000708,Anastácio,MS,Centro-Oeste,56.32,50.91,-5.41,67.52,16.6,0.07,0.05,19.8,5.7,4.99,24114.0,4361
3143005,Monte Belo,MG,Sudeste,77.9,64.54,-13.36,81.15,16.61,0.06,0.05,0.6,6.6,5.18,13046.0,4362
2603504,Camocim de São Félix,PE,Nordeste,81.65,67.38,-14.27,83.99,16.61,0.06,0.05,9.2,5.8,4.23,17419.0,4363
5105200,Juscimeira,MT,Centro-Oeste,69.28,63.72,-5.56,80.33,16.61,0.06,0.05,2.2,6.1,5.08,11480.0,4364
3116605,Cláudio,MG,Sudeste,87.01,70.08,-16.93,86.7,16.62,0.06,0.05,0.4,7.0,5.23,30159.0,4365
2208502,Porto,PI,Nordeste,62.9,59.03,-3.87,75.66,16.63,0.06,0.05,4.8,5.3,3.98,12052.0,4366
2926004,Remanso,BA,Nordeste,55.94,49.0,-6.94,65.64,16.64,0.06,0.05,12.5,5.0,4.3,40586.0,4367
4117206,Nova Olímpia,PR,Sul,100.0,79.56,-20.44,96.2,16.64,0.06,0.05,5.2,7.5,5.11,5833.0,4368
1101500,Seringueiras,RO,Norte,81.51,71.07,-10.44,87.72,16.65,0.06,0.05,2.6,5.9,4.88,11171.0,4369
3121506,Desterro do Melo,MG,Sudeste,100.0,73.68,-26.32,90.33,16.65,0.06,0.05,6.6,6.7,5.07,2994.0,4370
2924058,Pé de Serra,BA,Nordeste,67.83,57.73,-10.1,74.38,16.65,0.06,0.05,11.2,5.2,4.24,13243.0,4371
3200136,Águia Branca,ES,Sudeste,98.54,80.0,-18.54,96.67,16.67,0.06,0.05,2.1,8.1,4.94,9711.0,4372
2901908,Aporá,BA,Nordeste,40.29,43.02,2.73,59.71,16.68,0.06,0.05,28.5,4.7,4.08,15922.0,4373
5207105,Diorama,GO,Centro-Oeste,93.51,80.0,-13.51,96.69,16.69,0.06,0.05,2.0,7.3,5.01,2062.0,4374
1715101,Novo Acordo,TO,Norte,55.68,58.52,2.84,75.22,16.7,0.06,0.05,6.4,6.0,4.49,3969.0,4375
5222302,Vila Propício,GO,Centro-Oeste,87.57,76.94,-10.63,93.64,16.7,0.06,0.05,5.1,7.9,4.95,5815.0,4376
5200555,Alto Horizonte,GO,Centro-Oeste,87.69,72.9,-14.79,89.6,16.7,0.06,0.05,2.0,6.6,5.24,6072.0,4377
3145356,Novo Oriente de Minas,MG,Sudeste,63.81,61.74,-2.07,78.44,16.7,0.06,0.05,4.0,7.7,4.35,10275.0,4378
2304236,Croatá,CE,Nordeste,97.67,80.0,-17.67,96.7,16.7,0.06,0.05,1.3,9.5,4.29,17481.0,4379
5209952,Indiara,GO,Centro-Oeste,85.85,73.16,-12.69,89.87,16.71,0.06,0.05,2.6,6.7,5.15,17061.0,4380
2102705,Cantanhede,MA,Nordeste,74.8,66.01,-8.79,82.74,16.73,0.06,0.05,9.6,6.0,4.18,24303.0,4381
5215256,Novo Planalto,GO,Centro-Oeste,94.44,80.0,-14.44,96.74,16.74,0.06,0.05,3.6,7.3,4.77,3716.0,4382
5212709,Mambaí,GO,Centro-Oeste,77.92,64.65,-13.27,81.38,16.74,0.06,0.05,6.9,5.6,4.97,8124.0,4383
4104055,Campo Bonito,PR,Sul,89.17,76.11,-13.06,92.85,16.74,0.06,0.05,8.3,6.7,5.22,4027.0,4384
3164407,São Sebastião da Bela Vista,MG,Sudeste,98.61,73.07,-25.54,89.81,16.74,0.06,0.05,1.1,7.5,5.28,6387.0,4385
4320305,Selbach,RS,Sul,85.71,61.0,-24.71,77.75,16.75,0.06,0.05,10.0,7.0,5.65,5107.0,4386
2503209,Cabedelo,PB,Nordeste,76.3,63.86,-12.44,80.61,16.75,0.06,0.05,10.6,6.5,4.79,66519.0,4387
4101051,Anahy,PR,Sul,91.3,70.76,-20.54,87.52,16.76,0.06,0.05,2.0,5.7,5.17,2918.0,4388
4122107,Rio Bom,PR,Sul,90.33,80.0,-10.33,96.76,16.76,0.06,0.05,2.2,8.0,5.11,3197.0,4389
2302602,Camocim,CE,Nordeste,97.57,80.0,-17.57,96.76,16.76,0.06,0.05,1.2,7.9,4.22,62326.0,4390
1504901,Muaná,PA,Norte,61.41,56.7,-4.71,73.47,16.77,0.06,0.05,10.2,5.5,3.96,45368.0,4391
1600212,Cutias,AP,Norte,85.39,62.84,-22.55,79.61,16.77,0.06,0.05,21.1,4.3,4.34,4461.0,4392
2900900,Almadina,BA,Nordeste,50.46,53.54,3.08,70.32,16.77,0.06,0.05,21.4,5.5,4.2,5218.0,4393
5107776,Santa Terezinha,MT,Centro-Oeste,71.21,58.85,-12.36,75.63,16.77,0.06,0.05,5.2,5.3,4.81,7596.0,4394
3150802,Piranga,MG,Sudeste,83.9,69.62,-14.28,86.4,16.78,0.06,0.05,1.1,7.0,4.7,17018.0,4395
2905156,Caetanos,BA,Nordeste,46.97,49.05,2.08,65.83,16.78,0.06,0.05,6.0,5.6,4.43,11266.0,4396
2906873,Capim Grosso,BA,Nordeste,49.22,50.06,0.84,66.85,16.79,0.06,0.05,11.6,5.9,4.46,33235.0,4397
2202251,Canavieira,PI,Nordeste,81.63,64.8,-16.83,81.59,16.79,0.06,0.05,9.5,5.0,4.61,3414.0,4398
4117800,Palmital,PR,Sul,90.8,76.85,-13.95,93.64,16.79,0.06,0.05,8.8,7.1,4.82,13033.0,4399
4122909,Salto do Itararé,PR,Sul,80.61,71.83,-8.78,88.63,16.8,0.06,0.05,1.7,6.8,5.05,5192.0,4400
3130002,Ibituruna,MG,Sudeste,79.07,69.84,-9.23,86.65,16.81,0.06,0.05,0.8,6.7,4.93,2698.0,4401
2513927,São Bentinho,PB,Nordeste,79.45,72.56,-6.89,89.37,16.81,0.06,0.05,2.0,6.5,4.28,4327.0,4402
4306304,David Canabarro,RS,Sul,,58.46,,75.28,16.82,0.06,0.05,1.4,6.3,5.79,4321.0,4403
5213707,Montes Claros de Goiás,GO,Centro-Oeste,83.99,72.86,-11.13,89.69,16.83,0.06,0.05,1.6,6.4,5.19,8756.0,4404
3145604,Oliveira,MG,Sudeste,82.48,64.29,-18.19,81.12,16.83,0.06,0.05,5.0,6.9,5.14,39262.0,4405
3118908,Cordisburgo,MG,Sudeste,96.63,74.25,-22.38,91.09,16.85,0.06,0.05,1.6,6.9,4.87,7547.0,4406
2925808,Queimadas,BA,Nordeste,56.56,50.9,-5.66,67.74,16.85,0.06,0.05,11.8,5.7,4.29,25988.0,4407
3123106,Dores de Guanhães,MG,Sudeste,71.19,60.41,-10.78,77.27,16.86,0.06,0.05,2.3,6.0,4.61,5029.0,4408
2604155,Casinhas,PE,Nordeste,95.24,79.69,-15.55,96.56,16.86,0.06,0.05,3.5,8.0,4.24,12967.0,4409
5104526,Ipiranga do Norte,MT,Centro-Oeste,83.58,70.47,-13.11,87.34,16.87,0.06,0.05,4.1,6.5,5.22,7815.0,4410
3165305,São Vicente de Minas,MG,Sudeste,97.22,69.6,-27.62,86.48,16.88,0.06,0.05,5.6,6.2,5.2,6804.0,4411
5215504,Ouvidor,GO,Centro-Oeste,93.7,72.29,-21.41,89.17,16.88,0.06,0.05,4.0,6.9,5.36,7200.0,4412
5211404,Itauçu,GO,Centro-Oeste,100.0,80.0,-20.0,96.89,16.89,0.06,0.05,2.7,7.3,5.15,7736.0,4413
3127503,Gonzaga,MG,Sudeste,98.33,72.79,-25.54,89.7,16.91,0.06,0.05,1.5,6.8,4.95,5230.0,4414
2512101,Pombal,PB,Nordeste,73.59,68.87,-4.72,85.78,16.91,0.06,0.05,2.5,7.7,4.4,32473.0,4415
2308500,Mombaça,CE,Nordeste,99.13,80.0,-19.13,96.91,16.91,0.06,0.05,2.6,9.6,4.18,37735.0,4416
2605905,Gameleira,PE,Nordeste,86.38,68.81,-17.57,85.73,16.92,0.06,0.05,3.6,6.4,4.34,18214.0,4417
2702553,Estrela de Alagoas,AL,Nordeste,60.29,55.7,-4.59,72.63,16.93,0.06,0.05,3.5,5.6,4.09,15429.0,4418
5206800,Damolândia,GO,Centro-Oeste,87.87,80.0,-7.87,96.94,16.94,0.06,0.05,2.2,7.9,5.16,2724.0,4419
4128658,Virmond,PR,Sul,88.42,79.26,-9.16,96.19,16.93,0.06,0.05,10.9,7.4,5.19,3811.0,4420
2903102,Barra do Rocha,BA,Nordeste,66.54,57.88,-8.66,74.83,16.96,0.06,0.05,9.5,5.1,4.37,5775.0,4421
2506004,Esperança,PB,Nordeste,88.47,70.3,-18.17,87.26,16.96,0.06,0.05,1.6,6.4,4.42,31231.0,4422
3132602,Itamarati de Minas,MG,Sudeste,75.25,63.39,-11.86,80.35,16.96,0.06,0.05,1.0,6.5,4.97,3690.0,4423
4124905,São João do Caiuá,PR,Sul,97.29,80.0,-17.29,96.96,16.96,0.06,0.05,11.3,7.8,4.99,5586.0,4424
3101300,Alagoa,MG,Sudeste,90.32,73.08,-17.24,90.05,16.97,0.06,0.05,6.2,6.8,5.1,2749.0,4425
2313005,Solonópole,CE,Nordeste,98.98,80.0,-18.98,96.98,16.98,0.06,0.05,0.8,8.0,4.36,18179.0,4426
2408706,Paraú,RN,Nordeste,9.09,33.0,23.91,49.98,16.98,0.06,0.05,17.2,,4.48,3579.0,4427
2309300,Nova Russas,CE,Nordeste,98.81,80.0,-18.81,96.98,16.98,0.06,0.05,1.1,9.7,4.11,30699.0,4428
5214101,Mutunópolis,GO,Centro-Oeste,97.73,80.0,-17.73,96.99,16.99,0.06,0.05,3.2,6.7,4.9,3564.0,4429
4102208,Atalaia,PR,Sul,100.0,80.0,-20.0,96.99,16.99,0.06,0.05,5.8,8.5,5.15,3980.0,4430
1200104,Brasiléia,AC,Norte,71.27,59.0,-12.27,75.99,16.99,0.06,0.05,10.5,6.6,4.77,26000.0,4431
2607000,Inajá,PE,Nordeste,82.57,66.68,-15.89,83.68,17.0,0.06,0.05,7.7,6.5,4.25,25603.0,4432
4109203,Guaraci,PR,Sul,88.79,76.05,-12.74,93.05,17.0,0.06,0.05,8.8,7.2,5.28,4748.0,4433
3138658,Lontra,MG,Sudeste,94.27,71.57,-22.7,88.58,17.01,0.06,0.05,0.3,6.3,4.71,8790.0,4434
2107357,Nova Olinda do Maranhão,MA,Nordeste,87.77,68.11,-19.66,85.12,17.01,0.06,0.05,10.6,5.2,4.19,14314.0,4435
1718303,Praia Norte,TO,Norte,52.26,43.3,-8.96,60.33,17.03,0.06,0.05,4.1,4.5,4.49,9044.0,4436
4112504,Jardim Alegre,PR,Sul,82.31,70.15,-12.16,87.18,17.03,0.06,0.05,4.5,6.8,5.1,12004.0,4437
2204501,Guadalupe,PI,Nordeste,68.63,63.85,-4.78,80.89,17.04,0.06,0.05,8.4,5.7,4.54,10270.0,4438
2708907,Satuba,AL,Nordeste,74.27,60.62,-13.65,77.67,17.05,0.06,0.05,7.9,6.7,4.67,24278.0,4439
5007554,Santa Rita do Pardo,MS,Centro-Oeste,75.58,63.52,-12.06,80.58,17.05,0.06,0.05,14.4,5.6,5.15,7027.0,4440
1600600,Santana,AP,Norte,74.95,59.97,-14.98,77.02,17.05,0.06,0.05,13.6,5.7,4.73,107618.0,4441
2805208,Pinhão,SE,Nordeste,47.4,41.48,-5.92,58.54,17.06,0.06,0.05,11.0,5.5,4.45,5677.0,4442
2706604,Paulo Jacinto,AL,Nordeste,52.74,57.26,4.52,74.32,17.06,0.06,0.05,3.3,6.2,4.26,6576.0,4443
5204607,Campestre de Goiás,GO,Centro-Oeste,87.23,79.63,-7.6,96.69,17.06,0.06,0.05,0.7,7.3,4.96,3755.0,4444
3108909,Brazópolis,MG,Sudeste,83.09,64.88,-18.21,81.94,17.06,0.06,0.05,2.9,6.4,5.11,14246.0,4445
2301604,Assaré,CE,Nordeste,99.35,80.0,-19.35,97.06,17.06,0.06,0.05,1.3,7.4,4.14,21697.0,4446
2105500,João Lisboa,MA,Nordeste,64.03,56.01,-8.02,73.07,17.07,0.06,0.05,6.6,5.4,4.47,24709.0,4447
2308005,Massapê,CE,Nordeste,97.98,80.0,-17.98,97.07,17.07,0.06,0.05,0.5,9.3,4.06,37697.0,4448
1505635,Piçarra,PA,Norte,80.68,68.68,-12.0,85.76,17.08,0.06,0.05,11.0,7.4,4.44,12832.0,4449
3116159,Chapada Gaúcha,MG,Sudeste,76.37,64.0,-12.37,81.08,17.08,0.06,0.05,1.6,6.3,4.57,12355.0,4450
2112100,Timbiras,MA,Nordeste,69.9,60.06,-9.84,77.15,17.09,0.06,0.05,8.8,5.1,4.09,26484.0,4451
5220157,São Luiz do Norte,GO,Centro-Oeste,96.84,77.43,-19.41,94.53,17.09,0.06,0.05,1.1,6.7,4.97,4837.0,4452
3536901,Pedranópolis,SP,Sudeste,83.33,58.46,-24.87,75.55,17.09,0.06,0.05,0.0,6.7,5.37,2787.0,4453
1711902,Lagoa da Confusão,TO,Norte,59.32,49.93,-9.39,67.02,17.1,0.06,0.05,10.6,5.4,4.78,15288.0,4454
2921005,Mata de São João,BA,Nordeste,77.23,66.51,-10.72,83.61,17.1,0.06,0.05,8.8,7.0,4.57,42566.0,4455
2102606,Cândido Mendes,MA,Nordeste,90.16,70.36,-19.8,87.46,17.1,0.06,0.05,6.1,5.3,4.17,19932.0,4456
3113107,Caranaíba,MG,Sudeste,92.31,74.62,-17.69,91.74,17.12,0.06,0.05,1.2,6.6,4.8,2933.0,4457
5105622,Mirassol d'Oeste,MT,Centro-Oeste,76.91,65.31,-11.6,82.44,17.13,0.06,0.05,1.1,6.0,4.94,26785.0,4458
4120101,Porto Amazonas,PR,Sul,91.17,74.5,-16.67,91.64,17.13,0.06,0.05,7.0,7.0,5.45,4098.0,4459
1502772,Curionópolis,PA,Norte,79.23,64.83,-14.4,81.97,17.14,0.06,0.05,3.5,6.4,4.65,19950.0,4460
2202778,Colônia do Piauí,PI,Nordeste,74.7,69.49,-5.21,86.64,17.14,0.06,0.05,0.9,6.5,4.27,6994.0,4461
1100296,Santa Luzia D'Oeste,RO,Norte,94.7,77.84,-16.86,94.99,17.15,0.06,0.05,2.1,7.0,4.87,7419.0,4462
1507474,São João de Pirabas,PA,Norte,56.33,52.64,-3.69,69.79,17.15,0.06,0.05,6.3,5.2,4.03,20689.0,4463
5219209,Santa Cruz de Goiás,GO,Centro-Oeste,92.17,75.96,-16.21,93.12,17.15,0.06,0.05,5.5,6.2,5.17,3002.0,4464
2205003,Itainópolis,PI,Nordeste,88.74,76.79,-11.95,93.94,17.16,0.06,0.05,1.5,7.1,4.24,10790.0,4465
1702406,Arraias,TO,Norte,61.36,55.54,-5.82,72.7,17.16,0.06,0.05,4.6,5.4,4.62,10287.0,4466
5216452,Perolândia,GO,Centro-Oeste,91.84,78.66,-13.18,95.82,17.16,0.06,0.05,3.0,8.5,5.35,2964.0,4467
2100055,Açailândia,MA,Nordeste,70.62,58.73,-11.89,75.89,17.16,0.06,0.05,5.4,5.7,4.62,106550.0,4468
2310258,Paraipaba,CE,Nordeste,99.39,80.0,-19.39,97.17,17.17,0.06,0.05,1.1,8.2,4.37,32216.0,4469
3159407,Santa Rita de Ibitipoca,MG,Sudeste,88.1,72.26,-15.84,89.45,17.19,0.06,0.05,0.6,6.9,5.07,3301.0,4470
3170651,Vargem Grande do Rio Pardo,MG,Sudeste,78.86,70.37,-8.49,87.57,17.19,0.06,0.05,0.9,7.8,4.69,4633.0,4471
5221197,Terezópolis de Goiás,GO,Centro-Oeste,84.19,68.46,-15.73,85.65,17.19,0.06,0.05,11.5,5.8,5.0,7944.0,4472
2311009,Poranga,CE,Nordeste,99.34,80.0,-19.34,97.19,17.19,0.06,0.05,0.8,7.1,4.24,12065.0,4473
2209500,Santo Inácio do Piauí,PI,Nordeste,90.0,76.4,-13.6,93.59,17.19,0.06,0.05,1.5,7.2,4.35,3646.0,4474
2204402,Gilbués,PI,Nordeste,55.62,53.61,-2.01,70.81,17.2,0.06,0.05,21.4,5.1,4.37,10892.0,4475
5204300,Caçu,GO,Centro-Oeste,91.0,76.3,-14.7,93.5,17.2,0.06,0.05,3.4,7.2,5.31,13774.0,4476
5220207,São Miguel do Araguaia,GO,Centro-Oeste,96.58,80.0,-16.58,97.2,17.2,0.06,0.05,9.5,7.4,5.01,21900.0,4477
5220702,Sítio d'Abadia,GO,Centro-Oeste,72.59,68.35,-4.24,85.56,17.2,0.06,0.05,2.2,6.1,4.82,2927.0,4478
5213004,Maurilândia,GO,Centro-Oeste,89.26,79.13,-10.13,96.33,17.2,0.06,0.05,2.8,7.6,4.96,10304.0,4479
2515302,Sapé,PB,Nordeste,64.45,55.29,-9.16,72.5,17.21,0.06,0.05,9.1,5.0,4.38,51306.0,4480
2901601,Antas,BA,Nordeste,69.71,61.28,-8.43,78.5,17.22,0.06,0.05,12.7,5.8,4.19,14206.0,4481
2926400,Riacho de Santana,BA,Nordeste,66.04,60.19,-5.85,77.41,17.22,0.06,0.05,2.9,6.2,4.37,30711.0,4482
2609808,Orocó,PE,Nordeste,81.59,62.26,-19.33,79.48,17.23,0.06,0.05,4.0,5.6,4.27,13613.0,4483
2202133,Campo Grande do Piauí,PI,Nordeste,96.88,80.0,-16.88,97.24,17.24,0.06,0.05,1.3,6.7,4.32,6020.0,4484
4203501,Campo Erê,SC,Sul,88.86,70.0,-18.86,87.24,17.24,0.06,0.05,2.3,6.7,5.51,9623.0,4485
5219357,Santa Isabel,GO,Centro-Oeste,100.0,79.71,-20.29,96.96,17.25,0.06,0.05,3.4,7.2,5.05,3538.0,4486
2923308,Ouriçangas,BA,Nordeste,66.14,56.56,-9.58,73.81,17.25,0.06,0.05,19.6,5.0,4.29,7716.0,4487
4119251,Pinhal de São Bento,PR,Sul,100.0,80.0,-20.0,97.26,17.26,0.06,0.05,0.6,7.0,4.97,2761.0,4488
2304350,Forquilha,CE,Nordeste,100.0,80.0,-20.0,97.26,17.26,0.06,0.05,0.1,9.1,4.22,24173.0,4489
2112233,Trizidela do Vale,MA,Nordeste,89.2,69.05,-20.15,86.31,17.26,0.06,0.05,3.5,6.2,4.52,22484.0,4490
2310209,Paracuru,CE,Nordeste,96.01,80.0,-16.01,97.28,17.28,0.06,0.05,0.7,7.7,4.45,38980.0,4491
3146206,Ouro Verde de Minas,MG,Sudeste,75.86,65.08,-10.78,82.38,17.29,0.06,0.05,2.0,6.4,4.55,5757.0,4492
3156403,Romaria,MG,Sudeste,87.26,68.4,-18.86,85.69,17.29,0.06,0.05,2.8,6.6,5.51,3386.0,4493
3149200,Pedrinópolis,MG,Sudeste,82.5,69.4,-13.1,86.69,17.3,0.06,0.05,1.8,7.1,5.39,3344.0,4494
2206902,Novo Oriente do Piauí,PI,Nordeste,92.11,74.1,-18.01,91.4,17.3,0.06,0.05,9.0,5.9,4.19,6097.0,4495
5212956,Matrinchã,GO,Centro-Oeste,94.21,69.4,-24.81,86.7,17.3,0.06,0.05,5.6,5.7,4.97,4042.0,4496
5107180,Ribeirão Cascalheira,MT,Centro-Oeste,83.98,71.27,-12.71,88.58,17.3,0.06,0.05,3.3,6.3,5.09,10089.0,4497
4116802,Nova Cantu,PR,Sul,95.45,79.72,-15.73,97.04,17.32,0.06,0.05,9.3,7.3,5.06,6790.0,4498
1716653,Pequizeiro,TO,Norte,68.11,56.12,-11.99,73.45,17.32,0.06,0.05,2.9,5.5,4.61,4921.0,4499
4215687,Santa Terezinha do Progresso,SC,Sul,79.41,66.56,-12.85,83.89,17.33,0.06,0.05,4.2,6.9,5.12,2576.0,4500
1718840,Sandolândia,TO,Norte,94.12,62.14,-31.98,79.47,17.33,0.06,0.05,6.2,5.8,4.92,3723.0,4501
2101350,Bacurituba,MA,Nordeste,90.91,80.0,-10.91,97.33,17.33,0.06,0.05,1.1,6.5,3.83,5252.0,4502
2101905,Bequimão,MA,Nordeste,69.33,54.73,-14.6,72.06,17.33,0.06,0.05,5.1,5.0,4.12,19584.0,4503
4112405,Japurá,PR,Sul,98.98,76.4,-22.58,93.74,17.34,0.06,0.05,3.0,8.3,5.4,9144.0,4504
2608107,João Alfredo,PE,Nordeste,90.5,68.0,-22.5,85.34,17.34,0.06,0.05,5.4,5.4,4.28,27725.0,4505
3107505,Bom Jardim de Minas,MG,Sudeste,78.16,63.22,-14.94,80.56,17.34,0.06,0.05,7.1,6.0,5.05,6783.0,4506
1707306,Dueré,TO,Norte,59.29,55.95,-3.34,73.29,17.34,0.06,0.05,3.6,5.4,4.65,4248.0,4507
2103208,Chapadinha,MA,Nordeste,75.33,62.9,-12.43,80.25,17.35,0.06,0.05,3.2,5.7,4.19,81386.0,4508
2210623,Sebastião Barros,PI,Nordeste,51.41,49.91,-1.5,67.27,17.36,0.06,0.05,19.8,4.2,4.13,3202.0,4509
3529658,Mesópolis,SP,Sudeste,53.57,55.84,2.27,73.21,17.36,0.06,0.05,4.5,6.6,5.01,1952.0,4510
3154804,Rio Acima,MG,Sudeste,79.49,59.39,-20.1,76.76,17.37,0.06,0.05,8.3,5.9,5.11,10261.0,4511
2312007,Santana do Acaraú,CE,Nordeste,99.29,80.0,-19.29,97.38,17.38,0.06,0.05,2.9,7.8,3.96,30628.0,4512
1503903,Juruti,PA,Norte,77.9,63.98,-13.92,81.38,17.39,0.06,0.05,6.5,5.8,4.17,50881.0,4513
5002803,Caracol,MS,Centro-Oeste,64.98,64.15,-0.83,81.55,17.4,0.06,0.05,11.1,6.3,4.98,5036.0,4514
5100607,Alto Taquari,MT,Centro-Oeste,94.32,75.82,-18.5,93.23,17.41,0.06,0.05,3.0,7.4,5.17,10904.0,4515
5002308,Brasilândia,MS,Centro-Oeste,80.35,65.33,-15.02,82.74,17.41,0.06,0.05,9.7,5.8,5.2,11579.0,4516
2700805,Belém,AL,Nordeste,73.77,67.05,-6.72,84.47,17.42,0.06,0.05,1.3,7.6,4.24,4722.0,4517
5204656,Campinaçu,GO,Centro-Oeste,88.7,74.85,-13.85,92.27,17.42,0.06,0.05,2.8,6.4,4.98,3708.0,4518
1702554,Augustinópolis,TO,Norte,81.69,64.44,-17.25,81.87,17.43,0.06,0.05,5.0,6.0,4.75,17484.0,4519
1501758,Brejo Grande do Araguaia,PA,Norte,93.22,70.34,-22.88,87.78,17.44,0.06,0.05,8.7,6.1,4.25,6783.0,4520
5219738,Santo Antônio de Goiás,GO,Centro-Oeste,98.1,80.0,-18.1,97.45,17.45,0.06,0.05,2.2,7.9,5.17,7386.0,4521
2706406,Pão de Açúcar,AL,Nordeste,69.84,63.19,-6.65,80.65,17.46,0.06,0.05,1.6,6.2,4.07,23823.0,4522
1200401,Rio Branco,AC,Norte,69.25,55.0,-14.25,72.46,17.46,0.06,0.05,10.5,6.6,4.85,364756.0,4523
2313955,Varjota,CE,Nordeste,99.23,80.0,-19.23,97.47,17.47,0.06,0.05,2.2,8.0,4.26,18105.0,4524
2701407,Campo Alegre,AL,Nordeste,84.08,72.32,-11.76,89.79,17.47,0.06,0.05,2.7,9.2,4.36,32106.0,4525
2515971,Sobrado,PB,Nordeste,86.74,69.55,-17.19,87.02,17.48,0.06,0.05,11.1,6.4,4.43,8236.0,4526
5220058,São João da Paraúna,GO,Centro-Oeste,91.3,80.0,-11.3,97.49,17.49,0.06,0.05,0.8,7.3,5.33,1774.0,4527
2707909,Santa Luzia do Norte,AL,Nordeste,64.86,53.99,-10.87,71.47,17.48,0.06,0.05,2.8,5.2,4.49,6919.0,4528
2204659,Ilha Grande,PI,Nordeste,61.26,58.9,-2.36,76.38,17.48,0.06,0.05,13.3,5.2,4.15,9274.0,4529
4110656,Iracema do Oeste,PR,Sul,100.0,80.0,-20.0,97.49,17.49,0.06,0.05,5.3,6.8,5.29,2343.0,4530
1300086,Anamã,AM,Norte,63.24,54.89,-8.35,72.39,17.5,0.06,0.05,5.4,5.7,4.23,9962.0,4531
3140209,Maripá de Minas,MG,Sudeste,87.29,72.31,-14.98,89.81,17.5,0.06,0.05,6.5,6.9,5.29,3387.0,4532
1503754,Jacareacanga,PA,Norte,47.21,43.0,-4.21,60.53,17.53,0.06,0.05,21.2,4.0,4.55,24042.0,4533
3125200,Fama,MG,Sudeste,100.0,75.64,-24.36,93.17,17.53,0.06,0.05,0.7,7.4,5.31,2578.0,4534
2914604,Irecê,BA,Nordeste,67.93,60.11,-7.82,77.64,17.53,0.06,0.05,1.3,6.6,4.45,74507.0,4535
3149606,Pequi,MG,Sudeste,91.4,71.65,-19.75,89.19,17.53,0.06,0.05,2.2,6.7,5.13,4155.0,4536
2927606,Santa Brígida,BA,Nordeste,57.57,49.65,-7.92,67.2,17.55,0.06,0.05,25.8,4.8,4.22,14965.0,4537
3164803,São Sebastião do Rio Preto,MG,Sudeste,100.0,72.91,-27.09,90.46,17.55,0.06,0.05,0.0,6.6,4.69,1259.0,4538
3130804,Ingaí,MG,Sudeste,92.55,65.61,-26.94,83.16,17.56,0.06,0.05,5.7,6.5,5.05,2580.0,4539
2608255,Jucati,PE,Nordeste,69.4,61.24,-8.16,78.8,17.56,0.06,0.05,2.3,6.3,4.27,11517.0,4540
2413409,Serra Negra do Norte,RN,Nordeste,60.25,49.78,-10.47,67.36,17.57,0.06,0.05,13.0,5.0,4.52,7597.0,4541
1704600,Chapada de Areia,TO,Norte,60.87,64.43,3.56,82.0,17.57,0.06,0.05,2.9,5.4,4.63,1501.0,4542
1717206,Piraquê,TO,Norte,48.53,49.97,1.44,67.55,17.58,0.06,0.05,6.9,4.9,4.52,2282.0,4543
4116604,Nova América da Colina,PR,Sul,86.94,70.83,-16.11,88.41,17.59,0.06,0.05,6.0,6.7,5.13,3280.0,4544
2703502,Jacuípe,AL,Nordeste,92.86,66.65,-26.21,84.24,17.59,0.06,0.05,3.5,5.9,4.48,5352.0,4545
2916302,Itapebi,BA,Nordeste,42.3,40.17,-2.13,57.76,17.59,0.06,0.05,31.4,4.0,4.5,9174.0,4546
2928208,Santana,BA,Nordeste,58.32,52.69,-5.63,70.28,17.59,0.06,0.05,3.8,5.6,4.32,24755.0,4547
4205431,Formosa do Sul,SC,Sul,89.16,72.27,-16.89,89.87,17.6,0.06,0.05,0.6,7.9,5.46,2682.0,4548
2505501,Vista Serrana,PB,Nordeste,75.0,61.27,-13.73,78.88,17.61,0.06,0.05,4.1,,4.51,3641.0,4549
5201603,Araçu,GO,Centro-Oeste,96.1,78.47,-17.63,96.09,17.62,0.06,0.05,0.9,6.9,5.17,3799.0,4550
2704609,Maravilha,AL,Nordeste,98.84,74.0,-24.84,91.62,17.62,0.06,0.05,1.6,6.4,4.25,9534.0,4551
5202601,Aurilândia,GO,Centro-Oeste,96.78,77.77,-19.01,95.39,17.62,0.06,0.05,1.8,6.3,4.94,3284.0,4552
2611804,Ribeirão,PE,Nordeste,92.15,70.34,-21.81,87.97,17.63,0.06,0.05,8.1,7.2,4.25,33507.0,4553
2516706,Teixeira,PB,Nordeste,95.44,76.1,-19.34,93.76,17.66,0.06,0.05,3.6,6.2,4.31,14631.0,4554
2512507,Queimadas,PB,Nordeste,96.37,80.0,-16.37,97.67,17.67,0.06,0.05,3.0,8.5,4.54,47658.0,4555
4115457,Marquinho,PR,Sul,93.94,76.7,-17.24,94.38,17.68,0.06,0.05,7.3,8.1,4.98,4504.0,4556
3122454,Divisópolis,MG,Sudeste,67.8,60.36,-7.44,78.04,17.68,0.06,0.05,6.0,6.3,4.54,10213.0,4557
1101559,Teixeirópolis,RO,Norte,88.17,75.63,-12.54,93.31,17.68,0.06,0.05,3.6,6.0,4.89,4256.0,4558
5106000,Nortelândia,MT,Centro-Oeste,65.81,63.1,-2.71,80.78,17.68,0.06,0.05,0.5,6.1,5.01,5956.0,4559
4212270,Passos Maia,SC,Sul,89.74,64.04,-25.7,81.73,17.69,0.06,0.05,5.6,6.7,5.25,4034.0,4560
1200435,Santa Rosa do Purus,AC,Norte,66.63,54.0,-12.63,71.7,17.7,0.06,0.05,23.1,3.7,3.99,6723.0,4561
2109007,Porto Franco,MA,Nordeste,85.33,68.58,-16.75,86.28,17.71,0.06,0.05,2.9,6.6,4.72,23903.0,4562
3109600,Cachoeira da Prata,MG,Sudeste,87.03,65.68,-21.35,83.39,17.71,0.06,0.05,1.0,6.3,5.33,3693.0,4563
2305001,Guaraciaba do Norte,CE,Nordeste,98.18,80.0,-18.18,97.71,17.71,0.06,0.05,1.0,8.5,4.14,42053.0,4564
3130655,Indaiabira,MG,Sudeste,83.11,67.59,-15.52,85.3,17.71,0.06,0.05,1.8,6.8,4.34,6346.0,4565
2700409,Atalaia,AL,Nordeste,56.36,54.31,-2.05,72.03,17.72,0.06,0.05,4.9,6.6,4.2,37512.0,4566
3156106,Ritápolis,MG,Sudeste,92.76,71.71,-21.05,89.44,17.73,0.06,0.05,4.3,6.8,5.14,4994.0,4567
1707553,Fátima,TO,Norte,83.77,65.75,-18.02,83.48,17.73,0.06,0.05,6.8,6.0,4.85,3467.0,4568
2207207,Padre Marcos,PI,Nordeste,96.67,80.0,-16.67,97.74,17.74,0.06,0.05,0.5,7.3,4.2,6382.0,4569
5201306,Anicuns,GO,Centro-Oeste,96.96,80.0,-16.96,97.74,17.74,0.06,0.05,1.6,7.8,5.25,18503.0,4570
1100064,Colorado do Oeste,RO,Norte,78.27,70.98,-7.29,88.73,17.75,0.06,0.05,3.4,6.8,5.09,15663.0,4571
1701309,Aragominas,TO,Norte,53.42,48.86,-4.56,66.61,17.75,0.06,0.05,11.2,5.7,4.43,5290.0,4572
4115507,Marumbi,PR,Sul,79.97,68.37,-11.6,86.13,17.76,0.06,0.05,12.5,6.7,5.32,4699.0,4573
4112306,Japira,PR,Sul,98.28,77.61,-20.67,95.37,17.76,0.06,0.05,4.8,7.0,5.18,4972.0,4574
2705309,Minador do Negrão,AL,Nordeste,48.38,52.76,4.38,70.53,17.77,0.06,0.05,2.3,5.6,4.18,4845.0,4575
1304302,Urucará,AM,Norte,84.91,68.04,-16.87,85.82,17.78,0.06,0.05,2.4,6.0,4.15,18631.0,4576
2503407,Cacimba de Areia,PB,Nordeste,93.55,71.51,-22.04,89.3,17.79,0.06,0.05,4.5,5.8,4.51,3291.0,4577
2300507,Alcântaras,CE,Nordeste,100.0,80.0,-20.0,97.79,17.79,0.06,0.05,0.1,9.8,4.42,11369.0,4578
1600402,Mazagão,AP,Norte,66.16,52.32,-13.84,70.12,17.79,0.06,0.05,19.9,5.2,4.54,21924.0,4579
3118809,Coração de Jesus,MG,Sudeste,96.1,72.37,-23.73,90.17,17.8,0.06,0.05,0.9,6.2,4.53,25377.0,4580
3135209,Januária,MG,Sudeste,51.15,45.19,-5.96,62.99,17.8,0.06,0.05,2.0,5.9,4.52,65150.0,4581
2932507,Una,BA,Nordeste,66.3,57.73,-8.57,75.53,17.8,0.06,0.05,15.8,5.9,4.34,18131.0,4582
2513851,Santo André,PB,Nordeste,69.66,61.83,-7.83,79.64,17.8,0.06,0.05,3.4,5.4,4.36,2622.0,4583
2516201,Sousa,PB,Nordeste,72.13,61.29,-10.84,79.12,17.83,0.05,0.05,5.7,6.7,4.43,67259.0,4584
5208103,Formoso,GO,Centro-Oeste,92.11,75.04,-17.07,92.87,17.83,0.05,0.05,0.9,6.6,5.05,4660.0,4585
5218706,Rianápolis,GO,Centro-Oeste,96.08,78.08,-18.0,95.92,17.84,0.05,0.05,3.2,8.2,5.04,3980.0,4586
2308609,Monsenhor Tabosa,CE,Nordeste,100.0,80.0,-20.0,97.84,17.84,0.05,0.05,2.8,8.7,4.14,17149.0,4587
3301207,Carmo,RJ,Sudeste,74.91,60.99,-13.92,78.84,17.84,0.05,0.05,20.7,6.2,5.0,17198.0,4588
1200054,Assis Brasil,AC,Norte,71.71,61.0,-10.71,78.85,17.85,0.05,0.05,16.6,5.5,4.55,8100.0,4589
2923605,Paramirim,BA,Nordeste,76.69,62.78,-13.91,80.63,17.85,0.05,0.05,5.8,,4.6,20351.0,4590
3102308,Alvinópolis,MG,Sudeste,78.89,63.93,-14.96,81.78,17.85,0.05,0.05,0.4,6.8,4.84,15059.0,4591
4107124,Diamante do Sul,PR,Sul,100.0,74.31,-25.69,92.17,17.86,0.05,0.05,4.9,6.7,4.86,3171.0,4592
4103024,Boa Esperança do Iguaçu,PR,Sul,88.89,77.24,-11.65,95.1,17.86,0.05,0.05,2.7,7.5,5.48,2455.0,4593
2707404,Porto de Pedras,AL,Nordeste,52.62,52.83,0.21,70.69,17.86,0.05,0.05,3.5,5.9,4.53,9295.0,4594
2706703,Penedo,AL,Nordeste,73.02,59.45,-13.57,77.32,17.87,0.05,0.05,3.8,6.3,4.44,58650.0,4595
5106208,Nova Brasilândia,MT,Centro-Oeste,77.42,67.34,-10.08,85.21,17.87,0.05,0.05,2.2,5.7,4.96,3932.0,4596
2926608,Ribeira do Pombal,BA,Nordeste,59.14,55.6,-3.54,73.47,17.87,0.05,0.05,4.5,6.8,4.38,54010.0,4597
5219712,Santo Antônio da Barra,GO,Centro-Oeste,97.88,80.0,-17.88,97.87,17.87,0.05,0.05,2.8,7.8,5.03,4267.0,4598
2302057,Barroquinha,CE,Nordeste,99.57,80.0,-19.57,97.88,17.88,0.05,0.05,0.6,7.4,4.03,14567.0,4599
2309409,Novo Oriente,CE,Nordeste,99.18,80.0,-19.18,97.88,17.88,0.05,0.05,0.7,9.6,4.14,27545.0,4600
2103406,Coelho Neto,MA,Nordeste,90.35,69.81,-20.54,87.71,17.9,0.05,0.05,9.4,6.1,4.21,41658.0,4601
2303105,Cariré,CE,Nordeste,99.49,80.0,-19.49,97.9,17.9,0.05,0.05,0.2,9.6,3.83,17632.0,4602
1700251,Abreulândia,TO,Norte,89.7,70.59,-19.11,88.49,17.9,0.05,0.05,1.4,6.2,4.76,2576.0,4603
2931806,Tremedal,BA,Nordeste,75.13,64.16,-10.97,82.08,17.92,0.05,0.05,12.1,6.1,4.36,16296.0,4604
5215405,Ouro Verde de Goiás,GO,Centro-Oeste,96.77,80.0,-16.77,97.92,17.92,0.05,0.05,5.1,7.0,5.22,4057.0,4605
3129707,Ibiraci,MG,Sudeste,68.17,54.59,-13.58,72.52,17.93,0.05,0.05,2.9,6.3,5.35,10948.0,4606
2609709,Orobó,PE,Nordeste,88.28,70.17,-18.11,88.1,17.93,0.05,0.05,1.8,6.4,4.32,21808.0,4607
2701506,Campo Grande,AL,Nordeste,72.29,65.22,-7.07,83.15,17.93,0.05,0.05,14.3,6.4,3.97,8143.0,4608
4210209,Major Gercino,SC,Sul,83.43,65.16,-18.27,83.1,17.94,0.05,0.05,6.1,7.1,5.64,3214.0,4609
4118857,Perobal,PR,Sul,74.96,68.33,-6.63,86.28,17.94,0.05,0.05,6.1,7.0,5.23,7189.0,4610
4122651,Rosário do Ivaí,PR,Sul,95.04,74.31,-20.73,92.25,17.95,0.05,0.05,4.0,7.2,4.92,5435.0,4611
4100905,Amaporã,PR,Sul,93.09,75.6,-17.49,93.55,17.95,0.05,0.05,11.3,7.0,5.05,4762.0,4612
1200252,Epitaciolândia,AC,Norte,71.86,63.0,-8.86,80.95,17.95,0.05,0.05,11.0,7.2,4.77,18757.0,4613
3165404,Sapucaí-Mirim,MG,Sudeste,91.01,65.95,-25.06,83.91,17.96,0.05,0.05,0.7,6.0,5.25,6311.0,4614
4113502,Loanda,PR,Sul,89.2,75.87,-13.33,93.84,17.96,0.05,0.05,8.3,7.6,5.23,23225.0,4615
3117207,Conceição das Pedras,MG,Sudeste,85.71,69.0,-16.71,86.98,17.98,0.05,0.05,1.4,6.4,5.03,2772.0,4616
4103156,Bom Jesus do Sul,PR,Sul,100.0,80.0,-20.0,97.99,17.99,0.05,0.05,1.5,7.7,5.1,3980.0,4617
1722081,Wanderlândia,TO,Norte,65.27,56.08,-9.19,74.07,17.99,0.05,0.05,6.1,5.6,4.69,10522.0,4618
2308203,Meruoca,CE,Nordeste,99.18,80.0,-19.18,97.99,17.99,0.05,0.05,0.5,8.7,4.3,15157.0,4619
2500577,Algodão de Jandaíra,PB,Nordeste,80.07,61.39,-18.68,79.39,18.0,0.05,0.05,4.8,5.4,4.39,2953.0,4620
2304905,Groaíras,CE,Nordeste,100.0,80.0,-20.0,98.0,18.0,0.05,0.05,0.3,8.7,4.27,10910.0,4621
2305209,Hidrolândia,CE,Nordeste,98.05,80.0,-18.05,98.0,18.0,0.05,0.05,0.5,6.9,4.06,17855.0,4622
2919306,Lençóis,BA,Nordeste,60.98,56.7,-4.28,74.71,18.01,0.05,0.05,8.1,5.8,4.43,10774.0,4623
4217105,São Martinho,SC,Sul,91.3,73.59,-17.71,91.61,18.02,0.05,0.05,2.6,7.3,5.69,3405.0,4624
4123402,Santa Fé,PR,Sul,84.46,68.88,-15.58,86.92,18.04,0.05,0.05,1.7,7.2,,11378.0,4625
2915304,Itagimirim,BA,Nordeste,69.19,54.6,-14.59,72.64,18.04,0.05,0.05,23.1,5.0,4.47,6347.0,4626
4106555,Corumbataí do Sul,PR,Sul,97.88,80.0,-17.88,98.05,18.05,0.05,0.05,13.2,6.7,4.96,3760.0,4627
3204955,São Roque do Canaã,ES,Sudeste,96.0,77.0,-19.0,95.05,18.05,0.05,0.05,1.9,7.5,4.99,10886.0,4628
2923704,Paratinga,BA,Nordeste,58.18,46.05,-12.13,64.1,18.05,0.05,0.05,11.2,4.9,4.39,29252.0,4629
2514453,São José dos Ramos,PB,Nordeste,80.32,68.97,-11.35,87.03,18.06,0.05,0.05,8.0,6.0,4.14,5891.0,4630
2911857,Heliópolis,BA,Nordeste,48.99,53.68,4.69,71.75,18.07,0.05,0.05,8.5,6.0,4.21,12309.0,4631
2700904,Belo Monte,AL,Nordeste,100.0,80.0,-20.0,98.07,18.07,0.05,0.05,0.4,7.9,3.92,5936.0,4632
2602209,Bom Jardim,PE,Nordeste,94.13,70.02,-24.11,88.09,18.07,0.05,0.05,2.4,6.5,4.32,37629.0,4633
2504074,Caraúbas,PB,Nordeste,89.42,63.59,-25.83,81.66,18.07,0.05,0.05,5.6,5.7,4.44,3944.0,4634
1101492,São Francisco do Guaporé,RO,Norte,86.03,72.47,-13.56,90.53,18.07,0.05,0.05,2.1,6.3,4.96,16286.0,4635
2702009,Coité do Nóia,AL,Nordeste,96.71,77.22,-19.49,95.3,18.08,0.05,0.04,0.9,8.7,4.38,10810.0,4636
2502151,Boa Vista,PB,Nordeste,93.25,73.88,-19.37,91.96,18.08,0.05,0.04,10.5,6.9,4.73,6377.0,4637
2306603,Itatira,CE,Nordeste,99.62,80.0,-19.62,98.09,18.09,0.05,0.04,1.0,7.8,4.21,20424.0,4638
2701100,Branquinha,AL,Nordeste,90.59,78.02,-12.57,96.12,18.1,0.05,0.04,2.5,9.7,4.28,9603.0,4639
2501500,Bananeiras,PB,Nordeste,81.57,64.97,-16.6,83.09,18.11,0.05,0.04,6.3,6.1,4.41,23134.0,4640
2929370,São José do Jacuípe,BA,Nordeste,53.25,47.74,-5.51,65.86,18.12,0.05,0.04,7.9,5.3,4.32,10187.0,4641
4125001,São João do Ivaí,PR,Sul,78.21,70.28,-7.93,88.41,18.13,0.05,0.04,7.6,6.9,5.11,10667.0,4642
3135704,Jequitibá,MG,Sudeste,79.48,65.7,-13.78,83.84,18.14,0.05,0.04,1.3,6.5,4.59,5883.0,4643
3112653,Capitão Andrade,MG,Sudeste,71.3,59.22,-12.08,77.36,18.14,0.05,0.04,0.7,6.0,4.96,4585.0,4644
2309201,Nova Olinda,CE,Nordeste,100.0,80.0,-20.0,98.14,18.14,0.05,0.04,1.3,9.9,4.29,15399.0,4645
3117009,Comercinho,MG,Sudeste,82.11,68.67,-13.44,86.82,18.14,0.05,0.04,0.6,7.0,4.39,6660.0,4646
2702108,Colônia Leopoldina,AL,Nordeste,98.9,80.0,-18.9,98.15,18.15,0.05,0.04,6.3,9.4,4.24,15816.0,4647
2501609,Barra de Santa Rosa,PB,Nordeste,81.47,67.72,-13.75,85.87,18.15,0.05,0.04,10.4,6.0,4.38,12904.0,4648
2202729,Cocal dos Alves,PI,Nordeste,95.45,80.0,-15.45,98.16,18.16,0.05,0.04,1.9,7.8,4.0,6386.0,4649
5103858,Gaúcha do Norte,MT,Centro-Oeste,73.95,61.78,-12.17,79.94,18.16,0.05,0.04,4.5,5.7,5.12,8642.0,4650
2505907,Emas,PB,Nordeste,87.76,72.29,-15.47,90.46,18.17,0.05,0.04,6.9,6.4,4.3,3011.0,4651
2928901,São Desidério,BA,Nordeste,73.25,61.59,-11.66,79.77,18.18,0.05,0.04,5.5,5.8,4.58,32828.0,4652
5103007,Chapada dos Guimarães,MT,Centro-Oeste,71.79,63.22,-8.57,81.4,18.18,0.05,0.04,2.5,6.0,4.89,18990.0,4653
5221502,Turvânia,GO,Centro-Oeste,100.0,75.96,-24.04,94.14,18.18,0.05,0.04,3.1,6.5,5.17,4480.0,4654
1700707,Alvorada,TO,Norte,83.24,63.3,-19.94,81.48,18.18,0.05,0.04,4.1,5.9,5.01,8802.0,4655
2914406,Iraquara,BA,Nordeste,61.68,58.31,-3.37,76.5,18.19,0.05,0.04,1.5,6.2,4.36,23879.0,4656
5217708,Pontalina,GO,Centro-Oeste,96.69,76.38,-20.31,94.57,18.2,0.05,0.04,4.8,7.1,5.29,18309.0,4657
2201572,Belém do Piauí,PI,Nordeste,100.0,80.0,-20.0,98.2,18.2,0.05,0.04,0.0,6.8,4.1,3423.0,4658
3171600,Virgem da Lapa,MG,Sudeste,83.09,64.49,-18.6,82.69,18.2,0.05,0.04,1.4,6.2,4.68,11804.0,4659
5101258,Araputanga,MT,Centro-Oeste,76.25,63.63,-12.62,81.84,18.21,0.05,0.04,2.1,6.1,5.11,14786.0,4660
2504603,Conde,PB,Nordeste,90.53,70.75,-19.78,88.96,18.21,0.05,0.04,7.5,6.4,4.56,27605.0,4661
2208809,Regeneração,PI,Nordeste,63.07,59.47,-3.6,77.69,18.21,0.05,0.04,6.3,5.4,4.16,17133.0,4662
2203354,Dirceu Arcoverde,PI,Nordeste,56.92,54.88,-2.04,73.09,18.22,0.05,0.04,9.4,5.1,4.05,7054.0,4663
2500304,Alagoa Grande,PB,Nordeste,63.59,53.6,-9.99,71.83,18.23,0.05,0.04,32.7,5.4,4.23,26062.0,4664
1600279,Laranjal do Jari,AP,Norte,81.63,58.55,-23.08,76.78,18.23,0.05,0.04,21.9,5.6,4.61,35114.0,4665
2313203,Tamboril,CE,Nordeste,98.5,80.0,-18.5,98.24,18.24,0.05,0.04,1.5,9.3,4.09,24815.0,4666
3137403,Lagoa Dourada,MG,Sudeste,91.02,71.52,-19.5,89.76,18.24,0.05,0.04,4.2,7.1,5.07,12769.0,4667
3144102,Muzambinho,MG,Sudeste,76.19,60.86,-15.33,79.1,18.24,0.05,0.04,1.4,6.5,5.29,21891.0,4668
2604809,Cortês,PE,Nordeste,94.16,70.46,-23.7,88.7,18.24,0.05,0.04,8.4,6.2,4.21,10198.0,4669
4111605,Ivatuba,PR,Sul,100.0,79.33,-20.67,97.57,18.24,0.05,0.04,5.9,7.5,5.15,2708.0,4670
5211800,Jaraguá,GO,Centro-Oeste,95.59,80.0,-15.59,98.25,18.25,0.05,0.04,1.1,7.4,5.02,45223.0,4671
2209856,São João da Canabrava,PI,Nordeste,100.0,80.0,-20.0,98.26,18.26,0.05,0.04,1.6,7.7,4.28,4242.0,4672
3171709,Virgínia,MG,Sudeste,85.46,68.51,-16.95,86.78,18.27,0.05,0.04,0.2,6.5,4.99,8908.0,4673
5103700,Feliz Natal,MT,Centro-Oeste,82.11,72.16,-9.95,90.43,18.27,0.05,0.04,3.2,6.7,4.98,10521.0,4674
1720978,Talismã,TO,Norte,53.85,61.15,7.3,79.42,18.27,0.05,0.04,6.2,5.8,4.82,2456.0,4675
3165701,Senador Firmino,MG,Sudeste,90.01,72.75,-17.26,91.03,18.28,0.05,0.04,1.1,7.2,5.01,7716.0,4676
5215652,Palestina de Goiás,GO,Centro-Oeste,96.91,79.74,-17.17,98.04,18.3,0.05,0.04,1.6,6.4,5.17,3132.0,4677
2210979,Tanque do Piauí,PI,Nordeste,76.47,68.7,-7.77,87.01,18.31,0.05,0.04,6.6,5.6,4.42,2316.0,4678
5219456,Santa Rita do Novo Destino,GO,Centro-Oeste,100.0,80.0,-20.0,98.31,18.31,0.05,0.04,2.5,8.2,4.91,2689.0,4679
2615102,Terezinha,PE,Nordeste,94.44,73.72,-20.72,92.05,18.33,0.05,0.04,8.0,6.6,4.21,6513.0,4680
3166402,Seritinga,MG,Sudeste,80.77,71.56,-9.21,89.9,18.34,0.05,0.04,2.7,7.0,4.99,1819.0,4681
4126652,Sulina,PR,Sul,83.23,71.75,-11.48,90.09,18.34,0.05,0.04,1.5,7.1,5.35,3440.0,4682
1507805,Senador José Porfírio,PA,Norte,59.68,54.86,-4.82,73.21,18.34,0.05,0.04,22.6,5.7,4.29,22576.0,4683
2927903,Santa Inês,BA,Nordeste,69.96,63.02,-6.94,81.37,18.35,0.05,0.04,1.9,6.5,4.65,10300.0,4684
2202703,Cocal,PI,Nordeste,98.5,76.26,-22.24,94.63,18.37,0.05,0.04,6.6,6.5,4.08,28212.0,4685
2913457,Igrapiúna,BA,Nordeste,65.57,52.95,-12.62,71.32,18.37,0.05,0.04,10.4,4.7,4.28,13151.0,4686
3162708,São João do Paraíso,MG,Sudeste,95.5,74.86,-20.64,93.24,18.38,0.05,0.04,0.7,7.5,4.79,23910.0,4687
2707602,Quebrangulo,AL,Nordeste,76.15,68.27,-7.88,86.66,18.39,0.05,0.04,5.2,6.8,3.98,11080.0,4688
2704005,Junqueiro,AL,Nordeste,72.26,66.14,-6.12,84.53,18.39,0.05,0.04,2.3,8.5,4.47,23907.0,4689
2603207,Caetés,PE,Nordeste,69.52,62.19,-7.33,80.57,18.39,0.05,0.04,4.9,6.4,4.32,28827.0,4690
2211605,Vila Nova do Piauí,PI,Nordeste,100.0,80.0,-20.0,98.39,18.39,0.05,0.04,2.4,6.9,4.22,2935.0,4691
3123809,Engenheiro Navarro,MG,Sudeste,78.42,61.58,-16.84,79.96,18.39,0.05,0.04,0.0,6.1,4.87,6354.0,4692
2612455,Santa Cruz,PE,Nordeste,90.91,74.24,-16.67,92.63,18.4,0.05,0.04,3.1,6.6,4.13,13841.0,4693
2920601,Maragogipe,BA,Nordeste,74.72,63.07,-11.65,81.47,18.4,0.05,0.04,13.0,6.2,4.04,35859.0,4694
4107256,Douradina,PR,Sul,74.02,64.59,-9.43,82.99,18.4,0.05,0.04,2.0,6.9,5.51,9161.0,4695
5205521,Colinas do Sul,GO,Centro-Oeste,78.69,70.92,-7.77,89.32,18.4,0.05,0.04,2.4,6.7,4.9,4030.0,4696
4111308,Itaúna do Sul,PR,Sul,88.81,78.53,-10.28,96.94,18.41,0.05,0.04,12.9,7.9,5.08,3572.0,4697
2405207,Janduís,RN,Nordeste,53.68,47.98,-5.7,66.39,18.41,0.05,0.04,3.0,6.3,4.44,4746.0,4698
3106903,Bicas,MG,Sudeste,83.13,61.86,-21.27,80.28,18.42,0.05,0.04,5.0,6.5,5.1,13978.0,4699
2211001,Teresina,PI,Nordeste,80.58,63.49,-17.09,81.91,18.42,0.05,0.04,4.6,6.8,4.56,866300.0,4700
2803104,Itabi,SE,Nordeste,49.32,44.0,-5.32,62.44,18.44,0.05,0.04,9.8,5.2,4.23,4745.0,4701
3170479,Uruana de Minas,MG,Sudeste,86.35,66.63,-19.72,85.07,18.44,0.05,0.04,0.4,6.1,4.89,3282.0,4702
4102703,Barra do Jacaré,PR,Sul,96.77,71.04,-25.73,89.48,18.44,0.05,0.04,7.3,6.3,5.41,2814.0,4703
5218904,Rubiataba,GO,Centro-Oeste,96.36,78.61,-17.75,97.06,18.44,0.05,0.04,1.1,7.9,5.21,19788.0,4704
2924306,Piatã,BA,Nordeste,68.84,60.21,-8.63,78.66,18.45,0.05,0.04,2.0,6.3,4.66,20086.0,4705
2209153,Santa Cruz dos Milagres,PI,Nordeste,77.54,65.7,-11.84,84.15,18.45,0.05,0.04,5.0,6.2,4.25,3435.0,4706
2907103,Carinhanha,BA,Nordeste,59.27,51.75,-7.52,70.2,18.45,0.05,0.04,4.3,5.3,4.36,28869.0,4707
5215207,Novo Brasil,GO,Centro-Oeste,100.0,80.0,-20.0,98.46,18.46,0.05,0.04,0.5,7.9,5.03,3527.0,4708
3164209,São Romão,MG,Sudeste,84.27,64.92,-19.35,83.39,18.47,0.05,0.04,2.0,6.4,4.58,10315.0,4709
2607950,Jaqueira,PE,Nordeste,91.57,68.36,-23.21,86.83,18.47,0.05,0.04,5.5,6.0,4.27,10247.0,4710
2300606,Altaneira,CE,Nordeste,98.73,80.0,-18.73,98.47,18.47,0.05,0.04,0.4,9.8,4.27,6782.0,4711
3146255,Padre Carvalho,MG,Sudeste,83.05,62.89,-20.16,81.4,18.51,0.05,0.04,1.8,6.0,4.45,5058.0,4712
2908101,Cocos,BA,Nordeste,74.83,63.7,-11.13,82.24,18.53,0.05,0.04,5.4,5.9,4.46,19151.0,4713
3535903,Paranapuã,SP,Sudeste,75.08,54.35,-20.73,72.88,18.53,0.05,0.04,0.8,6.2,5.13,4031.0,4714
5106232,Nova Olímpia,MT,Centro-Oeste,76.35,64.82,-11.53,83.35,18.53,0.05,0.04,1.2,6.3,4.98,16352.0,4715
5106216,Nova Canaã do Norte,MT,Centro-Oeste,80.17,67.81,-12.36,86.34,18.54,0.05,0.04,2.8,6.4,5.03,11707.0,4716
2310506,Pedra Branca,CE,Nordeste,99.77,80.0,-19.77,98.54,18.54,0.05,0.04,1.2,10.0,4.15,40187.0,4717
2202208,Campo Maior,PI,Nordeste,81.07,65.6,-15.47,84.13,18.54,0.05,0.04,2.3,6.5,4.37,45793.0,4718
2703007,Ibateguara,AL,Nordeste,100.0,80.0,-20.0,98.55,18.55,0.05,0.04,9.8,9.8,4.08,13731.0,4719
2500205,Aguiar,PB,Nordeste,91.53,73.96,-17.57,92.52,18.55,0.05,0.04,1.5,6.6,4.45,5003.0,4720
2922300,Muritiba,BA,Nordeste,60.33,47.87,-12.46,66.43,18.56,0.05,0.04,11.2,4.9,4.37,28707.0,4721
2702504,Dois Riachos,AL,Nordeste,66.79,62.56,-4.23,81.15,18.59,0.05,0.04,3.9,7.2,3.95,9805.0,4722
3146552,Pai Pedro,MG,Sudeste,90.42,70.82,-19.6,89.41,18.6,0.05,0.04,1.7,6.6,4.29,5551.0,4723
3144656,Ninheira,MG,Sudeste,79.29,64.04,-15.25,82.65,18.6,0.05,0.04,1.8,6.7,4.52,10588.0,4724
3155108,Rio do Prado,MG,Sudeste,93.44,65.96,-27.48,84.56,18.61,0.05,0.04,0.7,5.9,4.52,4639.0,4725
4219358,Vitor Meireles,SC,Sul,80.89,61.52,-19.37,80.12,18.61,0.05,0.04,2.2,6.9,5.57,5370.0,4726
2925709,Presidente Jânio Quadros,BA,Nordeste,62.46,53.02,-9.44,71.63,18.61,0.05,0.04,9.5,4.9,4.37,12621.0,4727
3119104,Corinto,MG,Sudeste,78.81,58.98,-19.83,77.61,18.63,0.05,0.04,2.6,5.9,4.83,23532.0,4728
1600055,Serra do Navio,AP,Norte,69.59,54.67,-14.92,73.31,18.64,0.05,0.04,10.3,5.3,4.6,4673.0,4729
2926905,Rio do Pires,BA,Nordeste,69.3,56.9,-12.4,75.54,18.65,0.05,0.04,12.5,5.3,4.45,10497.0,4730
1503408,Inhangapi,PA,Norte,50.17,46.64,-3.53,65.3,18.66,0.05,0.04,18.2,4.7,4.22,10325.0,4731
2111763,Senador La Rocque,MA,Nordeste,77.35,54.23,-23.12,72.9,18.66,0.05,0.04,8.0,4.6,4.43,14700.0,4732
3159308,Santa Rita de Jacutinga,MG,Sudeste,75.52,59.89,-15.63,78.55,18.67,0.05,0.04,7.2,5.8,5.22,4755.0,4733
2305654,Ipaporanga,CE,Nordeste,99.11,80.0,-19.11,98.67,18.67,0.05,0.04,1.5,9.9,4.18,11575.0,4734
2503555,Cacimbas,PB,Nordeste,61.74,54.43,-7.31,73.11,18.68,0.05,0.04,8.8,5.3,4.24,7223.0,4735
1503002,Faro,PA,Norte,68.83,64.98,-3.85,83.67,18.69,0.05,0.04,10.0,6.4,4.18,8728.0,4736
5106828,Porto Esperidião,MT,Centro-Oeste,75.09,61.19,-13.9,79.88,18.69,0.05,0.04,3.6,5.5,4.81,10204.0,4737
1711951,Lagoa do Tocantins,TO,Norte,51.61,45.72,-5.89,64.42,18.7,0.05,0.04,1.7,4.8,4.43,3516.0,4738
2612604,Santa Maria da Boa Vista,PE,Nordeste,83.37,62.09,-21.28,80.8,18.71,0.05,0.04,3.8,5.9,4.35,40578.0,4739
2204006,Francinópolis,PI,Nordeste,100.0,78.86,-21.14,97.58,18.72,0.05,0.04,1.3,6.7,4.2,4505.0,4740
2906857,Capela do Alto Alegre,BA,Nordeste,64.8,56.52,-8.28,75.25,18.73,0.05,0.04,7.8,5.3,4.51,10744.0,4741
2310951,Pires Ferreira,CE,Nordeste,100.0,80.0,-20.0,98.74,18.74,0.05,0.04,0.0,10.0,4.16,10606.0,4742
5107743,Santa Cruz do Xingu,MT,Centro-Oeste,70.0,66.26,-3.74,85.0,18.75,0.05,0.04,11.2,6.2,5.12,2661.0,4743
3144375,Natalândia,MG,Sudeste,74.69,64.03,-10.66,82.78,18.75,0.05,0.04,0.4,6.5,4.75,3520.0,4744
2709202,Traipu,AL,Nordeste,57.76,53.83,-3.93,72.59,18.76,0.05,0.04,6.9,6.5,4.04,23565.0,4745
2112704,Vargem Grande,MA,Nordeste,96.36,80.0,-16.36,98.76,18.76,0.05,0.04,1.8,7.1,4.02,43261.0,4746
4100608,Alto Paraná,PR,Sul,88.77,72.07,-16.7,90.85,18.78,0.05,0.04,14.1,6.6,5.19,13909.0,4747
2926707,Rio de Contas,BA,Nordeste,82.63,64.66,-17.97,83.45,18.79,0.05,0.04,9.4,5.9,4.8,13184.0,4748
2933174,Varzedo,BA,Nordeste,84.12,61.29,-22.83,80.08,18.79,0.05,0.04,5.3,5.2,4.33,9913.0,4749
1710904,Itapiratins,TO,Norte,51.02,56.04,5.02,74.83,18.8,0.05,0.04,5.5,6.5,4.47,3577.0,4750
2202026,Buriti dos Montes,PI,Nordeste,100.0,80.0,-20.0,98.81,18.81,0.05,0.04,0.0,7.4,4.14,7434.0,4751
2404804,Ipueira,RN,Nordeste,64.29,64.43,0.14,83.24,18.81,0.05,0.04,1.7,7.3,4.7,2035.0,4752
2301257,Ararendá,CE,Nordeste,100.0,80.0,-20.0,98.83,18.83,0.05,0.04,0.8,9.8,4.13,11096.0,4753
1718758,Rio Sono,TO,Norte,53.18,51.24,-1.94,70.08,18.84,0.05,0.04,2.3,5.0,4.45,4841.0,4754
1100106,Guajará-Mirim,RO,Norte,71.04,59.97,-11.07,78.82,18.85,0.05,0.04,11.1,5.4,4.86,39387.0,4755
2909208,Coronel João Sá,BA,Nordeste,62.1,51.85,-10.25,70.71,18.86,0.05,0.04,14.1,5.3,4.18,17056.0,4756
2911659,Guajeru,BA,Nordeste,54.37,52.2,-2.17,71.06,18.86,0.05,0.04,8.2,5.5,4.64,8050.0,4757
1717503,Pium,TO,Norte,53.89,46.68,-7.21,65.54,18.86,0.05,0.04,7.5,5.0,4.8,7128.0,4758
5106372,Pedra Preta,MT,Centro-Oeste,85.84,67.89,-17.95,86.76,18.86,0.05,0.04,1.5,6.0,5.11,18066.0,4759
3164431,São Sebastião da Vargem Alegre,MG,Sudeste,82.78,66.18,-16.6,85.05,18.87,0.05,0.04,3.4,6.7,5.01,3113.0,4760
2305902,Ipueiras,CE,Nordeste,98.24,80.0,-18.24,98.89,18.89,0.05,0.04,1.4,8.1,4.14,36798.0,4761
2404101,Galinhos,RN,Nordeste,76.5,57.99,-18.51,76.88,18.89,0.05,0.04,2.7,5.1,4.4,2104.0,4762
2106102,Loreto,MA,Nordeste,72.08,58.27,-13.81,77.15,18.89,0.05,0.04,4.8,5.1,4.4,11597.0,4763
5210604,Itaguaru,GO,Centro-Oeste,97.82,80.0,-17.82,98.91,18.91,0.05,0.04,0.0,7.3,4.76,4904.0,4764
2700706,Batalha,AL,Nordeste,57.96,54.82,-3.14,73.73,18.91,0.05,0.04,6.5,6.3,4.31,16448.0,4765
5002001,Batayporã,MS,Centro-Oeste,78.25,62.14,-16.11,81.05,18.91,0.05,0.04,16.3,6.3,5.15,10712.0,4766
2201903,Bom Jesus,PI,Nordeste,100.0,80.0,-20.0,98.91,18.91,0.05,0.04,5.5,8.1,4.43,28796.0,4767
2920007,Maiquinique,BA,Nordeste,57.32,52.63,-4.69,71.55,18.92,0.05,0.04,18.6,5.7,4.43,8731.0,4768
2514651,São José do Brejo do Cruz,PB,Nordeste,71.0,58.96,-12.04,77.88,18.92,0.05,0.04,5.0,4.7,4.4,1699.0,4769
5200209,Água Limpa,GO,Centro-Oeste,100.0,74.4,-25.6,93.32,18.93,0.05,0.04,1.5,6.7,5.37,1858.0,4770
3554607,Timburi,SP,Sudeste,60.0,58.48,-1.52,77.41,18.93,0.05,0.04,0.6,7.6,5.26,2464.0,4771
2208551,Porto Alegre do Piauí,PI,Nordeste,100.0,76.63,-23.37,95.57,18.94,0.05,0.04,1.0,6.1,4.41,2364.0,4772
2309003,Mucambo,CE,Nordeste,100.0,80.0,-20.0,98.94,18.94,0.05,0.04,0.1,9.3,4.2,13666.0,4773
4116307,Munhoz de Melo,PR,Sul,71.43,66.11,-5.32,85.06,18.95,0.05,0.04,5.0,7.6,,3951.0,4774
4105607,Cidade Gaúcha,PR,Sul,92.41,71.93,-20.48,90.89,18.97,0.05,0.04,8.2,6.8,5.02,11467.0,4775
2104404,Gonçalves Dias,MA,Nordeste,82.42,61.89,-20.53,80.85,18.97,0.05,0.04,7.4,5.0,4.34,17206.0,4776
5007950,Tacuru,MS,Centro-Oeste,78.14,65.27,-12.87,84.24,18.97,0.05,0.04,23.6,6.3,4.7,10808.0,4777
2605509,Ferreiros,PE,Nordeste,94.94,68.62,-26.32,87.59,18.97,0.05,0.04,9.4,5.4,4.23,15026.0,4778
2208106,Pimenteiras,PI,Nordeste,89.63,69.8,-19.83,88.79,18.99,0.05,0.04,10.5,5.2,4.25,11341.0,4779
3150109,Piau,MG,Sudeste,58.18,52.49,-5.69,71.49,18.99,0.05,0.04,14.7,6.1,4.84,2796.0,4780
5103353,Confresa,MT,Centro-Oeste,65.17,56.35,-8.82,75.36,19.01,0.05,0.04,2.0,5.8,5.0,35075.0,4781
4121000,Querência do Norte,PR,Sul,66.62,61.91,-4.71,80.92,19.01,0.05,0.04,14.4,6.1,5.11,10685.0,4782
5006309,Paranaíba,MS,Centro-Oeste,68.56,53.18,-15.38,72.22,19.03,0.05,0.04,10.6,5.4,5.14,40957.0,4783
2612901,São Benedito do Sul,PE,Nordeste,71.07,55.71,-15.36,74.75,19.05,0.05,0.04,7.7,5.7,4.27,13113.0,4784
4122602,Rondon,PR,Sul,89.13,73.81,-15.32,92.85,19.05,0.05,0.04,6.9,7.1,5.2,9097.0,4785
3141900,Minduri,MG,Sudeste,94.64,65.42,-29.22,84.47,19.06,0.05,0.04,4.0,6.0,5.05,3741.0,4786
3104809,Augusto de Lima,MG,Sudeste,81.89,63.48,-18.41,82.54,19.06,0.05,0.04,5.4,5.7,4.82,4538.0,4787
3163607,São José do Mantimento,MG,Sudeste,79.72,63.24,-16.48,82.3,19.07,0.05,0.04,2.5,6.4,5.02,2753.0,4788
2917359,Jaborandi,BA,Nordeste,64.17,59.47,-4.7,78.55,19.08,0.05,0.04,1.8,6.0,4.56,9275.0,4789
5107958,Tangará da Serra,MT,Centro-Oeste,76.99,63.75,-13.24,82.84,19.09,0.05,0.04,2.7,6.2,5.14,106434.0,4790
2201929,Bonfim do Piauí,PI,Nordeste,72.62,64.76,-7.86,83.87,19.11,0.05,0.04,7.5,5.5,4.09,5913.0,4791
2203420,Domingos Mourão,PI,Nordeste,94.64,80.0,-14.64,99.11,19.11,0.05,0.04,0.8,9.0,4.03,4075.0,4792
5004403,Inocência,MS,Centro-Oeste,57.38,55.13,-2.25,74.24,19.11,0.05,0.04,10.8,6.4,5.29,8404.0,4793
5204953,Campos Verdes,GO,Centro-Oeste,91.7,71.42,-20.28,90.54,19.12,0.05,0.04,5.2,6.5,4.78,4005.0,4794
3101003,Águas Vermelhas,MG,Sudeste,75.48,60.53,-14.95,79.65,19.12,0.05,0.04,0.9,5.9,4.69,14037.0,4795
3161809,São Gonçalo do Pará,MG,Sudeste,88.67,70.11,-18.56,89.24,19.13,0.05,0.04,2.3,6.9,5.14,11770.0,4796
2310902,Piquet Carneiro,CE,Nordeste,99.35,80.0,-19.35,99.14,19.14,0.05,0.04,0.4,9.8,4.23,16616.0,4797
2708105,Santana do Mundaú,AL,Nordeste,100.0,80.0,-20.0,99.16,19.16,0.05,0.04,2.4,10.0,4.14,11323.0,4798
5103056,Cláudia,MT,Centro-Oeste,80.36,68.73,-11.63,87.89,19.16,0.05,0.04,1.3,6.5,5.02,9593.0,4799
2607703,Itapetim,PE,Nordeste,92.8,72.21,-20.59,91.39,19.18,0.05,0.04,4.3,6.6,4.42,13791.0,4800
2209005,Rio Grande do Piauí,PI,Nordeste,75.05,64.0,-11.05,83.18,19.18,0.05,0.04,4.4,5.1,4.3,5801.0,4801
3139805,Mar de Espanha,MG,Sudeste,93.75,66.92,-26.83,86.11,19.19,0.05,0.04,4.5,6.9,5.19,12721.0,4802
2503308,Cachoeira dos Índios,PB,Nordeste,79.94,60.13,-19.81,79.33,19.2,0.05,0.04,4.3,5.5,4.29,9151.0,4803
1702000,Araguaçu,TO,Norte,71.03,61.48,-9.55,80.69,19.21,0.05,0.04,3.3,6.4,4.91,8133.0,4804
4110300,Inajá,PR,Sul,92.74,76.56,-16.18,95.77,19.21,0.05,0.04,5.1,7.0,5.24,2536.0,4805
1502756,Concórdia do Pará,PA,Norte,76.31,59.32,-16.99,78.53,19.21,0.05,0.04,17.4,5.3,4.03,26881.0,4806
2705002,Mata Grande,AL,Nordeste,78.44,59.03,-19.41,78.25,19.22,0.05,0.04,3.5,4.9,4.14,21844.0,4807
2907806,Cícero Dantas,BA,Nordeste,61.2,53.37,-7.83,72.62,19.25,0.04,0.04,2.1,5.7,4.29,30907.0,4808
3124807,Estrela do Sul,MG,Sudeste,79.96,62.76,-17.2,82.02,19.26,0.04,0.04,2.0,6.7,5.25,6840.0,4809
2921302,Milagres,BA,Nordeste,66.03,55.27,-10.76,74.54,19.26,0.04,0.04,13.3,5.4,4.49,11071.0,4810
4210852,Mirim Doce,SC,Sul,76.67,58.49,-18.18,77.77,19.27,0.04,0.04,3.9,,5.58,2511.0,4811
5221551,Turvelândia,GO,Centro-Oeste,93.2,73.67,-19.53,92.95,19.27,0.04,0.04,7.5,6.5,5.04,4985.0,4812
5107875,Sapezal,MT,Centro-Oeste,93.3,74.49,-18.81,93.78,19.28,0.04,0.04,1.9,6.8,5.07,28944.0,4813
5101902,Brasnorte,MT,Centro-Oeste,82.37,65.43,-16.94,84.71,19.28,0.04,0.04,3.4,5.7,5.04,17004.0,4814
3119500,Coronel Murta,MG,Sudeste,90.41,72.43,-17.98,91.72,19.29,0.04,0.04,1.4,7.8,4.44,8200.0,4815
5214705,Nova América,GO,Centro-Oeste,93.33,80.0,-13.33,99.31,19.31,0.04,0.04,0.0,7.7,4.85,2337.0,4816
5203939,Buriti de Goiás,GO,Centro-Oeste,100.0,80.0,-20.0,99.36,19.36,0.04,0.04,1.6,8.7,5.15,2732.0,4817
5215603,Padre Bernardo,GO,Centro-Oeste,87.69,68.65,-19.04,88.02,19.36,0.04,0.04,8.9,6.0,4.91,34967.0,4818
3120102,Couto de Magalhães de Minas,MG,Sudeste,76.6,63.63,-12.97,83.0,19.37,0.04,0.04,0.0,6.1,4.73,4245.0,4819
4311270,Lagoa dos Três Cantos,RS,Sul,93.33,70.5,-22.83,89.88,19.37,0.04,0.04,2.8,6.6,5.83,1738.0,4820
2100907,Araioses,MA,Nordeste,88.33,67.64,-20.69,87.01,19.37,0.04,0.04,12.6,5.4,4.0,39052.0,4821
5203962,Buritinópolis,GO,Centro-Oeste,74.14,64.06,-10.08,83.44,19.38,0.04,0.04,5.0,6.5,4.98,3145.0,4822
5219506,Santa Rosa de Goiás,GO,Centro-Oeste,100.0,80.0,-20.0,99.4,19.4,0.04,0.04,1.5,7.5,5.06,2820.0,4823
2907558,Caturama,BA,Nordeste,76.38,62.8,-13.58,82.2,19.4,0.04,0.04,6.9,5.9,4.49,8841.0,4824
2502607,Igaracy,PB,Nordeste,60.47,52.03,-8.44,71.45,19.41,0.04,0.04,6.0,5.6,4.34,5648.0,4825
4300307,Alecrim,RS,Sul,63.64,50.0,-13.64,69.42,19.42,0.04,0.04,1.7,7.0,5.29,6123.0,4826
3114105,Carmo de Minas,MG,Sudeste,91.09,67.79,-23.3,87.22,19.43,0.04,0.04,10.0,6.4,4.94,13797.0,4827
5003900,Figueirão,MS,Centro-Oeste,98.36,68.83,-29.53,88.26,19.43,0.04,0.04,9.5,,5.04,3539.0,4828
2206696,Murici dos Portelas,PI,Nordeste,97.78,73.05,-24.73,92.48,19.44,0.04,0.04,12.0,5.9,4.03,9797.0,4829
4107702,Fênix,PR,Sul,94.44,72.15,-22.29,91.6,19.45,0.04,0.04,4.4,7.1,5.02,4492.0,4830
3111903,Cana Verde,MG,Sudeste,85.38,64.84,-20.54,84.29,19.45,0.04,0.04,1.8,7.0,5.19,5272.0,4831
3102001,Alterosa,MG,Sudeste,88.43,70.33,-18.1,89.8,19.47,0.04,0.04,0.2,7.3,5.18,13915.0,4832
2933000,Valente,BA,Nordeste,68.27,54.23,-14.04,73.71,19.48,0.04,0.04,6.7,5.5,4.46,24362.0,4833
5204003,Cabeceiras,GO,Centro-Oeste,98.69,74.44,-24.25,93.93,19.49,0.04,0.04,4.0,7.4,5.02,7560.0,4834
2907707,Chorrochó,BA,Nordeste,58.05,55.71,-2.34,75.19,19.49,0.04,0.04,5.5,6.4,4.23,10579.0,4835
2501005,Araruna,PB,Nordeste,65.32,56.09,-9.23,75.59,19.49,0.04,0.04,7.6,5.5,4.45,17189.0,4836
4115903,Mirador,PR,Sul,89.83,74.8,-15.03,94.3,19.5,0.04,0.04,4.0,7.8,4.82,2238.0,4837
2709004,Tanque d'Arca,AL,Nordeste,68.49,60.13,-8.36,79.63,19.5,0.04,0.04,2.3,6.3,4.39,5796.0,4838
2304707,Granja,CE,Nordeste,98.7,80.0,-18.7,99.5,19.5,0.04,0.04,1.5,8.2,3.84,53344.0,4839
5212055,Jesúpolis,GO,Centro-Oeste,92.86,80.0,-12.86,99.51,19.51,0.04,0.04,0.7,7.7,4.95,2123.0,4840
2709152,Teotônio Vilela,AL,Nordeste,72.41,65.72,-6.69,85.23,19.51,0.04,0.04,4.1,8.7,4.53,38053.0,4841
3146750,Palmópolis,MG,Sudeste,73.22,58.21,-15.01,77.76,19.55,0.04,0.04,1.7,6.2,4.28,6301.0,4842
5107206,Rio Branco,MT,Centro-Oeste,78.52,63.0,-15.52,82.55,19.55,0.04,0.04,2.8,5.9,4.97,4535.0,4843
2931905,Tucano,BA,Nordeste,60.77,52.05,-8.72,71.61,19.56,0.04,0.04,13.7,5.9,4.35,48736.0,4844
5212253,Lagoa Santa,GO,Centro-Oeste,100.0,80.0,-20.0,99.56,19.56,0.04,0.04,4.6,8.4,5.22,1390.0,4845
2911105,Formosa do Rio Preto,BA,Nordeste,50.18,44.76,-5.42,64.33,19.56,0.04,0.04,6.8,4.8,4.41,25899.0,4846
5104906,Jangada,MT,Centro-Oeste,87.86,67.47,-20.39,87.04,19.57,0.04,0.04,0.9,6.1,4.57,7426.0,4847
2905305,Cafarnaum,BA,Nordeste,44.74,46.47,1.73,66.04,19.58,0.04,0.04,7.4,5.1,4.28,17466.0,4848
5200506,Aloândia,GO,Centro-Oeste,100.0,80.0,-20.0,99.59,19.59,0.04,0.04,3.1,7.0,5.26,1973.0,4849
2926509,Ribeira do Amparo,BA,Nordeste,51.91,51.87,-0.04,71.46,19.6,0.04,0.04,14.8,5.8,4.1,13841.0,4850
2707206,Poço das Trincheiras,AL,Nordeste,69.53,54.96,-14.57,74.57,19.6,0.04,0.04,2.9,5.4,4.07,12518.0,4851
1101302,Mirante da Serra,RO,Norte,86.69,69.15,-17.54,88.75,19.61,0.04,0.04,8.1,5.9,4.84,9235.0,4852
4114500,Manoel Ribas,PR,Sul,89.25,73.44,-15.81,93.05,19.61,0.04,0.04,11.3,7.1,5.22,14240.0,4853
2600203,Afrânio,PE,Nordeste,80.64,66.8,-13.84,86.43,19.63,0.04,0.04,1.4,7.2,4.29,18674.0,4854
3160603,Santo Hipólito,MG,Sudeste,100.0,68.95,-31.05,88.58,19.63,0.04,0.04,0.7,6.0,4.54,2717.0,4855
1712801,Maurilândia do Tocantins,TO,Norte,49.49,44.46,-5.03,64.09,19.63,0.04,0.04,2.1,5.1,4.38,3095.0,4856
2806909,São Francisco,SE,Nordeste,78.21,55.84,-22.37,75.48,19.64,0.04,0.04,11.3,5.3,4.33,3243.0,4857
5104609,Itiquira,MT,Centro-Oeste,72.48,60.42,-12.06,80.07,19.66,0.04,0.04,1.9,5.9,5.16,12236.0,4858
3132206,Itaguara,MG,Sudeste,92.01,68.0,-24.01,87.69,19.69,0.04,0.04,1.3,6.9,5.25,13846.0,4859
3146909,Papagaios,MG,Sudeste,81.91,62.9,-19.01,82.59,19.69,0.04,0.04,0.4,6.2,4.8,13920.0,4860
2304004,Coreaú,CE,Nordeste,100.0,80.0,-20.0,99.71,19.71,0.04,0.04,0.3,10.0,3.97,20953.0,4861
2928505,Santa Terezinha,BA,Nordeste,48.36,50.37,2.01,70.08,19.71,0.04,0.04,2.9,5.2,4.41,10441.0,4862
2505600,Diamante,PB,Nordeste,46.65,49.16,2.51,68.87,19.71,0.04,0.04,6.8,5.3,4.34,6299.0,4863
3149150,Pedras de Maria da Cruz,MG,Sudeste,63.67,51.82,-11.85,71.54,19.71,0.04,0.04,1.1,5.6,4.41,10433.0,4864
2919405,Licínio de Almeida,BA,Nordeste,99.16,77.24,-21.92,96.96,19.72,0.04,0.04,0.8,7.9,4.55,11834.0,4865
1101450,Parecis,RO,Norte,82.45,70.07,-12.38,89.79,19.72,0.04,0.04,5.6,6.1,4.94,4125.0,4866
3139904,Maria da Fé,MG,Sudeste,90.33,70.05,-20.28,89.77,19.72,0.04,0.04,0.5,7.2,5.05,14247.0,4867
2504850,Coxixola,PB,Nordeste,91.67,77.24,-14.43,96.97,19.73,0.04,0.04,4.3,7.6,4.53,1824.0,4868
2703106,Igaci,AL,Nordeste,59.83,52.57,-7.26,72.32,19.75,0.04,0.03,1.6,5.9,4.36,23995.0,4869
2603108,Cachoeirinha,PE,Nordeste,88.75,67.87,-20.88,87.63,19.76,0.04,0.03,6.9,5.9,4.37,19899.0,4870
2210375,São Luis do Piauí,PI,Nordeste,79.17,68.79,-10.38,88.55,19.76,0.04,0.03,0.7,6.8,4.3,2309.0,4871
5000203,Água Clara,MS,Centro-Oeste,87.41,74.72,-12.69,94.48,19.77,0.04,0.03,18.8,7.2,5.14,16741.0,4872
3104502,Arinos,MG,Sudeste,79.27,61.91,-17.36,81.69,19.78,0.04,0.03,2.8,6.2,4.76,17272.0,4873
2913309,Ichu,BA,Nordeste,49.38,51.66,2.28,71.46,19.8,0.04,0.03,5.4,5.5,4.6,6190.0,4874
2913101,Ibititá,BA,Nordeste,56.4,49.98,-6.42,69.8,19.82,0.04,0.03,4.9,5.5,4.53,16969.0,4875
1200609,Tarauacá,AC,Norte,66.27,57.0,-9.27,76.83,19.83,0.04,0.03,24.5,6.4,4.34,43467.0,4876
2513901,São Bento,PB,Nordeste,72.24,60.36,-11.88,80.2,19.84,0.04,0.03,10.2,6.3,4.3,32235.0,4877
2408201,Nísia Floresta,RN,Nordeste,82.74,54.19,-28.55,74.04,19.85,0.04,0.03,9.1,5.5,4.55,31942.0,4878
5200134,Acreúna,GO,Centro-Oeste,80.42,68.78,-11.64,88.64,19.86,0.04,0.03,3.6,7.2,5.04,21568.0,4879
3171071,Veredinha,MG,Sudeste,97.45,70.62,-26.83,90.5,19.88,0.04,0.03,2.2,7.4,4.67,5181.0,4880
2904753,Buritirama,BA,Nordeste,44.32,37.99,-6.33,57.87,19.89,0.04,0.03,6.0,5.2,4.35,19589.0,4881
2904803,Caatiba,BA,Nordeste,92.47,63.62,-28.85,83.53,19.91,0.04,0.03,12.2,5.5,4.56,6205.0,4882
2901809,Antônio Gonçalves,BA,Nordeste,76.91,54.45,-22.46,74.37,19.92,0.04,0.03,5.1,4.7,4.44,10862.0,4883
5100201,Água Boa,MT,Centro-Oeste,90.68,69.09,-21.59,89.02,19.93,0.04,0.03,0.8,7.1,5.27,29219.0,4884
5107198,Ribeirãozinho,MT,Centro-Oeste,66.65,63.88,-2.77,83.82,19.93,0.04,0.03,0.5,6.9,5.37,2593.0,4885
2900603,Aiquara,BA,Nordeste,54.61,52.24,-2.37,72.17,19.93,0.04,0.03,10.1,5.1,4.35,4447.0,4886
1100114,Jaru,RO,Norte,87.39,70.97,-16.42,90.91,19.94,0.04,0.03,2.1,6.4,4.91,50591.0,4887
3129202,Heliodora,MG,Sudeste,83.61,63.56,-20.05,83.51,19.95,0.04,0.03,4.8,6.6,5.16,6134.0,4888
2303659,Catunda,CE,Nordeste,98.84,80.0,-18.84,99.95,19.95,0.04,0.03,1.4,10.0,4.12,10444.0,4889
2202091,Caldeirão Grande do Piauí,PI,Nordeste,100.0,80.0,-20.0,99.96,19.96,0.04,0.03,1.8,6.7,4.19,5503.0,4890
3144201,Nacip Raydan,MG,Sudeste,85.56,68.88,-16.68,88.84,19.97,0.04,0.03,0.0,7.0,4.77,2459.0,4891
2614857,Tamandaré,PE,Nordeste,84.0,61.71,-22.29,81.72,20.01,0.04,0.03,6.8,6.0,4.52,23561.0,4892
3145505,Olímpio Noronha,MG,Sudeste,96.88,70.69,-26.19,90.7,20.01,0.04,0.03,9.8,6.6,4.95,2555.0,4893
5103205,Colíder,MT,Centro-Oeste,81.12,64.04,-17.08,84.05,20.02,0.04,0.03,2.2,6.7,5.19,31370.0,4894
2802403,Gararu,SE,Nordeste,60.49,44.55,-15.94,64.56,20.02,0.04,0.03,9.8,4.8,4.14,11096.0,4895
1720903,Taguatinga,TO,Norte,72.31,57.98,-14.33,78.02,20.04,0.04,0.03,9.9,6.2,4.71,14011.0,4896
2706901,Pilar,AL,Nordeste,72.64,57.55,-15.09,77.6,20.04,0.04,0.03,7.1,6.3,4.5,35370.0,4897
2112407,Turiaçu,MA,Nordeste,88.92,59.24,-29.68,79.29,20.05,0.04,0.03,2.5,4.4,4.11,37491.0,4898
2923506,Palmeiras,BA,Nordeste,78.31,61.07,-17.24,81.12,20.05,0.04,0.03,9.6,5.8,4.62,10339.0,4899
3115904,Chácara,MG,Sudeste,54.86,51.93,-2.93,71.98,20.06,0.04,0.03,4.7,6.1,5.14,3075.0,4900
3153103,Presidente Bernardes,MG,Sudeste,85.46,68.1,-17.36,88.16,20.06,0.04,0.03,0.8,7.4,4.67,4850.0,4901
2512606,Quixaba,PB,Nordeste,100.0,74.22,-25.78,94.31,20.09,0.04,0.03,2.9,6.8,4.45,1743.0,4902
1200708,Xapuri,AC,Norte,69.89,58.0,-11.89,78.09,20.09,0.04,0.03,20.5,6.2,4.52,18243.0,4903
2931301,Tapiramutá,BA,Nordeste,58.56,54.76,-3.8,74.86,20.1,0.04,0.03,2.2,6.3,4.08,15818.0,4904
5102694,Canabrava do Norte,MT,Centro-Oeste,59.28,55.78,-3.5,75.89,20.11,0.04,0.03,1.8,5.6,4.88,4485.0,4905
2601805,Betânia,PE,Nordeste,87.75,74.85,-12.9,94.96,20.12,0.04,0.03,4.6,6.0,4.1,11232.0,4906
2204303,Fronteiras,PI,Nordeste,100.0,80.0,-20.0,100.12,20.12,0.04,0.03,4.2,8.8,4.14,10259.0,4907
3536570,Paulistânia,SP,Sudeste,70.83,57.94,-12.89,78.07,20.12,0.04,0.03,0.7,6.9,5.08,2090.0,4908
2702801,Flexeiras,AL,Nordeste,59.86,55.8,-4.06,75.94,20.14,0.04,0.03,6.0,6.4,4.22,9618.0,4909
3118502,Consolação,MG,Sudeste,94.86,70.81,-24.05,90.95,20.14,0.04,0.03,0.0,6.6,4.98,1563.0,4910
5106265,Novo Mundo,MT,Centro-Oeste,83.97,66.31,-17.66,86.46,20.15,0.04,0.03,1.6,6.2,5.03,6520.0,4911
2413805,Taboleiro Grande,RN,Nordeste,97.29,62.01,-35.28,82.18,20.17,0.04,0.03,4.3,6.0,4.46,2338.0,4912
1101468,Pimenteiras do Oeste,RO,Norte,79.58,66.9,-12.68,87.07,20.17,0.04,0.03,6.1,5.7,4.76,2156.0,4913
4105102,Centenário do Sul,PR,Sul,77.11,66.64,-10.47,86.81,20.17,0.04,0.03,2.3,6.8,5.1,10832.0,4914
2700201,Anadia,AL,Nordeste,77.35,66.21,-11.14,86.4,20.18,0.04,0.03,3.9,7.2,4.2,13966.0,4915
2912400,Ibipeba,BA,Nordeste,58.71,52.61,-6.1,72.8,20.19,0.04,0.03,4.6,6.2,4.47,16603.0,4916
3302304,Laje do Muriaé,RJ,Sudeste,83.37,61.87,-21.5,82.06,20.2,0.04,0.03,11.9,6.0,4.78,7336.0,4917
2513208,Santa Cruz,PB,Nordeste,79.95,65.88,-14.07,86.08,20.2,0.04,0.03,1.9,6.8,4.42,5947.0,4918
2210706,Simões,PI,Nordeste,90.54,73.85,-16.69,94.05,20.2,0.04,0.03,1.3,7.5,4.3,14350.0,4919
5214838,Nova Crixás,GO,Centro-Oeste,89.86,71.75,-18.11,91.95,20.21,0.04,0.03,8.4,6.2,4.99,12815.0,4920
2312809,Senador Sá,CE,Nordeste,100.0,80.0,-20.0,100.21,20.21,0.04,0.03,0.2,9.1,4.08,7262.0,4921
4112900,Jundiaí do Sul,PR,Sul,84.91,67.95,-16.96,88.2,20.25,0.04,0.03,12.4,6.2,5.05,3333.0,4922
2104206,Fortuna,MA,Nordeste,75.86,59.19,-16.67,79.46,20.26,0.04,0.03,2.8,5.4,4.4,16976.0,4923
2203701,Esperantina,PI,Nordeste,85.16,68.0,-17.16,88.27,20.27,0.04,0.03,3.7,6.7,4.18,40970.0,4924
2916500,Itapicuru,BA,Nordeste,60.84,51.42,-9.42,71.7,20.28,0.04,0.03,13.7,5.8,4.13,31679.0,4925
2708956,Senador Rui Palmeira,AL,Nordeste,75.2,65.42,-9.78,85.7,20.28,0.04,0.03,3.8,6.5,3.91,12303.0,4926
2211209,Uruçuí,PI,Nordeste,57.7,51.2,-6.5,71.49,20.29,0.04,0.03,9.3,5.4,4.44,25203.0,4927
5106299,Paranaíta,MT,Centro-Oeste,93.44,69.89,-23.55,90.19,20.29,0.04,0.03,1.6,6.8,5.02,11671.0,4928
5108006,Tapurah,MT,Centro-Oeste,84.72,67.48,-17.24,87.79,20.3,0.04,0.03,0.4,6.3,5.18,14370.0,4929
2307908,Martinópole,CE,Nordeste,100.0,80.0,-20.0,100.31,20.31,0.04,0.03,0.6,7.8,4.01,10846.0,4930
5103502,Diamantino,MT,Centro-Oeste,80.34,65.53,-14.81,85.86,20.33,0.04,0.03,0.7,6.1,5.11,21941.0,4931
2707107,Piranhas,AL,Nordeste,51.16,48.96,-2.2,69.32,20.36,0.04,0.03,4.6,5.9,4.31,22609.0,4932
2210003,São João do Piauí,PI,Nordeste,70.55,61.41,-9.14,81.76,20.36,0.04,0.03,2.9,6.1,4.24,21421.0,4933
5105002,Jauru,MT,Centro-Oeste,70.6,62.68,-7.92,83.05,20.37,0.04,0.03,1.7,6.5,5.03,8367.0,4934
2202406,Capitão de Campos,PI,Nordeste,69.78,66.34,-3.44,86.71,20.38,0.04,0.03,4.9,6.0,4.03,11100.0,4935
2922607,Nilo Peçanha,BA,Nordeste,70.55,56.63,-13.92,77.01,20.38,0.04,0.03,12.9,5.9,4.3,12063.0,4936
3546256,Santa Cruz da Esperança,SP,Sudeste,95.83,62.27,-33.56,82.66,20.4,0.04,0.03,2.8,6.2,5.3,2116.0,4937
5004908,Jaraguari,MS,Centro-Oeste,80.7,58.07,-22.63,78.47,20.4,0.04,0.03,18.6,5.5,5.07,7139.0,4938
2900306,Acajutiba,BA,Nordeste,56.47,44.8,-11.67,65.2,20.4,0.04,0.03,12.9,4.7,4.1,13795.0,4939
1100601,Cacaulândia,RO,Norte,90.07,66.82,-23.25,87.23,20.4,0.04,0.03,7.9,5.5,4.83,4150.0,4940
2900207,Abaré,BA,Nordeste,52.72,51.56,-1.16,71.96,20.4,0.04,0.03,7.5,6.5,4.14,17639.0,4941
1200302,Feijó,AC,Norte,78.72,63.0,-15.72,83.41,20.41,0.04,0.03,28.0,6.2,4.42,35426.0,4942
2512200,Prata,PB,Nordeste,71.08,63.09,-7.99,83.51,20.42,0.04,0.03,1.2,5.9,4.57,3915.0,4943
2514404,São José de Espinharas,PB,Nordeste,82.35,67.68,-14.67,88.1,20.43,0.04,0.03,4.5,6.2,4.37,4083.0,4944
5102678,Campo Verde,MT,Centro-Oeste,85.71,67.63,-18.08,88.06,20.43,0.04,0.03,1.3,7.1,5.2,44585.0,4945
2201408,Barro Duro,PI,Nordeste,74.48,57.98,-16.5,78.43,20.45,0.04,0.03,9.3,5.0,4.29,6640.0,4946
2708808,São Sebastião,AL,Nordeste,72.35,57.0,-15.35,77.47,20.48,0.04,0.03,4.5,6.6,4.26,31786.0,4947
3133204,Itanhomi,MG,Sudeste,77.94,59.58,-18.36,80.05,20.48,0.04,0.03,4.3,6.4,5.09,11128.0,4948
2704401,Major Isidoro,AL,Nordeste,64.85,59.0,-5.85,79.49,20.48,0.04,0.03,2.1,6.4,4.07,17700.0,4949
2201507,Batalha,PI,Nordeste,80.58,61.03,-19.55,81.51,20.49,0.04,0.03,7.3,5.3,4.09,26300.0,4950
3101201,Aiuruoca,MG,Sudeste,95.15,67.17,-27.98,87.66,20.49,0.04,0.03,6.6,6.5,5.01,6233.0,4951
2920908,Mascote,BA,Nordeste,46.98,47.04,0.06,67.54,20.5,0.04,0.03,11.4,4.8,4.28,13544.0,4952
5213756,Montividiu,GO,Centro-Oeste,89.75,72.56,-17.19,93.09,20.53,0.04,0.03,4.3,7.4,5.21,12521.0,4953
3156205,Rochedo de Minas,MG,Sudeste,93.42,67.8,-25.62,88.35,20.55,0.04,0.03,7.2,7.1,5.04,2291.0,4954
1720309,São Sebastião do Tocantins,TO,Norte,59.57,50.32,-9.25,70.89,20.56,0.04,0.03,3.5,5.2,4.39,4100.0,4955
3171402,Vieiras,MG,Sudeste,76.2,64.66,-11.54,85.23,20.57,0.04,0.03,2.0,6.9,4.86,3700.0,4956
3135605,Jequitaí,MG,Sudeste,78.96,58.92,-20.04,79.5,20.58,0.04,0.03,1.2,6.0,4.62,6484.0,4957
2904050,Bonito,BA,Nordeste,77.27,59.07,-18.2,79.66,20.59,0.04,0.03,6.4,5.5,4.39,15844.0,4958
3547007,Santa Maria da Serra,SP,Sudeste,89.62,64.61,-25.01,85.22,20.6,0.04,0.03,2.1,9.1,5.15,5243.0,4959
2103174,Centro Novo do Maranhão,MA,Nordeste,75.36,58.98,-16.38,79.59,20.61,0.04,0.03,9.6,4.8,4.17,16267.0,4960
3127206,Funilândia,MG,Sudeste,93.69,65.16,-28.53,85.78,20.61,0.04,0.03,1.3,6.2,4.9,4686.0,4961
2205300,Jerumenha,PI,Nordeste,60.88,50.15,-10.73,70.77,20.63,0.04,0.03,14.4,5.2,4.22,4497.0,4962
2308807,Moraújo,CE,Nordeste,99.01,80.0,-19.01,100.65,20.65,0.04,0.03,1.1,7.4,3.8,8254.0,4963
5201504,Aporé,GO,Centro-Oeste,91.72,70.53,-21.19,91.19,20.65,0.04,0.03,3.0,6.6,5.21,4325.0,4964
2606705,Ibirajuba,PE,Nordeste,76.48,58.58,-17.9,79.23,20.65,0.04,0.03,5.4,5.8,4.44,7140.0,4965
2202455,Capitão Gervásio Oliveira,PI,Nordeste,90.0,72.22,-17.78,92.89,20.67,0.04,0.03,4.9,5.7,4.13,3974.0,4966
2514107,São João do Tigre,PB,Nordeste,82.29,57.04,-25.25,77.76,20.72,0.04,0.03,8.4,4.5,4.23,4263.0,4967
1718659,Rio da Conceição,TO,Norte,42.86,42.81,-0.05,63.55,20.74,0.04,0.03,9.1,4.6,4.69,1768.0,4968
2210656,Sigefredo Pacheco,PI,Nordeste,71.78,61.85,-9.93,82.59,20.75,0.04,0.03,2.3,6.0,4.24,9460.0,4969
2512002,Pocinhos,PB,Nordeste,72.94,60.19,-12.75,80.97,20.79,0.04,0.03,8.8,6.3,4.43,17469.0,4970
2504157,Casserengue,PB,Nordeste,81.98,63.36,-18.62,84.16,20.8,0.04,0.03,3.2,6.4,4.33,6889.0,4971
2500536,Alcantil,PB,Nordeste,75.89,60.45,-15.44,81.26,20.81,0.04,0.03,7.3,5.9,4.66,5578.0,4972
5006903,Porto Murtinho,MS,Centro-Oeste,64.86,53.07,-11.79,73.89,20.82,0.04,0.03,19.5,5.4,4.8,12859.0,4973
5105176,Juruena,MT,Centro-Oeste,88.25,69.4,-18.85,90.25,20.85,0.04,0.03,7.4,6.3,4.96,10213.0,4974
2503803,Caldas Brandão,PB,Nordeste,91.67,66.97,-24.7,87.82,20.85,0.04,0.03,11.9,6.1,4.4,5753.0,4975
2207009,Oeiras,PI,Nordeste,86.91,72.53,-14.38,93.4,20.87,0.04,0.03,1.1,7.0,4.22,38161.0,4976
5203104,Baliza,GO,Centro-Oeste,88.0,71.71,-16.29,92.59,20.88,0.04,0.03,3.0,6.7,5.02,3351.0,4977
2930303,Serra Dourada,BA,Nordeste,62.58,52.05,-10.53,72.95,20.89,0.04,0.03,2.8,5.8,4.4,17066.0,4978
2918506,Jussara,BA,Nordeste,58.49,47.75,-10.74,68.66,20.91,0.04,0.03,4.6,5.5,4.23,16354.0,4979
4110003,Iguaraçu,PR,Sul,74.26,64.91,-9.35,85.85,20.94,0.04,0.03,9.3,6.9,,5338.0,4980
3136603,Nova União,MG,Sudeste,86.55,63.37,-23.18,84.31,20.94,0.04,0.03,5.7,6.3,5.0,5909.0,4981
2903003,Barra do Mendes,BA,Nordeste,61.63,58.53,-3.1,79.52,20.99,0.04,0.03,1.1,6.3,4.24,13836.0,4982
3116100,Chapada do Norte,MG,Sudeste,79.89,59.6,-20.29,80.59,20.99,0.04,0.03,0.6,6.3,4.36,10337.0,4983
3104452,Aricanduva,MG,Sudeste,91.56,67.76,-23.8,88.75,20.99,0.04,0.03,0.3,7.0,4.4,4719.0,4984
3157500,Santa Efigênia de Minas,MG,Sudeste,83.86,60.85,-23.01,81.85,21.0,0.04,0.03,0.7,5.6,4.89,4039.0,4985
3114907,Casa Grande,MG,Sudeste,100.0,73.98,-26.02,94.99,21.02,0.03,0.03,1.8,7.5,5.11,2214.0,4986
3135902,Jesuânia,MG,Sudeste,88.66,70.58,-18.08,91.63,21.05,0.03,0.03,9.1,7.2,5.04,5138.0,4987
2203206,Curimatá,PI,Nordeste,98.61,73.69,-24.92,94.74,21.05,0.03,0.03,6.0,6.2,4.2,11270.0,4988
3145059,Nova Porteirinha,MG,Sudeste,83.01,59.85,-23.16,80.91,21.06,0.03,0.03,0.3,5.9,4.45,6706.0,4989
1707108,Divinópolis do Tocantins,TO,Norte,75.24,58.44,-16.8,79.49,21.06,0.03,0.03,2.2,5.7,4.81,7024.0,4990
2918357,João Dourado,BA,Nordeste,70.44,55.76,-14.68,76.82,21.06,0.03,0.03,4.2,5.9,4.31,24854.0,4991
2915007,Itaeté,BA,Nordeste,66.22,59.71,-6.51,80.78,21.07,0.03,0.03,3.1,6.7,4.35,13472.0,4992
2506905,Itabaiana,PB,Nordeste,47.73,49.41,1.68,70.49,21.08,0.03,0.03,6.6,5.8,4.28,23182.0,4993
2911501,Gongogi,BA,Nordeste,63.15,51.18,-11.97,72.31,21.13,0.03,0.03,12.8,4.8,4.4,5555.0,4994
2506202,Frei Martinho,PB,Nordeste,69.23,58.21,-11.02,79.35,21.14,0.03,0.03,1.4,6.0,4.71,2846.0,4995
2922052,Mulungu do Morro,BA,Nordeste,54.0,47.0,-7.0,68.17,21.17,0.03,0.03,9.0,5.8,4.38,13152.0,4996
2516805,Triunfo,PB,Nordeste,92.03,64.47,-27.56,85.65,21.18,0.03,0.03,5.7,6.1,4.28,9892.0,4997
2906204,Canarana,BA,Nordeste,61.93,52.21,-9.72,73.39,21.18,0.03,0.03,1.4,5.6,4.29,24206.0,4998
2612307,Saloá,PE,Nordeste,83.38,68.58,-14.8,89.77,21.18,0.03,0.03,3.9,7.8,4.27,13836.0,4999
2408508,Ouro Branco,RN,Nordeste,81.49,59.34,-22.15,80.55,21.21,0.03,0.03,2.0,6.9,4.72,4913.0,5000
2111003,São João Batista,MA,Nordeste,68.62,52.43,-16.19,73.66,21.22,0.03,0.03,8.6,4.9,4.17,18544.0,5001
2209708,São Francisco do Piauí,PI,Nordeste,84.64,68.6,-16.04,89.84,21.24,0.03,0.03,4.5,6.4,4.08,5392.0,5002
3156304,Rodeiro,MG,Sudeste,83.48,61.61,-21.87,82.87,21.25,0.03,0.03,1.7,6.7,5.06,8664.0,5003
2205359,João Costa,PI,Nordeste,91.89,64.98,-26.91,86.24,21.26,0.03,0.03,11.7,4.9,4.29,2970.0,5004
4118303,Paranapoema,PR,Sul,96.88,69.13,-27.75,90.41,21.27,0.03,0.03,3.8,6.6,5.28,2398.0,5005
5108352,Vale de São Domingos,MT,Centro-Oeste,76.28,63.81,-12.47,85.1,21.29,0.03,0.03,0.9,,4.96,2904.0,5006
2201176,Barra D'Alcântara,PI,Nordeste,91.5,70.11,-21.39,91.4,21.29,0.03,0.03,0.4,6.0,4.41,3995.0,5007
5005152,Juti,MS,Centro-Oeste,64.62,47.29,-17.33,68.6,21.31,0.03,0.03,23.1,4.9,5.07,6729.0,5008
5218607,Rialma,GO,Centro-Oeste,94.45,73.7,-20.75,95.01,21.32,0.03,0.03,2.0,7.2,5.12,12165.0,5009
5108105,Tesouro,MT,Centro-Oeste,75.48,63.0,-12.48,84.36,21.36,0.03,0.03,0.5,6.1,4.86,3025.0,5010
2500700,São João do Rio do Peixe,PB,Nordeste,78.27,60.15,-18.12,81.52,21.37,0.03,0.03,6.0,6.3,4.5,17964.0,5011
2112001,Tasso Fragoso,MA,Nordeste,75.49,61.82,-13.67,83.2,21.38,0.03,0.03,12.4,5.6,4.47,8862.0,5012
2511608,Pilões,PB,Nordeste,79.22,59.97,-19.25,81.36,21.39,0.03,0.03,7.5,5.9,4.14,6815.0,5013
2701605,Canapi,AL,Nordeste,79.42,62.03,-17.39,83.44,21.4,0.03,0.03,4.0,6.6,4.05,15559.0,5014
3140605,Materlândia,MG,Sudeste,73.08,57.27,-15.81,78.67,21.4,0.03,0.03,4.7,6.0,4.65,3963.0,5015
3139250,Mamonas,MG,Sudeste,62.19,59.03,-3.16,80.44,21.41,0.03,0.03,0.0,6.9,4.63,5997.0,5016
3165503,Sardoá,MG,Sudeste,81.9,62.2,-19.7,83.61,21.41,0.03,0.03,4.3,,4.69,5104.0,5017
5106182,Nova Lacerda,MT,Centro-Oeste,93.57,67.1,-26.47,88.51,21.41,0.03,0.03,2.4,6.1,4.9,6670.0,5018
3129905,Ibitiúra de Minas,MG,Sudeste,69.08,57.85,-11.23,79.27,21.42,0.03,0.03,0.0,6.7,5.14,3365.0,5019
2200954,Aroeiras do Itaim,PI,Nordeste,40.91,66.16,25.25,87.58,21.42,0.03,0.03,2.1,6.8,3.97,2690.0,5020
2101707,Barreirinhas,MA,Nordeste,82.19,64.61,-17.58,86.04,21.42,0.03,0.03,2.0,6.1,4.13,65589.0,5021
2921609,Morpará,BA,Nordeste,63.92,53.93,-9.99,75.36,21.43,0.03,0.03,1.3,5.3,4.22,7996.0,5022
1303601,Santa Isabel do Rio Negro,AM,Norte,66.73,50.43,-16.3,71.87,21.43,0.03,0.03,12.7,5.0,4.21,14164.0,5023
2924108,Pedrão,BA,Nordeste,58.4,45.69,-12.71,67.13,21.44,0.03,0.03,17.8,4.1,4.31,6235.0,5024
1100452,Buritis,RO,Norte,76.0,64.34,-11.66,85.77,21.44,0.03,0.03,5.1,6.2,4.86,27992.0,5025
2928307,Santanópolis,BA,Nordeste,53.65,41.0,-12.65,62.44,21.44,0.03,0.03,14.5,4.4,4.37,8716.0,5026
4311130,Jari,RS,Sul,68.13,52.0,-16.13,73.45,21.45,0.03,0.03,1.1,6.8,5.25,3349.0,5027
2910909,Firmino Alves,BA,Nordeste,82.25,56.91,-25.34,78.37,21.46,0.03,0.03,18.4,5.5,4.23,4873.0,5028
3119302,Coromandel,MG,Sudeste,85.98,60.03,-25.95,81.49,21.46,0.03,0.03,1.0,6.9,5.23,28894.0,5029
5002605,Camapuã,MS,Centro-Oeste,65.15,54.21,-10.94,75.71,21.51,0.03,0.03,10.9,5.6,5.11,13583.0,5030
1507003,Santo Antônio do Tauá,PA,Norte,61.52,49.7,-11.82,71.22,21.52,0.03,0.03,15.0,5.1,4.24,27461.0,5031
4113601,Lobato,PR,Sul,87.12,70.49,-16.63,92.01,21.52,0.03,0.03,6.8,7.7,,4601.0,5032
2112506,Tutóia,MA,Nordeste,73.69,57.58,-16.11,79.11,21.53,0.03,0.03,6.9,6.3,4.18,53356.0,5033
3135506,Jequeri,MG,Sudeste,88.71,68.26,-20.45,89.82,21.56,0.03,0.03,1.6,6.9,4.53,12419.0,5034
2925253,Ponto Novo,BA,Nordeste,58.88,47.73,-11.15,69.3,21.57,0.03,0.03,11.5,5.5,4.38,17938.0,5035
5216403,Paraúna,GO,Centro-Oeste,100.0,70.47,-29.53,92.06,21.59,0.03,0.03,4.9,6.9,5.2,10659.0,5036
4128302,Uniflor,PR,Sul,95.64,69.66,-25.98,91.25,21.59,0.03,0.03,5.9,7.6,5.15,2136.0,5037
2515500,Serra Branca,PB,Nordeste,95.2,68.32,-26.88,89.92,21.6,0.03,0.03,8.6,6.6,4.5,13614.0,5038
1200351,Marechal Thaumaturgo,AC,Norte,77.01,53.0,-24.01,74.62,21.62,0.03,0.03,23.9,4.6,3.94,17093.0,5039
4120200,Porto Rico,PR,Sul,92.52,69.75,-22.77,91.38,21.63,0.03,0.03,12.0,7.4,5.41,3182.0,5040
3142106,Miradouro,MG,Sudeste,88.88,62.98,-25.9,84.63,21.65,0.03,0.03,5.1,7.1,4.95,8968.0,5041
1100056,Cerejeiras,RO,Norte,89.69,68.81,-20.88,90.47,21.66,0.03,0.03,5.3,6.2,5.08,15890.0,5042
5207501,Estrela do Norte,GO,Centro-Oeste,100.0,73.17,-26.83,94.84,21.67,0.03,0.03,1.9,6.8,5.0,3205.0,5043
1505601,Peixe-Boi,PA,Norte,87.36,66.38,-20.98,88.05,21.67,0.03,0.03,14.0,5.7,4.29,8285.0,5044
4202503,Bom Jardim da Serra,SC,Sul,80.08,59.32,-20.76,81.0,21.68,0.03,0.03,4.0,5.9,5.32,4026.0,5045
1718907,Santa Rosa do Tocantins,TO,Norte,56.87,45.81,-11.06,67.5,21.69,0.03,0.03,2.1,4.8,4.58,4653.0,5046
2706802,Piaçabuçu,AL,Nordeste,70.52,53.91,-16.61,75.61,21.71,0.03,0.03,3.3,5.6,4.36,15908.0,5047
2911204,Gandu,BA,Nordeste,73.19,54.89,-18.3,76.61,21.72,0.03,0.03,11.3,5.9,4.34,32178.0,5048
2912509,Ibipitanga,BA,Nordeste,72.05,61.31,-10.74,83.06,21.75,0.03,0.03,1.9,7.0,4.6,13863.0,5049
5108600,Vila Rica,MT,Centro-Oeste,79.87,63.32,-16.55,85.07,21.76,0.03,0.03,6.5,6.0,4.99,19888.0,5050
3107604,Bom Jesus da Penha,MG,Sudeste,85.06,65.08,-19.98,86.85,21.77,0.03,0.03,0.0,7.2,4.95,4474.0,5051
4118808,Peabiru,PR,Sul,94.31,74.35,-19.96,96.13,21.78,0.03,0.03,10.9,7.5,5.24,13346.0,5052
1715705,Palmeirante,TO,Norte,30.67,32.58,1.91,54.36,21.78,0.03,0.03,15.1,4.9,4.36,4798.0,5053
5221007,Taquaral de Goiás,GO,Centro-Oeste,97.48,74.41,-23.07,96.22,21.82,0.03,0.03,0.9,8.2,5.05,4026.0,5054
3140555,Mata Verde,MG,Sudeste,89.29,66.95,-22.34,88.78,21.83,0.03,0.03,6.4,7.1,4.46,9112.0,5055
2103901,Duque Bacelar,MA,Nordeste,94.03,74.3,-19.73,96.15,21.85,0.03,0.03,8.6,8.1,3.94,10223.0,5056
2922102,Mundo Novo,BA,Nordeste,52.72,50.36,-2.36,72.21,21.85,0.03,0.03,5.6,6.0,4.27,17305.0,5057
2933059,Várzea da Roça,BA,Nordeste,60.21,54.45,-5.76,76.32,21.87,0.03,0.03,11.1,6.0,4.31,13800.0,5058
3131604,Iraí de Minas,MG,Sudeste,79.12,58.04,-21.08,79.93,21.89,0.03,0.03,4.4,6.2,4.98,7180.0,5059
2203750,Fartura do Piauí,PI,Nordeste,75.48,56.99,-18.49,78.88,21.9,0.03,0.03,7.0,5.0,4.15,5284.0,5060
2918753,Lagoa Real,BA,Nordeste,54.87,46.24,-8.63,68.14,21.9,0.03,0.03,11.6,5.5,4.63,14105.0,5061
2502508,Boqueirão,PB,Nordeste,74.04,57.8,-16.24,79.71,21.92,0.03,0.03,18.1,6.0,4.46,17598.0,5062
4214102,Presidente Nereu,SC,Sul,96.65,65.3,-31.35,87.22,21.92,0.03,0.03,5.4,6.9,5.38,2301.0,5063
3127057,Fronteira dos Vales,MG,Sudeste,77.71,57.36,-20.35,79.27,21.92,0.03,0.03,2.1,6.2,4.61,4345.0,5064
2102200,Buriti,MA,Nordeste,84.84,61.74,-23.1,83.67,21.93,0.03,0.03,4.8,5.2,3.97,29685.0,5065
3200359,Alto Rio Novo,ES,Sudeste,95.97,71.89,-24.08,93.86,21.97,0.03,0.03,7.2,7.7,4.88,7434.0,5066
5103437,Curvelândia,MT,Centro-Oeste,84.01,54.88,-29.13,76.87,21.99,0.03,0.03,1.6,5.0,4.9,4903.0,5067
2901304,Andaraí,BA,Nordeste,78.87,61.65,-17.22,83.66,22.01,0.03,0.03,5.6,6.4,4.33,13080.0,5068
5216809,Petrolina de Goiás,GO,Centro-Oeste,95.91,69.18,-26.73,91.19,22.0,0.03,0.03,6.6,6.6,4.99,9573.0,5069
2921054,Matina,BA,Nordeste,74.67,59.93,-14.74,81.96,22.03,0.03,0.03,2.9,6.0,4.31,10330.0,5070
2701308,Cajueiro,AL,Nordeste,63.64,50.46,-13.18,72.52,22.06,0.03,0.02,7.4,5.6,4.32,16024.0,5071
2205565,Lagoa do Barro do Piauí,PI,Nordeste,85.31,67.36,-17.95,89.41,22.06,0.03,0.02,6.7,6.3,4.48,4995.0,5072
5003504,Douradina,MS,Centro-Oeste,72.2,51.92,-20.28,73.99,22.07,0.03,0.02,10.3,4.8,4.91,5578.0,5073
2514305,São José de Caiana,PB,Nordeste,76.33,63.48,-12.85,85.55,22.08,0.03,0.02,6.3,6.7,4.35,5034.0,5074
3154150,Reduto,MG,Sudeste,84.83,58.64,-26.19,80.72,22.08,0.03,0.02,3.6,6.4,4.93,7848.0,5075
2501351,Assunção,PB,Nordeste,78.24,63.57,-14.67,85.66,22.09,0.03,0.02,7.3,6.3,4.59,4152.0,5076
5105309,Luciara,MT,Centro-Oeste,77.98,57.59,-20.39,79.71,22.12,0.03,0.02,14.3,4.8,4.76,2509.0,5077
5209804,Hidrolina,GO,Centro-Oeste,97.25,73.72,-23.53,95.85,22.13,0.03,0.02,0.9,7.2,5.1,3545.0,5078
2700607,Barra de São Miguel,AL,Nordeste,61.28,53.94,-7.34,76.11,22.18,0.03,0.02,9.6,6.2,4.57,7944.0,5079
1703701,Brejinho de Nazaré,TO,Norte,82.22,57.85,-24.37,80.04,22.18,0.03,0.02,5.6,5.4,4.86,4725.0,5080
2411007,Rodolfo Fernandes,RN,Nordeste,66.96,53.54,-13.42,75.77,22.22,0.03,0.02,8.3,5.9,4.56,4242.0,5081
2801603,Cedro de São João,SE,Nordeste,66.1,46.96,-19.14,69.19,22.23,0.03,0.02,2.9,5.6,4.49,5391.0,5082
2510659,Parari,PB,Nordeste,100.0,71.38,-28.62,93.63,22.24,0.03,0.02,3.0,6.8,4.63,1720.0,5083
4106100,Conselheiro Mairinck,PR,Sul,74.87,65.22,-9.65,87.47,22.24,0.03,0.02,6.2,6.9,5.22,3461.0,5084
2506400,Gurinhém,PB,Nordeste,78.38,56.04,-22.34,78.29,22.24,0.03,0.02,5.4,4.5,4.12,13766.0,5085
2609303,Mirandiba,PE,Nordeste,65.93,56.26,-9.67,78.5,22.25,0.03,0.02,5.9,5.8,4.24,14166.0,5086
2510006,Nazarezinho,PB,Nordeste,70.04,56.89,-13.15,79.14,22.26,0.03,0.02,1.8,5.9,4.1,7203.0,5087
2927101,Rodelas,BA,Nordeste,48.56,47.81,-0.75,70.09,22.28,0.03,0.02,12.0,5.7,4.59,10308.0,5088
5203575,Bonópolis,GO,Centro-Oeste,76.1,63.85,-12.25,86.16,22.31,0.03,0.02,4.4,5.8,4.77,3299.0,5089
3121902,Divinésia,MG,Sudeste,82.04,60.66,-21.38,82.97,22.31,0.03,0.02,1.1,5.8,5.03,4226.0,5090
2207959,Nova Santa Rita,PI,Nordeste,78.68,63.39,-15.29,85.71,22.31,0.03,0.02,6.6,5.9,4.09,4076.0,5091
2111532,São Pedro da Água Branca,MA,Nordeste,72.67,54.69,-17.98,77.01,22.32,0.03,0.02,9.9,5.2,4.46,14338.0,5092
2102374,Cachoeira Grande,MA,Nordeste,75.34,59.62,-15.72,81.95,22.34,0.03,0.02,4.4,5.7,3.96,9732.0,5093
2506301,Guarabira,PB,Nordeste,75.44,56.67,-18.77,79.01,22.34,0.03,0.02,10.1,5.9,4.39,57484.0,5094
2204709,Inhuma,PI,Nordeste,85.77,67.21,-18.56,89.56,22.35,0.03,0.02,2.9,6.4,4.31,14958.0,5095
2905503,Caldeirão Grande,BA,Nordeste,45.92,46.19,0.27,68.54,22.35,0.03,0.02,1.2,5.6,4.29,13080.0,5096
2921807,Mortugaba,BA,Nordeste,93.67,74.09,-19.58,96.46,22.37,0.03,0.02,1.2,7.5,4.57,11143.0,5097
2207108,Olho D'Água do Piauí,PI,Nordeste,95.0,70.81,-24.19,93.2,22.39,0.03,0.02,0.6,6.5,4.5,2637.0,5098
2900355,Adustina,BA,Nordeste,78.14,61.59,-16.55,83.98,22.39,0.03,0.02,20.6,6.7,4.09,14201.0,5099
2414456,Triunfo Potiguar,RN,Nordeste,35.76,28.0,-7.76,50.41,22.41,0.03,0.02,10.9,4.8,4.29,3376.0,5100
1703057,Bandeirantes do Tocantins,TO,Norte,62.26,56.37,-5.89,78.82,22.45,0.03,0.02,4.2,,4.76,3407.0,5101
2509701,Monteiro,PB,Nordeste,86.39,67.03,-19.36,89.5,22.47,0.03,0.02,1.8,7.0,4.5,32277.0,5102
2209377,Santa Rosa do Piauí,PI,Nordeste,88.44,70.06,-18.38,92.54,22.48,0.03,0.02,1.1,6.3,4.22,4650.0,5103
4211850,Ouro Verde,SC,Sul,80.77,61.52,-19.25,84.01,22.49,0.03,0.02,2.1,6.4,5.34,2181.0,5104
1701051,Angico,TO,Norte,75.0,59.05,-15.95,81.54,22.49,0.03,0.02,2.4,5.9,4.62,2876.0,5105
2504207,Catingueira,PB,Nordeste,66.36,54.59,-11.77,77.17,22.59,0.03,0.02,6.0,5.2,4.25,4491.0,5106
5219803,São Domingos,GO,Centro-Oeste,78.96,62.13,-16.83,84.72,22.59,0.03,0.02,4.9,6.3,4.8,9711.0,5107
2920304,Malhada de Pedras,BA,Nordeste,95.8,74.8,-21.0,97.41,22.61,0.03,0.02,7.8,7.9,4.32,8670.0,5108
5103254,Colniza,MT,Centro-Oeste,78.57,59.94,-18.63,82.56,22.62,0.03,0.02,4.1,5.9,4.74,25766.0,5109
2207405,Palmeira do Piauí,PI,Nordeste,100.0,75.05,-24.95,97.67,22.63,0.03,0.02,16.5,7.4,4.51,4952.0,5110
1101435,Nova União,RO,Norte,87.71,69.87,-17.84,92.51,22.64,0.03,0.02,6.7,6.6,4.83,6200.0,5111
3515129,Emilianópolis,SP,Sudeste,82.76,63.33,-19.43,85.98,22.65,0.03,0.02,1.9,8.2,5.13,3014.0,5112
5006408,Pedro Gomes,MS,Centro-Oeste,70.28,55.14,-15.14,77.79,22.64,0.03,0.02,20.3,5.7,5.1,6941.0,5113
2205409,Joaquim Pires,PI,Nordeste,85.77,67.29,-18.48,90.0,22.71,0.03,0.02,4.5,6.7,3.91,13886.0,5114
4126702,Tamboara,PR,Sul,85.01,63.16,-21.85,85.87,22.71,0.03,0.02,4.6,6.4,5.13,4880.0,5115
2502102,Boa Ventura,PB,Nordeste,72.22,51.77,-20.45,74.48,22.71,0.03,0.02,4.6,4.9,4.31,5207.0,5116
5100250,Alta Floresta,MT,Centro-Oeste,87.64,66.26,-21.38,88.97,22.72,0.03,0.02,1.5,6.6,5.07,58613.0,5117
2102150,Brejo de Areia,MA,Nordeste,72.24,54.88,-17.36,77.62,22.74,0.03,0.02,6.3,5.6,4.2,9218.0,5118
3158706,Santana do Garambéu,MG,Sudeste,90.0,63.01,-26.99,85.76,22.75,0.03,0.02,0.8,5.7,4.77,2137.0,5119
2926103,Retirolândia,BA,Nordeste,49.59,43.68,-5.91,66.44,22.75,0.03,0.02,6.6,5.2,4.5,13651.0,5120
2508901,Mamanguape,PB,Nordeste,80.61,62.4,-18.21,85.15,22.76,0.03,0.02,7.9,7.0,4.29,44599.0,5121
5202155,Araguapaz,GO,Centro-Oeste,84.46,60.82,-23.64,83.58,22.76,0.03,0.02,2.9,5.6,5.05,7153.0,5122
5202809,Avelinópolis,GO,Centro-Oeste,91.02,75.36,-15.66,98.13,22.77,0.03,0.02,1.7,8.0,4.75,2868.0,5123
2208650,Queimada Nova,PI,Nordeste,92.31,69.66,-22.65,92.44,22.78,0.03,0.02,2.0,6.7,4.12,8738.0,5124
2500908,Arara,PB,Nordeste,80.85,56.2,-24.65,78.98,22.78,0.03,0.02,5.3,5.5,4.28,12212.0,5125
2403400,Equador,RN,Nordeste,55.29,45.52,-9.77,68.31,22.79,0.03,0.02,3.3,6.2,4.45,5360.0,5126
2405702,Jardim do Seridó,RN,Nordeste,64.57,50.46,-14.11,73.26,22.8,0.03,0.02,3.5,6.3,4.69,11655.0,5127
2204204,Francisco Santos,PI,Nordeste,73.73,61.18,-12.55,84.0,22.82,0.03,0.02,2.5,6.0,4.23,8237.0,5128
3128253,Guaraciama,MG,Sudeste,78.63,60.1,-18.53,82.93,22.83,0.03,0.02,0.7,6.7,4.62,5051.0,5129
2501708,Barra de São Miguel,PB,Nordeste,94.45,69.8,-24.65,92.67,22.86,0.03,0.02,1.8,7.0,4.61,5906.0,5130
1508035,Tracuateua,PA,Norte,91.42,63.63,-27.79,86.49,22.87,0.03,0.02,12.0,6.3,3.95,28595.0,5131
5106455,Planalto da Serra,MT,Centro-Oeste,97.37,68.85,-28.52,91.73,22.88,0.03,0.02,1.3,6.0,4.9,3166.0,5132
2508505,Livramento,PB,Nordeste,84.73,61.0,-23.73,83.88,22.88,0.03,0.02,4.3,6.0,4.3,6877.0,5133
5212204,Jussara,GO,Centro-Oeste,87.96,69.03,-18.93,91.93,22.9,0.03,0.02,3.6,6.8,5.23,19620.0,5134
2209658,São Francisco de Assis do Piauí,PI,Nordeste,70.15,55.13,-15.02,78.03,22.9,0.03,0.02,12.8,5.3,4.06,5572.0,5135
3153707,Quartel Geral,MG,Sudeste,83.27,60.38,-22.89,83.3,22.91,0.03,0.02,5.1,5.3,4.8,3179.0,5136
3172202,Wenceslau Braz,MG,Sudeste,93.73,63.73,-30.0,86.65,22.93,0.03,0.02,9.7,,5.2,2356.0,5137
2504355,Caturité,PB,Nordeste,85.85,65.99,-19.86,88.91,22.93,0.03,0.02,5.0,6.7,4.5,5254.0,5138
2512747,Riachão,PB,Nordeste,83.29,65.68,-17.61,88.64,22.96,0.03,0.02,1.9,6.9,4.37,2927.0,5139
2900108,Abaíra,BA,Nordeste,67.68,55.71,-11.97,78.72,23.0,0.03,0.02,2.8,5.8,4.43,7301.0,5140
2906105,Canápolis,BA,Nordeste,83.03,57.38,-25.65,80.4,23.02,0.03,0.02,3.9,5.6,4.29,10225.0,5141
3157302,Santa Bárbara do Tugúrio,MG,Sudeste,92.46,64.74,-27.72,87.77,23.03,0.03,0.02,1.1,6.8,4.95,4208.0,5142
2510501,Olivedos,PB,Nordeste,87.05,66.64,-20.41,89.66,23.03,0.03,0.02,13.8,6.3,4.57,3580.0,5143
2703700,Jaramataia,AL,Nordeste,70.91,56.63,-14.28,79.67,23.05,0.03,0.02,4.7,6.1,4.4,4985.0,5144
1500347,Água Azul do Norte,PA,Norte,71.47,51.19,-20.28,74.27,23.08,0.03,0.02,14.6,4.9,4.56,18080.0,5145
3143450,Montezuma,MG,Sudeste,92.47,66.61,-25.86,89.69,23.08,0.03,0.02,0.0,6.8,4.44,6888.0,5146
3138500,Liberdade,MG,Sudeste,86.54,67.61,-18.93,90.7,23.09,0.03,0.02,5.6,6.6,4.84,4737.0,5147
3120508,Cristina,MG,Sudeste,87.87,67.44,-20.43,90.54,23.1,0.03,0.02,1.3,7.3,5.01,10374.0,5148
5211008,Itapirapuã,GO,Centro-Oeste,63.62,55.58,-8.04,78.69,23.11,0.03,0.02,4.7,6.1,4.84,8007.0,5149
1304260,Uarini,AM,Norte,56.01,38.4,-17.61,61.51,23.11,0.03,0.02,15.3,4.1,4.01,14431.0,5150
2509396,Maturéia,PB,Nordeste,85.81,64.77,-21.04,87.88,23.11,0.03,0.02,7.0,6.7,4.3,6433.0,5151
4116505,Nova Aliança do Ivaí,PR,Sul,55.56,57.85,2.29,81.03,23.17,0.03,0.02,6.3,6.7,5.34,1323.0,5152
2513653,Joca Claudino,PB,Nordeste,76.02,58.79,-17.23,81.98,23.19,0.03,0.02,2.5,5.9,4.55,2539.0,5153
2205102,Itaueira,PI,Nordeste,65.03,49.27,-15.76,72.46,23.19,0.03,0.02,10.3,4.7,4.17,10323.0,5154
2917805,Jaguaripe,BA,Nordeste,73.43,49.8,-23.63,73.0,23.2,0.03,0.02,14.7,5.1,4.28,17659.0,5155
3150208,Piedade de Ponte Nova,MG,Sudeste,84.72,56.11,-28.61,79.32,23.21,0.03,0.02,7.5,6.0,4.68,3976.0,5156
2413300,Serra de São Bento,RN,Nordeste,65.4,50.59,-14.81,73.84,23.25,0.03,0.02,8.2,6.5,4.3,5703.0,5157
2305100,Guaramiranga,CE,Nordeste,100.0,67.32,-32.68,90.59,23.27,0.03,0.02,0.3,6.6,4.38,5654.0,5158
2207801,Paulistana,PI,Nordeste,78.27,61.8,-16.47,85.07,23.27,0.03,0.02,8.6,6.1,4.17,21055.0,5159
3154705,Ribeirão Vermelho,MG,Sudeste,93.33,60.56,-32.77,83.84,23.28,0.03,0.02,4.1,6.1,5.19,4080.0,5160
3134509,Itutinga,MG,Sudeste,91.71,65.14,-26.57,88.42,23.28,0.03,0.02,7.3,7.0,5.08,4217.0,5161
1713700,Monte Santo do Tocantins,TO,Norte,67.62,52.29,-15.33,75.63,23.34,0.03,0.02,2.9,4.8,4.69,2396.0,5162
1300607,Benjamin Constant,AM,Norte,68.16,51.0,-17.16,74.35,23.35,0.03,0.02,6.1,5.7,3.63,37648.0,5163
2915353,Itaguaçu da Bahia,BA,Nordeste,54.42,45.84,-8.58,69.22,23.38,0.03,0.02,7.5,5.4,4.34,12311.0,5164
5221080,Teresina de Goiás,GO,Centro-Oeste,90.11,67.94,-22.17,91.34,23.4,0.03,0.02,4.6,,4.4,2701.0,5165
4100103,Abatiá,PR,Sul,87.87,67.56,-20.31,90.97,23.41,0.03,0.02,14.2,6.4,5.07,7241.0,5166
1101484,São Felipe D'Oeste,RO,Norte,84.3,66.16,-18.14,89.57,23.41,0.03,0.02,4.8,6.7,5.02,5258.0,5167
2929701,Sátiro Dias,BA,Nordeste,50.32,40.59,-9.73,64.0,23.41,0.03,0.02,21.5,5.2,4.22,16008.0,5168
2110906,São Francisco do Maranhão,MA,Nordeste,84.38,65.11,-19.27,88.52,23.41,0.03,0.02,4.0,6.4,4.04,12064.0,5169
2205458,Joca Marques,PI,Nordeste,73.29,57.97,-15.32,81.39,23.42,0.03,0.02,11.2,5.3,4.0,5394.0,5170
5219902,São Francisco de Goiás,GO,Centro-Oeste,92.8,69.01,-23.79,92.45,23.44,0.03,0.02,1.5,6.4,5.01,6378.0,5171
2402907,Coronel João Pessoa,RN,Nordeste,68.42,48.28,-20.14,71.79,23.51,0.02,0.02,10.4,5.6,4.33,4237.0,5172
5201454,Aparecida do Rio Doce,GO,Centro-Oeste,90.8,69.34,-21.46,92.85,23.51,0.02,0.02,5.6,6.9,5.05,2907.0,5173
2100501,Alto Parnaíba,MA,Nordeste,80.35,62.71,-17.64,86.23,23.52,0.02,0.02,6.7,6.5,4.43,11109.0,5174
1300839,Caapiranga,AM,Norte,49.41,40.0,-9.41,63.53,23.53,0.02,0.02,11.5,5.2,4.26,13469.0,5175
3515806,Flora Rica,SP,Sudeste,71.43,52.75,-18.68,76.3,23.56,0.02,0.02,1.4,7.2,5.04,1487.0,5176
3145802,Onça de Pitangui,MG,Sudeste,72.73,58.96,-13.77,82.53,23.56,0.02,0.02,0.6,7.8,4.97,2969.0,5177
5106307,Paranatinga,MT,Centro-Oeste,76.17,61.97,-14.2,85.54,23.57,0.02,0.02,1.4,6.5,5.09,26423.0,5178
4200556,Águas Frias,SC,Sul,75.68,60.54,-15.14,84.11,23.57,0.02,0.02,1.1,7.5,5.35,2839.0,5179
2910107,Dom Basílio,BA,Nordeste,78.99,63.56,-15.43,87.15,23.59,0.02,0.02,4.3,6.8,4.49,11884.0,5180
2919157,Lapão,BA,Nordeste,67.04,49.22,-17.82,72.81,23.59,0.02,0.02,1.7,5.5,4.41,25736.0,5181
4101655,Arapuã,PR,Sul,81.61,66.7,-14.91,90.33,23.63,0.02,0.02,9.7,6.6,4.95,3527.0,5182
5213772,Montividiu do Norte,GO,Centro-Oeste,93.98,69.23,-24.75,92.86,23.63,0.02,0.02,1.5,6.3,4.75,3779.0,5183
3148301,Paula Cândido,MG,Sudeste,88.14,66.39,-21.75,90.03,23.64,0.02,0.02,1.0,6.8,4.8,8659.0,5184
2102309,Buriti Bravo,MA,Nordeste,75.2,53.68,-21.52,77.36,23.67,0.02,0.02,3.3,5.2,4.1,22455.0,5185
5100805,Apiacás,MT,Centro-Oeste,87.19,63.74,-23.45,87.43,23.69,0.02,0.02,3.2,6.2,4.89,8590.0,5186
2918209,Jiquiriçá,BA,Nordeste,84.67,60.12,-24.55,83.88,23.76,0.02,0.02,12.1,6.1,4.45,13629.0,5187
1706258,Crixás do Tocantins,TO,Norte,62.88,52.08,-10.8,75.84,23.76,0.02,0.02,3.2,5.5,4.79,1470.0,5188
2202000,Buriti dos Lopes,PI,Nordeste,77.64,59.82,-17.82,83.6,23.78,0.02,0.02,4.3,5.9,4.13,19654.0,5189
3125002,Ewbank da Câmara,MG,Sudeste,74.29,56.38,-17.91,80.17,23.78,0.02,0.02,5.3,6.1,4.89,3875.0,5190
5001508,Bandeirantes,MS,Centro-Oeste,62.99,49.87,-13.12,73.68,23.8,0.02,0.02,13.0,5.3,5.21,7940.0,5191
4108106,Flórida,PR,Sul,97.21,70.96,-26.25,94.77,23.8,0.02,0.02,6.3,8.4,,2652.0,5192
5002159,Bodoquena,MS,Centro-Oeste,89.76,61.55,-28.21,85.36,23.81,0.02,0.02,25.6,6.0,5.04,8567.0,5193
2200400,Altos,PI,Nordeste,91.23,70.51,-20.72,94.33,23.82,0.02,0.02,1.8,8.1,4.3,47453.0,5194
2923050,Novo Triunfo,BA,Nordeste,58.54,46.57,-11.97,70.4,23.83,0.02,0.02,0.5,5.5,4.35,10660.0,5195
5209408,Guarani de Goiás,GO,Centro-Oeste,67.14,54.15,-12.99,77.99,23.84,0.02,0.02,5.1,5.5,4.84,4085.0,5196
5102686,Campos de Júlio,MT,Centro-Oeste,81.16,63.0,-18.16,86.84,23.84,0.02,0.02,3.5,6.6,5.17,8822.0,5197
5106778,Porto Alegre do Norte,MT,Centro-Oeste,73.69,53.48,-20.21,77.32,23.85,0.02,0.02,2.4,5.4,4.94,12127.0,5198
2916203,Itapé,BA,Nordeste,69.8,53.14,-16.66,77.0,23.85,0.02,0.02,8.3,5.5,4.46,10341.0,5199
5107065,Querência,MT,Centro-Oeste,90.7,68.46,-22.24,92.31,23.86,0.02,0.02,3.2,6.8,5.26,26769.0,5200
5108501,Vera,MT,Centro-Oeste,67.82,55.83,-11.99,79.7,23.87,0.02,0.02,2.4,6.1,5.14,12800.0,5201
2922904,Nova Soure,BA,Nordeste,55.7,46.89,-8.81,70.78,23.89,0.02,0.02,8.4,5.8,4.25,24236.0,5202
4213906,Presidente Castello Branco,SC,Sul,89.29,62.87,-26.42,86.77,23.9,0.02,0.02,1.7,7.1,5.64,1689.0,5203
2605707,Floresta,PE,Nordeste,74.5,54.99,-19.51,78.9,23.91,0.02,0.02,7.9,6.8,4.4,30137.0,5204
5004809,Japorã,MS,Centro-Oeste,33.01,37.56,4.55,61.48,23.92,0.02,0.02,16.0,6.3,4.45,8148.0,5205
3122900,Dona Euzébia,MG,Sudeste,89.2,62.9,-26.3,86.83,23.92,0.02,0.02,4.5,6.7,4.98,6093.0,5206
5007935,Sonora,MS,Centro-Oeste,94.13,63.11,-31.02,87.05,23.94,0.02,0.02,15.9,6.4,5.1,14516.0,5207
1101609,Theobroma,RO,Norte,86.26,64.8,-21.46,88.74,23.94,0.02,0.02,3.1,6.3,4.74,8113.0,5208
1718550,Riachinho,TO,Norte,59.79,46.2,-13.59,70.14,23.94,0.02,0.02,6.1,5.4,4.46,3960.0,5209
5106273,Novo Horizonte do Norte,MT,Centro-Oeste,90.36,71.04,-19.32,94.98,23.94,0.02,0.02,1.1,7.2,5.11,3349.0,5210
2701357,Campestre,AL,Nordeste,89.3,59.67,-29.63,83.61,23.94,0.02,0.02,8.3,6.4,4.44,6665.0,5211
2912608,Ibiquera,BA,Nordeste,50.1,45.14,-4.96,69.09,23.95,0.02,0.02,1.6,4.7,4.27,3725.0,5212
2911600,Governador Mangabeira,BA,Nordeste,79.93,57.15,-22.78,81.12,23.96,0.02,0.02,9.2,5.9,4.5,20605.0,5213
2206100,Matias Olímpio,PI,Nordeste,64.15,48.72,-15.43,72.69,23.96,0.02,0.02,7.9,5.3,4.24,10641.0,5214
3137304,Lagoa dos Patos,MG,Sudeste,89.44,59.56,-29.88,83.56,24.0,0.02,0.02,1.8,5.3,4.64,3313.0,5215
5106174,Nova Nazaré,MT,Centro-Oeste,80.62,62.2,-18.42,86.23,24.03,0.02,0.02,12.8,7.0,5.16,4200.0,5216
2202802,Conceição do Canindé,PI,Nordeste,75.17,62.99,-12.18,87.03,24.03,0.02,0.02,9.8,6.0,4.07,4932.0,5217
5107941,Tabaporã,MT,Centro-Oeste,84.22,65.18,-19.04,89.29,24.11,0.02,0.02,3.7,6.8,5.0,9818.0,5218
3158508,Santana de Pirapama,MG,Sudeste,89.84,61.53,-28.31,85.71,24.17,0.02,0.02,4.9,5.7,4.53,7030.0,5219
2910859,Filadélfia,BA,Nordeste,53.18,43.5,-9.68,67.68,24.18,0.02,0.02,6.0,5.5,4.31,17897.0,5220
2510808,Patos,PB,Nordeste,84.46,61.0,-23.46,85.23,24.24,0.02,0.02,5.5,6.8,4.51,103165.0,5221
2505709,Dona Inês,PB,Nordeste,89.5,63.84,-25.66,88.09,24.25,0.02,0.02,1.4,6.7,4.32,10380.0,5222
2111078,São João do Soter,MA,Nordeste,60.05,48.68,-11.37,72.99,24.31,0.02,0.02,4.6,5.3,4.18,16889.0,5223
2207355,Pajeú do Piauí,PI,Nordeste,88.89,72.58,-16.31,96.9,24.32,0.02,0.02,1.2,7.3,4.4,3000.0,5224
3126604,Francisco Dumont,MG,Sudeste,80.35,53.74,-26.61,78.05,24.31,0.02,0.02,0.4,5.3,4.77,4503.0,5225
2907004,Cardeal da Silva,BA,Nordeste,68.9,50.4,-18.5,74.73,24.33,0.02,0.02,12.9,5.4,4.28,8365.0,5226
1718451,Pugmil,TO,Norte,47.37,45.69,-1.68,70.03,24.33,0.02,0.02,3.4,6.0,4.69,2193.0,5227
5003256,Costa Rica,MS,Centro-Oeste,76.55,58.3,-18.25,82.65,24.35,0.02,0.02,9.4,6.4,5.12,26037.0,5228
2917409,Jacaraci,BA,Nordeste,89.78,71.45,-18.33,95.8,24.35,0.02,0.02,1.1,7.5,4.54,14436.0,5229
5203609,Brazabrantes,GO,Centro-Oeste,80.85,63.87,-16.98,88.23,24.36,0.02,0.02,3.4,6.7,4.82,3992.0,5230
1712454,Luzinópolis,TO,Norte,64.09,49.16,-14.93,73.54,24.39,0.02,0.02,3.3,5.5,4.68,2717.0,5231
2906824,Canudos,BA,Nordeste,53.85,44.03,-9.82,68.48,24.45,0.02,0.02,10.9,5.2,4.33,16105.0,5232
1703883,Carmolândia,TO,Norte,68.61,49.25,-19.36,73.7,24.45,0.02,0.02,18.7,4.6,4.7,2201.0,5233
2701902,Chã Preta,AL,Nordeste,79.27,61.13,-18.14,85.59,24.46,0.02,0.02,3.1,6.8,3.83,5910.0,5234
2510303,Nova Palmeira,PB,Nordeste,100.0,69.26,-30.74,93.73,24.47,0.02,0.02,7.3,7.5,4.55,4259.0,5235
2203305,Demerval Lobão,PI,Nordeste,100.0,74.69,-25.31,99.23,24.53,0.02,0.02,2.0,8.1,4.26,16352.0,5236
3129004,Guiricema,MG,Sudeste,84.66,61.61,-23.05,86.17,24.56,0.02,0.02,0.9,7.0,4.9,7778.0,5237
3138351,Leme do Prado,MG,Sudeste,91.75,65.96,-25.79,90.53,24.57,0.02,0.02,0.0,6.6,4.78,4341.0,5238
3113800,Carmésia,MG,Sudeste,79.65,52.58,-27.07,77.19,24.62,0.02,0.02,1.8,5.9,4.89,2605.0,5239
5107263,Santo Afonso,MT,Centro-Oeste,94.0,65.51,-28.49,90.18,24.67,0.02,0.02,2.3,6.7,4.92,2519.0,5240
2102754,Capinzal do Norte,MA,Nordeste,87.08,56.39,-30.69,81.06,24.67,0.02,0.02,4.5,4.9,4.46,11374.0,5241
2204154,Francisco Macedo,PI,Nordeste,88.24,69.23,-19.01,93.95,24.71,0.02,0.02,7.0,7.5,4.33,2929.0,5242
2516102,Soledade,PB,Nordeste,73.58,55.05,-18.53,79.82,24.77,0.02,0.02,4.7,5.9,4.65,13968.0,5243
2902658,Banzaê,BA,Nordeste,78.83,59.42,-19.41,84.19,24.77,0.02,0.02,9.0,6.3,4.28,11958.0,5244
2104107,Fortaleza dos Nogueiras,MA,Nordeste,84.96,61.81,-23.15,86.6,24.79,0.02,0.02,4.7,6.4,4.36,12640.0,5245
2200251,Alagoinha do Piauí,PI,Nordeste,76.86,61.46,-15.4,86.31,24.86,0.02,0.02,3.4,8.1,4.17,6819.0,5246
1200393,Porto Walter,AC,Norte,73.31,55.0,-18.31,79.89,24.89,0.02,0.02,8.7,5.3,4.15,10735.0,5247
2204907,Isaías Coelho,PI,Nordeste,58.62,51.25,-7.37,76.2,24.95,0.02,0.02,2.5,5.3,4.15,7774.0,5248
2209351,Santana do Piauí,PI,Nordeste,73.41,54.79,-18.62,79.74,24.95,0.02,0.02,4.7,5.7,4.23,4125.0,5249
2210391,São Miguel do Fidalgo,PI,Nordeste,90.83,67.42,-23.41,92.39,24.97,0.02,0.02,7.5,6.0,4.09,2829.0,5250
2206704,Nazaré do Piauí,PI,Nordeste,84.68,62.81,-21.87,87.78,24.97,0.02,0.02,4.0,6.0,4.26,6665.0,5251
2201988,Brejo do Piauí,PI,Nordeste,91.43,64.6,-26.83,89.68,25.07,0.02,0.02,11.9,5.5,4.22,3904.0,5252
2901502,Anguera,BA,Nordeste,69.98,58.23,-11.75,83.32,25.09,0.02,0.02,2.8,6.7,4.37,11031.0,5253
1101757,Vale do Anari,RO,Norte,73.98,57.17,-16.81,82.27,25.1,0.02,0.02,8.6,5.5,4.84,7788.0,5254
1722107,Xambioá,TO,Norte,61.39,46.78,-14.61,71.88,25.1,0.02,0.02,4.3,5.6,4.76,10517.0,5255
5101852,Bom Jesus do Araguaia,MT,Centro-Oeste,68.66,53.63,-15.03,78.74,25.11,0.02,0.02,4.0,5.7,5.11,7280.0,5256
3165602,Senador Cortes,MG,Sudeste,92.86,60.16,-32.7,85.28,25.12,0.02,0.02,4.5,6.2,5.08,2240.0,5257
3103702,Araponga,MG,Sudeste,85.0,62.87,-22.13,88.0,25.13,0.02,0.02,2.5,7.3,4.65,8048.0,5258
2100477,Alto Alegre do Pindaré,MA,Nordeste,71.77,56.62,-15.15,81.78,25.16,0.02,0.02,2.3,6.6,4.3,25710.0,5259
2514701,São José do Sabugi,PB,Nordeste,87.87,65.22,-22.65,90.36,25.15,0.02,0.02,0.8,6.7,4.5,4138.0,5260
2512036,Poço Dantas,PB,Nordeste,74.61,47.79,-26.82,72.94,25.15,0.02,0.02,10.5,5.6,4.48,3830.0,5261
5200175,Água Fria de Goiás,GO,Centro-Oeste,91.83,67.43,-24.4,92.61,25.19,0.02,0.02,9.3,6.6,5.09,4954.0,5262
2210508,São Pedro do Piauí,PI,Nordeste,87.03,64.04,-22.99,89.23,25.19,0.02,0.02,1.9,5.6,4.26,13755.0,5263
3127339,Gameleiras,MG,Sudeste,82.72,59.92,-22.8,85.2,25.28,0.02,0.02,1.9,6.3,4.57,4793.0,5264
4210704,Matos Costa,SC,Sul,67.98,53.0,-14.98,78.29,25.29,0.02,0.02,3.7,6.7,5.22,2761.0,5265
2929800,Saúde,BA,Nordeste,51.5,40.22,-11.28,65.52,25.3,0.02,0.02,9.5,4.8,4.4,10478.0,5266
2110658,São Domingos do Azeitão,MA,Nordeste,70.36,47.04,-23.32,72.35,25.31,0.02,0.02,9.7,4.6,4.34,7992.0,5267
2918605,Jussiape,BA,Nordeste,70.72,54.14,-16.58,79.47,25.33,0.02,0.02,1.3,5.7,4.57,7379.0,5268
2807303,Telha,SE,Nordeste,63.65,42.65,-21.0,68.0,25.35,0.02,0.02,10.2,5.4,4.36,3274.0,5269
2923035,Novo Horizonte,BA,Nordeste,86.51,69.84,-16.67,95.21,25.37,0.02,0.02,1.1,7.6,4.71,11162.0,5270
4112603,Jardim Olinda,PR,Sul,84.62,64.43,-20.19,89.81,25.38,0.02,0.01,4.5,6.7,5.03,1343.0,5271
2703908,Jundiá,AL,Nordeste,72.34,55.73,-16.61,81.12,25.38,0.02,0.01,4.3,6.0,4.36,4092.0,5272
1701101,Aparecida do Rio Negro,TO,Norte,70.65,52.79,-17.86,78.23,25.44,0.02,0.01,1.9,5.8,4.61,4856.0,5273
2925600,Presidente Dutra,BA,Nordeste,54.79,46.17,-8.62,71.65,25.47,0.02,0.01,3.7,6.0,4.5,15130.0,5274
3116902,Comendador Gomes,MG,Sudeste,80.36,56.42,-23.94,81.89,25.47,0.02,0.01,2.1,6.4,5.09,2773.0,5275
5209150,Gouvelândia,GO,Centro-Oeste,80.63,59.0,-21.63,84.49,25.49,0.02,0.01,3.3,6.0,5.1,4390.0,5276
5104500,Indiavaí,MT,Centro-Oeste,83.33,61.6,-21.73,87.11,25.5,0.02,0.01,3.8,6.1,4.85,2213.0,5277
2108405,Peri Mirim,MA,Nordeste,78.04,56.19,-21.85,81.71,25.52,0.02,0.01,3.9,5.3,4.1,11108.0,5278
2703759,Jequiá da Praia,AL,Nordeste,91.65,64.55,-27.1,90.09,25.54,0.02,0.01,3.4,9.1,4.57,9470.0,5279
1720259,São Salvador do Tocantins,TO,Norte,91.45,63.17,-28.28,88.72,25.55,0.02,0.01,3.4,6.6,4.61,2385.0,5280
2706000,Olivença,AL,Nordeste,91.58,64.43,-27.15,89.99,25.56,0.02,0.01,4.6,6.3,4.05,10812.0,5281
3157609,Santa Fé de Minas,MG,Sudeste,78.67,54.96,-23.71,80.52,25.56,0.02,0.01,1.4,5.3,4.61,3522.0,5282
5108303,União do Sul,MT,Centro-Oeste,95.66,69.74,-25.92,95.31,25.57,0.02,0.01,7.9,6.8,4.9,3838.0,5283
5108857,Nova Marilândia,MT,Centro-Oeste,85.48,61.29,-24.19,86.92,25.63,0.02,0.01,1.8,6.5,4.99,3529.0,5284
5107578,Rondolândia,MT,Centro-Oeste,73.44,52.09,-21.35,77.75,25.66,0.02,0.01,4.0,,4.89,3505.0,5285
3136520,José Gonçalves de Minas,MG,Sudeste,83.97,55.41,-28.56,81.08,25.67,0.02,0.01,0.0,5.8,4.44,3969.0,5286
5100409,Alto Garças,MT,Centro-Oeste,83.82,59.39,-24.43,85.06,25.67,0.02,0.01,6.2,6.2,5.19,13052.0,5287
2705606,Novo Lino,AL,Nordeste,68.12,50.91,-17.21,76.59,25.68,0.02,0.01,4.2,5.9,4.39,10020.0,5288
2503100,Cabaceiras,PB,Nordeste,96.41,69.98,-26.43,95.77,25.8,0.02,0.01,5.4,8.5,4.68,5335.0,5289
2505352,Damião,PB,Nordeste,78.93,57.64,-21.29,83.48,25.85,0.02,0.01,6.5,6.0,4.36,4982.0,5290
3201803,Divino de São Lourenço,ES,Sudeste,90.32,62.35,-27.97,88.36,26.01,0.02,0.01,4.0,6.4,4.85,5083.0,5291
2920809,Marcionílio Souza,BA,Nordeste,59.49,46.06,-13.43,72.14,26.07,0.02,0.01,5.3,6.1,4.41,9267.0,5292
2513984,São Francisco,PB,Nordeste,100.0,67.82,-32.18,93.9,26.08,0.02,0.01,2.6,7.5,4.52,3137.0,5293
3108701,Brás Pires,MG,Sudeste,97.2,66.34,-30.86,92.47,26.13,0.02,0.01,0.0,7.0,4.75,4260.0,5294
1500958,Aurora do Pará,PA,Norte,72.25,55.33,-16.92,81.46,26.13,0.02,0.01,8.9,6.1,4.08,23774.0,5295
2200103,Agricolândia,PI,Nordeste,80.81,54.47,-26.34,80.62,26.15,0.02,0.01,4.6,5.4,4.41,4940.0,5296
2206357,Milton Brandão,PI,Nordeste,75.0,57.5,-17.5,83.71,26.21,0.02,0.01,7.8,5.7,3.93,6542.0,5297
2514909,São Mamede,PB,Nordeste,65.38,57.59,-7.79,83.89,26.3,0.02,0.01,5.6,6.5,4.53,7470.0,5298
2200608,Angical do Piauí,PI,Nordeste,92.78,70.3,-22.48,96.61,26.3,0.02,0.01,1.2,7.5,4.37,6827.0,5299
5205455,Cezarina,GO,Centro-Oeste,76.55,59.68,-16.87,86.04,26.36,0.02,0.01,4.1,6.9,5.18,8090.0,5300
3111804,Canápolis,MG,Sudeste,92.91,62.02,-30.89,88.38,26.36,0.02,0.01,2.2,7.1,5.13,10608.0,5301
2206050,Massapê do Piauí,PI,Nordeste,89.17,62.27,-26.9,88.64,26.37,0.02,0.01,13.7,5.7,4.02,5218.0,5302
2922805,Nova Itarana,BA,Nordeste,75.09,54.7,-20.39,81.12,26.42,0.02,0.01,6.3,5.9,4.25,7780.0,5303
3160504,Santo Antônio do Rio Abaixo,MG,Sudeste,95.45,69.55,-25.9,96.18,26.63,0.02,0.01,0.0,7.5,4.8,1808.0,5304
5007802,Selvíria,MS,Centro-Oeste,69.07,50.4,-18.67,77.04,26.63,0.02,0.01,9.2,5.6,5.14,8142.0,5305
2911006,Floresta Azul,BA,Nordeste,53.92,40.33,-13.59,66.97,26.64,0.02,0.01,7.3,5.1,4.41,11059.0,5306
2201739,Betânia do Piauí,PI,Nordeste,85.01,60.4,-24.61,87.07,26.67,0.02,0.01,9.4,6.0,4.19,6220.0,5307
3138005,Laranjal,MG,Sudeste,96.29,59.11,-37.18,85.8,26.7,0.02,0.01,0.0,6.6,5.19,5963.0,5308
1713809,Palmeiras do Tocantins,TO,Norte,61.98,43.34,-18.64,70.05,26.71,0.02,0.01,2.0,5.4,4.67,4872.0,5309
2919058,Lajedo do Tabocal,BA,Nordeste,88.35,67.04,-21.31,93.82,26.77,0.02,0.01,1.9,6.9,4.25,7494.0,5310
2705507,Murici,AL,Nordeste,91.48,66.07,-25.41,92.9,26.83,0.02,0.01,4.2,9.2,4.37,25187.0,5311
2505105,Cuité,PB,Nordeste,87.31,64.78,-22.53,91.75,26.98,0.01,0.01,5.1,7.2,4.48,19719.0,5312
2517100,Várzea,PB,Nordeste,91.3,65.47,-25.83,92.48,27.01,0.01,0.01,4.1,7.3,4.52,2668.0,5313
1721257,Tupirama,TO,Norte,82.35,56.81,-25.54,83.83,27.01,0.01,0.01,1.0,6.5,4.55,1909.0,5314
2209872,São João da Fronteira,PI,Nordeste,64.85,50.6,-14.25,77.61,27.01,0.01,0.01,1.6,5.4,4.18,5522.0,5315
2920205,Malhada,BA,Nordeste,70.04,49.33,-20.71,76.37,27.04,0.01,0.01,2.1,5.5,4.21,15398.0,5316
2208403,Piripiri,PI,Nordeste,75.38,54.82,-20.56,81.87,27.05,0.01,0.01,6.2,5.9,4.32,65538.0,5317
1718709,Rio dos Bois,TO,Norte,60.25,42.77,-17.48,69.83,27.05,0.01,0.01,11.5,5.5,4.61,2738.0,5318
1704105,Centenário,TO,Norte,71.43,47.86,-23.57,74.91,27.05,0.01,0.01,1.4,5.3,4.32,2131.0,5319
3143153,Monte Formoso,MG,Sudeste,93.33,64.36,-28.97,91.41,27.05,0.01,0.01,0.0,7.1,3.95,4381.0,5320
1715754,Palmeirópolis,TO,Norte,96.93,63.25,-33.68,90.36,27.1,0.01,0.01,1.4,6.9,4.92,6975.0,5321
1100072,Corumbiara,RO,Norte,91.15,68.64,-22.51,95.74,27.1,0.01,0.01,11.1,7.0,4.91,7519.0,5322
2201556,Bela Vista do Piauí,PI,Nordeste,100.0,70.08,-29.92,97.2,27.12,0.01,0.01,0.4,7.1,4.16,4091.0,5323
5220504,Serranópolis,GO,Centro-Oeste,87.16,66.74,-20.42,93.94,27.19,0.01,0.01,6.0,7.1,5.1,8027.0,5324
3150539,Pingo-d'Água,MG,Sudeste,86.14,55.79,-30.35,83.09,27.3,0.01,0.01,1.3,6.7,4.9,4706.0,5325
2200707,Anísio de Abreu,PI,Nordeste,89.59,62.6,-26.99,89.92,27.32,0.01,0.01,4.6,5.8,4.26,9407.0,5326
2202539,Caraúbas do Piauí,PI,Nordeste,80.1,58.1,-22.0,85.43,27.34,0.01,0.01,8.6,5.7,4.0,5630.0,5327
5209457,Guarinos,GO,Centro-Oeste,96.19,65.67,-30.52,93.01,27.35,0.01,0.01,0.0,6.6,5.13,2161.0,5328
3129301,Iapu,MG,Sudeste,81.86,57.25,-24.61,84.61,27.36,0.01,0.01,0.4,7.3,4.98,12030.0,5329
2203107,Cristino Castro,PI,Nordeste,100.0,64.76,-35.24,92.13,27.36,0.01,0.01,18.9,7.3,4.38,10503.0,5330
2928950,São Domingos,BA,Nordeste,73.57,49.36,-24.21,76.74,27.38,0.01,0.01,5.0,5.3,4.5,8426.0,5331
3120300,Cristália,MG,Sudeste,78.88,50.18,-28.7,77.57,27.39,0.01,0.01,1.2,5.7,4.55,5121.0,5332
3153806,Queluzito,MG,Sudeste,100.0,70.32,-29.68,97.74,27.42,0.01,0.01,2.1,8.4,4.99,1770.0,5333
2925931,Quixabeira,BA,Nordeste,75.63,58.22,-17.41,85.66,27.44,0.01,0.01,3.3,7.3,4.41,9461.0,5334
2211357,Várzea Branca,PI,Nordeste,65.77,50.0,-15.77,77.44,27.44,0.01,0.01,6.2,4.9,4.06,5055.0,5335
2209955,São João da Varjota,PI,Nordeste,93.18,66.32,-26.86,93.77,27.45,0.01,0.01,6.3,6.4,4.15,4383.0,5336
2100550,Amapá do Maranhão,MA,Nordeste,64.35,47.57,-16.78,75.07,27.51,0.01,0.01,3.4,4.9,4.16,7170.0,5337
5102793,Carlinda,MT,Centro-Oeste,93.3,60.39,-32.91,87.91,27.52,0.01,0.01,1.8,6.9,4.92,10332.0,5338
1714203,Natividade,TO,Norte,74.92,51.51,-23.41,79.17,27.66,0.01,0.01,1.8,6.0,4.84,8754.0,5339
2514008,São João do Cariri,PB,Nordeste,70.93,52.47,-18.46,80.17,27.7,0.01,0.01,1.0,5.5,4.67,4226.0,5340
3104403,Argirita,MG,Sudeste,89.57,67.08,-22.49,94.81,27.73,0.01,0.01,9.6,8.2,4.8,2688.0,5341
2916708,Itaquara,BA,Nordeste,80.02,55.58,-24.44,83.33,27.74,0.01,0.01,6.7,6.4,4.29,8153.0,5342
5203559,Bonfinópolis,GO,Centro-Oeste,99.11,68.55,-30.56,96.33,27.77,0.01,0.01,2.1,7.6,5.0,10296.0,5343
1501600,Bonito,PA,Norte,78.54,57.21,-21.33,85.0,27.79,0.01,0.01,8.6,6.6,4.16,12622.0,5344
2501401,Baía da Traição,PB,Nordeste,59.99,46.55,-13.44,74.44,27.89,0.01,0.01,11.1,5.5,4.12,9224.0,5345
2802601,Gracho Cardoso,SE,Nordeste,73.17,45.07,-28.1,73.06,28.0,0.01,0.01,5.1,5.6,4.19,5834.0,5346
1715507,Oliveira de Fátima,TO,Norte,87.5,64.43,-23.07,92.47,28.04,0.01,0.01,0.9,6.3,4.57,1164.0,5347
2912202,Ibicoara,BA,Nordeste,80.96,51.26,-29.7,79.43,28.17,0.01,0.01,7.8,5.9,4.53,20785.0,5348
1508209,Vigia,PA,Norte,75.79,52.59,-23.2,80.85,28.26,0.01,0.01,11.0,6.6,4.33,50832.0,5349
2508109,Lagoa,PB,Nordeste,76.53,49.16,-27.37,77.42,28.26,0.01,0.01,8.1,5.7,4.35,4415.0,5350
1721307,Tupiratins,TO,Norte,70.4,49.16,-21.24,77.45,28.3,0.01,0.01,7.1,5.4,4.5,1874.0,5351
2930808,Souto Soares,BA,Nordeste,62.78,49.53,-13.25,77.84,28.31,0.01,0.01,1.2,6.3,4.27,17054.0,5352
2200277,Alegrete do Piauí,PI,Nordeste,87.29,66.45,-20.84,94.75,28.3,0.01,0.01,2.6,6.8,4.34,4634.0,5353
2201150,Baixa Grande do Ribeiro,PI,Nordeste,92.61,63.7,-28.91,92.05,28.35,0.01,0.01,6.3,6.8,4.62,13272.0,5354
2508406,Lastro,PB,Nordeste,22.2,45.74,23.54,74.09,28.36,0.01,0.01,2.8,6.7,4.28,3162.0,5355
2503902,Camalaú,PB,Nordeste,86.34,56.8,-29.54,85.2,28.4,0.01,0.01,0.9,5.9,4.42,6085.0,5356
5221577,Uirapuru,GO,Centro-Oeste,90.96,58.29,-32.67,86.76,28.47,0.01,0.01,5.9,5.6,4.94,2798.0,5357
1703842,Campos Lindos,TO,Norte,60.1,41.42,-18.68,69.93,28.51,0.01,0.01,7.9,5.1,4.35,8653.0,5358
2211704,Wall Ferraz,PI,Nordeste,93.33,57.56,-35.77,86.1,28.54,0.01,0.01,3.8,5.6,4.2,4059.0,5359
3146701,Palma,MG,Sudeste,80.86,50.64,-30.22,79.21,28.57,0.01,0.01,1.6,6.0,4.64,5707.0,5360
2500403,Alagoa Nova,PB,Nordeste,91.5,58.35,-33.15,86.93,28.59,0.01,0.01,4.6,5.9,4.3,21013.0,5361
1507102,São Caetano de Odivelas,PA,Norte,76.68,54.96,-21.72,83.71,28.75,0.01,0.01,11.5,6.6,4.03,16666.0,5362
2205573,Lagoa de São Francisco,PI,Nordeste,85.37,59.75,-25.62,88.52,28.77,0.01,0.01,3.2,6.3,4.09,6331.0,5363
3167004,Serranos,MG,Sudeste,88.0,58.07,-29.93,86.88,28.81,0.01,0.01,5.5,6.1,4.8,1990.0,5364
1301506,Envira,AM,Norte,61.02,38.0,-23.02,66.82,28.82,0.01,0.01,16.0,5.2,4.07,17186.0,5365
2703403,Jacaré dos Homens,AL,Nordeste,79.66,57.9,-21.76,86.78,28.88,0.01,0.01,0.2,6.7,4.19,5083.0,5366
2924652,Pintadas,BA,Nordeste,90.92,61.72,-29.2,90.62,28.9,0.01,0.01,3.3,7.0,4.56,10325.0,5367
2205524,Júlio Borges,PI,Nordeste,100.0,60.82,-39.18,89.76,28.94,0.01,0.01,1.9,6.9,4.25,5388.0,5368
2210938,Sussuapara,PI,Nordeste,74.81,50.7,-24.11,79.66,28.96,0.01,0.01,13.2,5.3,4.36,6220.0,5369
2203503,Elesbão Veloso,PI,Nordeste,88.04,64.48,-23.56,93.49,29.01,0.01,0.01,3.7,6.8,4.21,13607.0,5370
2202307,Canto do Buriti,PI,Nordeste,56.55,38.71,-17.84,67.73,29.02,0.01,0.01,13.9,5.2,4.26,19365.0,5371
3165800,Senador José Bento,MG,Sudeste,88.89,56.42,-32.47,85.54,29.12,0.01,0.01,0.0,6.9,5.18,2068.0,5372
2513604,Santana dos Garrotes,PB,Nordeste,88.73,54.52,-34.21,83.65,29.13,0.01,0.01,4.5,5.2,4.25,6569.0,5373
2916856,Itatim,BA,Nordeste,93.86,65.27,-28.59,94.44,29.18,0.01,0.01,3.2,8.6,4.33,15737.0,5374
1703073,Barra do Ouro,TO,Norte,47.43,36.62,-10.81,65.85,29.24,0.01,0.01,8.9,5.3,4.54,4476.0,5375
2500106,Água Branca,PB,Nordeste,91.99,63.18,-28.81,92.49,29.31,0.01,0.01,0.8,7.4,4.41,9335.0,5376
1715259,Novo Jardim,TO,Norte,78.33,47.04,-31.29,76.49,29.45,0.01,0.01,5.7,5.5,4.52,2230.0,5377
1200450,Senador Guiomard,AC,Norte,54.42,34.0,-20.42,63.5,29.5,0.01,0.01,9.5,6.3,4.69,21454.0,5378
2504702,Congo,PB,Nordeste,86.86,64.07,-22.79,93.59,29.51,0.01,0.01,5.5,7.7,4.4,4933.0,5379
2501153,Areia de Baraúnas,PB,Nordeste,59.09,49.16,-9.93,78.69,29.53,0.01,0.01,2.9,5.5,4.57,2005.0,5380
2207900,Pedro II,PI,Nordeste,70.11,49.23,-20.88,78.79,29.56,0.01,0.01,4.1,5.7,4.24,37894.0,5381
2931103,Tanquinho,BA,Nordeste,64.27,44.1,-20.17,73.72,29.62,0.01,0.01,14.2,5.4,4.3,7717.0,5382
5102702,Canarana,MT,Centro-Oeste,75.03,54.37,-20.66,83.99,29.62,0.01,0.01,4.1,6.2,5.06,25858.0,5383
1703909,Caseara,TO,Norte,70.37,42.3,-28.07,71.96,29.66,0.01,0.01,6.0,5.1,4.71,4847.0,5384
5103361,Conquista D'Oeste,MT,Centro-Oeste,98.46,59.45,-39.01,89.18,29.73,0.01,0.01,0.8,6.0,4.99,3760.0,5385
2206951,Novo Santo Antônio,PI,Nordeste,95.56,63.64,-31.92,93.48,29.85,0.01,0.01,2.1,6.3,4.03,2827.0,5386
2902203,Aramari,BA,Nordeste,62.63,46.55,-16.08,76.46,29.91,0.01,0.01,8.6,5.7,4.31,9833.0,5387
3168051,Taparuba,MG,Sudeste,86.96,61.28,-25.68,91.27,29.99,0.01,0.01,2.8,7.4,4.96,3387.0,5388
2908804,Contendas do Sincorá,BA,Nordeste,82.0,48.39,-33.61,78.43,30.04,0.01,0.01,11.2,5.5,4.44,4333.0,5389
2201101,Avelino Lopes,PI,Nordeste,86.12,59.52,-26.6,89.63,30.1,0.01,0.01,6.7,6.1,4.18,10866.0,5390
2702702,Feliz Deserto,AL,Nordeste,82.35,57.53,-24.82,87.67,30.14,0.01,0.01,14.4,7.1,4.39,3963.0,5391
1700400,Almas,TO,Norte,66.12,41.17,-24.95,71.31,30.14,0.01,0.01,2.3,5.3,4.69,6499.0,5392
4107520,Esperança Nova,PR,Sul,77.78,60.16,-17.62,90.32,30.15,0.01,0.01,8.8,6.7,5.2,1849.0,5393
1712504,Marianópolis do Tocantins,TO,Norte,67.06,48.5,-18.56,78.67,30.16,0.01,0.01,7.1,5.8,4.73,4615.0,5394
3102209,Alvarenga,MG,Sudeste,89.36,58.69,-30.67,88.86,30.17,0.01,0.01,1.8,7.0,4.66,3975.0,5395
2507002,Itaporanga,PB,Nordeste,70.69,43.19,-27.5,73.4,30.2,0.01,0.01,7.1,5.6,4.37,23940.0,5396
2706208,Palestina,AL,Nordeste,77.35,55.19,-22.16,85.45,30.26,0.01,0.01,0.3,6.9,3.99,4325.0,5397
2517001,Umbuzeiro,PB,Nordeste,89.0,57.97,-31.03,88.24,30.27,0.01,0.01,2.4,6.7,4.36,9124.0,5398
2804300,Muribeca,SE,Nordeste,65.53,34.04,-31.49,64.53,30.49,0.01,0.01,11.6,5.0,4.48,7822.0,5399
1100346,Alvorada D'Oeste,RO,Norte,79.8,52.2,-27.6,82.71,30.51,0.01,0.01,3.9,6.1,4.95,13117.0,5400
2513802,Santa Teresinha,PB,Nordeste,96.72,59.21,-37.51,89.75,30.54,0.01,0.01,4.7,,4.15,4402.0,5401
1703826,Cachoeirinha,TO,Norte,81.33,51.03,-30.3,81.62,30.59,0.01,0.01,3.6,5.3,4.51,1961.0,5402
1715002,Nova Rosalândia,TO,Norte,95.61,54.19,-41.42,84.98,30.8,0.01,0.01,1.9,5.3,5.01,3362.0,5403
2209906,São João da Serra,PI,Nordeste,96.92,64.04,-32.88,95.0,30.96,0.01,0.01,1.5,7.0,4.05,6114.0,5404
2209203,Santa Filomena,PI,Nordeste,74.64,51.18,-23.46,82.22,31.04,0.01,0.01,10.4,5.7,4.45,6087.0,5405
2910305,Elísio Medrado,BA,Nordeste,83.25,52.72,-30.53,83.79,31.07,0.01,0.01,7.8,5.8,4.53,7808.0,5406
1718881,Santa Maria do Tocantins,TO,Norte,83.69,48.82,-34.87,79.94,31.12,0.01,0.01,6.9,5.9,4.58,2680.0,5407
3123403,Doresópolis,MG,Sudeste,100.0,58.07,-41.93,89.31,31.25,0.01,0.01,1.1,6.0,5.19,1461.0,5408
2701209,Cacimbinhas,AL,Nordeste,86.08,53.12,-32.96,84.42,31.3,0.01,0.01,3.7,6.4,4.1,10482.0,5409
3149507,Pequeri,MG,Sudeste,81.66,54.09,-27.57,85.42,31.33,0.01,0.01,4.3,6.7,5.12,3351.0,5410
2919603,Macajuba,BA,Nordeste,72.22,43.76,-28.46,75.32,31.56,0.01,0.01,15.0,4.8,3.9,10454.0,5411
2211100,União,PI,Nordeste,78.15,50.51,-27.64,82.11,31.6,0.01,0.01,5.6,5.8,4.1,46119.0,5412
2202083,Cajueiro da Praia,PI,Nordeste,93.46,63.08,-30.38,94.76,31.69,0.01,0.01,5.9,7.2,4.23,7957.0,5413
2707008,Pindoba,AL,Nordeste,75.86,52.1,-23.76,83.86,31.76,0.01,0.01,2.1,6.4,4.32,2731.0,5414
2201960,Brasileira,PI,Nordeste,91.2,54.83,-36.37,86.72,31.89,0.01,0.01,1.6,5.8,4.27,8436.0,5415
2209609,São Félix do Piauí,PI,Nordeste,87.15,56.33,-30.82,88.24,31.92,0.01,0.01,6.9,6.5,4.34,2842.0,5416
2516300,Sumé,PB,Nordeste,86.92,54.85,-32.07,86.9,32.05,0.01,0.01,4.1,6.6,4.57,17166.0,5417
3150307,Piedade do Rio Grande,MG,Sudeste,87.75,52.32,-35.43,84.64,32.31,0.01,0.01,0.4,6.8,4.84,4604.0,5418
2916906,Itiruçu,BA,Nordeste,91.58,54.63,-36.95,87.01,32.37,0.01,0.01,6.7,6.2,4.41,10999.0,5419
3125309,Faria Lemos,MG,Sudeste,69.72,39.92,-29.8,72.6,32.68,0.01,0.01,3.1,5.5,4.7,3188.0,5420
2501575,Barra de Santana,PB,Nordeste,77.78,51.39,-26.39,84.32,32.93,0.01,0.01,3.4,6.6,4.38,8059.0,5421
2500775,Aparecida,PB,Nordeste,100.0,60.38,-39.62,93.44,33.06,0.01,0.01,11.7,6.4,4.03,7960.0,5422
5215801,Palmelo,GO,Centro-Oeste,96.02,51.76,-44.26,84.94,33.18,0.01,0.01,3.1,4.8,5.01,2259.0,5423
2204352,Geminiano,PI,Nordeste,71.87,44.62,-27.25,78.04,33.42,0.01,0.0,5.2,5.4,4.25,5445.0,5424
2907400,Catolândia,BA,Nordeste,47.06,34.72,-12.34,68.16,33.44,0.01,0.0,6.0,5.4,4.52,3434.0,5425
2507606,Juarez Távora,PB,Nordeste,83.74,51.96,-31.78,85.63,33.67,0.01,0.0,11.9,6.0,4.13,7796.0,5426
2203255,Curralinhos,PI,Nordeste,74.58,54.48,-20.1,88.38,33.9,0.01,0.0,2.7,6.3,4.12,4413.0,5427
2410603,Rafael Godeiro,RN,Nordeste,95.45,52.7,-42.75,86.81,34.11,0.01,0.0,12.4,6.4,4.35,2934.0,5428
2903235,Barro Alto,BA,Nordeste,78.02,48.61,-29.41,82.82,34.21,0.01,0.0,1.2,6.1,4.32,13453.0,5429
2502201,Bom Jesus,PB,Nordeste,88.89,49.58,-39.31,83.92,34.34,0.01,0.0,5.1,6.1,4.58,2286.0,5430
4110052,Iguatu,PR,Sul,89.47,57.0,-32.47,91.38,34.38,0.01,0.0,1.9,6.2,5.34,2144.0,5431
2505303,Curral Velho,PB,Nordeste,86.96,57.85,-29.11,92.38,34.52,0.01,0.0,7.4,6.7,4.25,2292.0,5432
2210383,São Miguel da Baixa Grande,PI,Nordeste,65.22,49.0,-16.22,83.51,34.51,0.01,0.0,1.3,6.4,4.44,2269.0,5433
2517209,Vieirópolis,PB,Nordeste,95.15,51.49,-43.66,86.34,34.84,0.01,0.0,1.1,5.4,4.32,4864.0,5434
2705408,Monteirópolis,AL,Nordeste,89.25,56.15,-33.1,91.03,34.88,0.01,0.0,2.8,6.7,3.97,7184.0,5435
2202174,Campo Largo do Piauí,PI,Nordeste,66.59,42.91,-23.68,78.0,35.09,0.01,0.0,3.5,5.0,4.07,7419.0,5436
2505238,Cuité de Mamanguape,PB,Nordeste,55.57,34.51,-21.06,69.91,35.4,0.0,0.0,8.2,5.5,4.23,6251.0,5437
2200509,Amarante,PI,Nordeste,82.69,46.99,-35.7,82.39,35.4,0.0,0.0,5.5,5.9,4.22,17234.0,5438
1716307,Pau D'Arco,TO,Norte,44.35,28.32,-16.03,64.27,35.95,0.0,0.0,13.0,5.8,4.68,4043.0,5439
1703867,Cariri do Tocantins,TO,Norte,75.64,41.02,-34.62,77.76,36.74,0.0,0.0,4.9,5.9,4.97,4007.0,5440
1718006,Porto Alegre do Tocantins,TO,Norte,60.36,30.24,-30.12,67.06,36.82,0.0,0.0,7.5,5.0,4.59,2866.0,5441
2104081,Fernando Falcão,MA,Nordeste,97.22,52.67,-44.55,89.53,36.86,0.0,0.0,17.9,5.5,4.11,10873.0,5442
2206001,Marcos Parente,PI,Nordeste,87.76,46.93,-40.83,83.99,37.05,0.0,0.0,6.4,5.9,4.53,4724.0,5443
3125903,Ferros,MG,Sudeste,100.0,57.85,-42.15,95.04,37.19,0.0,0.0,0.2,7.6,4.62,9590.0,5444
2513158,Santa Cecília,PB,Nordeste,72.92,38.39,-34.53,75.56,37.17,0.0,0.0,12.5,6.0,4.36,7670.0,5445
2515609,Serra da Raiz,PB,Nordeste,85.55,42.65,-42.9,79.96,37.31,0.0,0.0,3.5,6.0,4.38,3094.0,5446
1718501,Recursolândia,TO,Norte,53.26,24.16,-29.1,62.1,37.94,0.0,0.0,5.5,4.5,4.06,3421.0,5447
2111250,São José dos Basílios,MA,Nordeste,79.04,37.87,-41.17,76.04,38.17,0.0,0.0,11.1,4.8,4.4,6957.0,5448
4301750,Barão do Triunfo,RS,Sul,72.48,24.0,-48.48,62.18,38.18,0.0,0.0,6.5,,4.96,5889.0,5449
1200328,Jordão,AC,Norte,64.54,38.0,-26.54,77.0,39.0,0.0,0.0,22.8,5.5,4.05,9222.0,5450
2205599,Lagoa do Sítio,PI,Nordeste,74.83,37.58,-37.25,76.71,39.13,0.0,0.0,2.2,5.0,4.42,4520.0,5451
2210409,São Miguel do Tapuio,PI,Nordeste,96.27,53.0,-43.27,92.13,39.13,0.0,0.0,0.0,6.0,4.13,17554.0,5452
2208601,Prata do Piauí,PI,Nordeste,68.63,39.41,-29.22,78.57,39.15,0.0,0.0,7.4,4.8,4.16,3042.0,5453
2209971,São João do Arraial,PI,Nordeste,98.4,55.1,-43.3,94.5,39.4,0.0,0.0,1.1,6.0,3.99,8186.0,5454
2202059,Cabeceiras do Piauí,PI,Nordeste,76.04,44.93,-31.11,84.54,39.61,0.0,0.0,2.2,6.2,4.11,10212.0,5455
2206670,Morro do Chapéu do Piauí,PI,Nordeste,81.97,51.95,-30.02,92.03,40.08,0.0,0.0,9.1,6.9,4.02,6425.0,5456
2205557,Lagoa Alegre,PI,Nordeste,79.88,46.48,-33.4,86.61,40.12,0.0,0.0,0.6,6.4,4.07,8256.0,5457
2706109,Ouro Branco,AL,Nordeste,90.03,45.43,-44.6,85.74,40.32,0.0,0.0,2.9,6.4,4.32,11446.0,5458
2202653,Caxingó,PI,Nordeste,83.61,45.38,-38.23,85.73,40.35,0.0,0.0,12.6,5.5,3.91,5496.0,5459
2400604,Almino Afonso,RN,Nordeste,73.17,35.57,-37.6,76.39,40.83,0.0,0.0,6.6,6.7,4.35,4687.0,5460
2514602,São José do Bonfim,PB,Nordeste,71.35,36.68,-34.67,77.9,41.22,0.0,0.0,5.6,6.3,4.27,3242.0,5461
2919900,Macururé,BA,Nordeste,46.48,24.38,-22.1,66.71,42.33,0.0,0.0,5.1,5.1,4.21,7256.0,5462
2515807,Serra Redonda,PB,Nordeste,96.02,39.71,-56.31,82.09,42.38,0.0,0.0,13.6,5.2,4.1,6828.0,5463
2506608,Ibiara,PB,Nordeste,85.82,38.02,-47.8,80.52,42.49,0.0,0.0,5.1,5.7,4.56,5631.0,5464
2406908,Lucrécia,RN,Nordeste,66.07,23.65,-42.42,66.68,43.03,0.0,0.0,7.0,5.5,4.55,3490.0,5465
2203271,Curral Novo do Piauí,PI,Nordeste,77.86,41.37,-36.49,85.01,43.65,0.0,0.0,1.9,6.4,4.14,5073.0,5466
2206654,Morro Cabeça no Tempo,PI,Nordeste,100.0,48.15,-51.85,92.06,43.91,0.0,0.0,10.9,5.6,4.29,4377.0,5467
2516151,Sossêgo,PB,Nordeste,96.0,43.66,-52.34,87.62,43.97,0.0,0.0,6.3,6.2,4.72,3345.0,5468
1717800,Ponte Alta do Bom Jesus,TO,Norte,77.78,33.35,-44.43,77.47,44.12,0.0,0.0,5.1,5.6,4.67,4220.0,5469
2206753,Nossa Senhora de Nazaré,PI,Nordeste,93.94,46.56,-47.38,91.37,44.81,0.0,0.0,1.9,7.7,4.24,5228.0,5470
2205581,Lagoa do Piauí,PI,Nordeste,57.68,29.54,-28.14,74.34,44.8,0.0,0.0,14.5,5.8,4.26,4810.0,5471
3167509,Simão Pereira,MG,Sudeste,89.83,32.29,-57.54,78.35,46.06,0.0,0.0,12.3,5.3,4.87,2947.0,5472
5101209,Araguainha,MT,Centro-Oeste,92.86,46.96,-45.9,93.54,46.59,0.0,0.0,9.3,8.0,5.07,1010.0,5473
5214804,Nova Aurora,GO,Centro-Oeste,86.36,39.42,-46.94,86.44,47.01,0.0,0.0,0.0,6.0,5.3,2101.0,5474
2101939,Bernardo do Mearim,MA,Nordeste,95.12,37.75,-57.37,85.17,47.42,0.0,0.0,6.6,5.9,4.24,5840.0,5475
2505808,Duas Estradas,PB,Nordeste,95.45,35.49,-59.96,85.95,50.46,0.0,0.0,7.6,6.0,4.23,3327.0,5476
2515005,São Miguel de Taipu,PB,Nordeste,95.19,34.14,-61.05,85.37,51.22,0.0,0.0,12.3,5.9,4.31,7066.0,5477
